accession_id	accession_id	AtMSQTsnp 2	AtMSQTsnp 4	AtMSQTsnp 8	AtMSQTsnp 9	AtMSQTsnp 10	AtMSQTsnp 11	AtMSQTsnp 12	AtMSQTsnp 14	AtMSQTsnp 15	AtMSQTsnp 18	AtMSQTsnp 21	AtMSQTsnp 22	AtMSQTsnp 27	AtMSQTsnp 29	AtMSQTsnp 30	AtMSQTsnp 31	AtMSQTsnp 33	AtMSQTsnp 38	AtMSQTsnp 40	AtMSQTsnp 41	AtMSQTsnp 47	AtMSQTsnp 48	AtMSQTsnp 49	AtMSQTsnp 53	AtMSQTsnp 54	AtMSQTsnp 57	AtMSQTsnp 58	AtMSQTsnp 60	AtMSQTsnp 61	AtMSQTsnp 62	AtMSQTsnp 63	AtMSQTsnp 65	AtMSQTsnp 67	AtMSQTsnp 69	AtMSQTsnp 73	AtMSQTsnp 76	AtMSQTsnp 85	AtMSQTsnp 87	AtMSQTsnp 88	AtMSQTsnp 90	AtMSQTsnp 91	AtMSQTsnp 92	AtMSQTsnp 97	AtMSQTsnp 100	AtMSQTsnp 101	AtMSQTsnp 104	AtMSQTsnp 108	AtMSQTsnp 114	AtMSQTsnp 118	AtMSQTsnp 123	AtMSQTsnp 126	AtMSQTsnp 128	AtMSQTsnp 129	AtMSQTsnp 130	AtMSQTsnp 132	AtMSQTsnp 138	AtMSQTsnp 140	AtMSQTsnp 142	AtMSQTsnp 143	AtMSQTsnp 145	AtMSQTsnp 146	AtMSQTsnp 155	AtMSQTsnp 156	AtMSQTsnp 159	AtMSQTsnp 164	AtMSQTsnp 169	AtMSQTsnp 170	AtMSQTsnp 173	AtMSQTsnp 174	AtMSQTsnp 177	AtMSQTsnp 184	AtMSQTsnp 186	AtMSQTsnp 187	AtMSQTsnp 188	AtMSQTsnp 189	AtMSQTsnp 191	AtMSQTsnp 194	AtMSQTsnp 197	AtMSQTsnp 198	AtMSQTsnp 203	AtMSQTsnp 205	AtMSQTsnp 214	AtMSQTsnp 220	AtMSQTsnp 222	AtMSQTsnp 223	AtMSQTsnp 231	AtMSQTsnp 232	AtMSQTsnp 235	AtMSQTsnp 237	AtMSQTsnp 242	AtMSQTsnp 244	AtMSQTsnp 249	AtMSQTsnp 254	AtMSQTsnp 260	AtMSQTsnp 263	AtMSQTsnp 266	AtMSQTsnp 267	AtMSQTsnp 274	AtMSQTsnp 278	AtMSQTsnp 279	AtMSQTsnp 281	AtMSQTsnp 282	AtMSQTsnp 285	AtMSQTsnp 286	AtMSQTsnp 288	AtMSQTsnp 292	AtMSQTsnp 294	AtMSQTsnp 300	AtMSQTsnp 304	AtMSQTsnp 306	AtMSQTsnp 307	AtMSQTsnp 310	AtMSQTsnp 312	AtMSQTsnp 315	AtMSQTsnp 321	AtMSQTsnp 323	AtMSQTsnp 325	AtMSQTsnp 327	AtMSQTsnp 331	AtMSQTsnp 334	AtMSQTsnp 343	AtMSQTsnp 350	AtMSQTsnp 351	AtMSQTsnp 355	AtMSQTsnp 358	AtMSQTsnp 359	AtMSQTsnp 360	AtMSQTsnp 361	AtMSQTsnp 368	AtMSQTsnp 370	AtMSQTsnp 372	AtMSQTsnp 373	AtMSQTsnp 378	AtMSQTsnp 379	AtMSQTsnp 388	AtMSQTsnp 390	AtMSQTsnp 392	AtMSQTsnp 394	AtMSQTsnp 395	AtMSQTsnp 397	AtMSQTsnp 398	AtMSQTsnp 399	AtMSQTsnp 404	AtMSQTsnp 406	AtMSQTsnp 408	AtMSQTsnp 409	AtMSQTsnp 410	AtMSQTsnp 412	AtMSQTsnp 415
385	385	0	0	0	0	0	0	0	0	0	0	0	0	0	0	0	0	0	0	0	0	0	0	0	0	0	0	0	0	0	0	0	0	0	0	0	0	0	0	0	0	0	0	0	0	0	0	0	0	0	0	0	0	0	0	0	0	0	0	0	0	0	0	0	0	0	0	0	0	0	0	0	0	0	0	0	0	0	0	0	0	0	0	0	0	0	0	0	0	0	0	0	0	0	0	0	0	0	0	0	0	0	0	0	0	0	0	0	0	0	0	0	0	0	0	0	0	0	0	0	0	0	0	0	0	0	0	0	0	0	0	0	0	0	0	0	0	0	0	0	0	0	0	0	0	0	0	0	0	0
386	386	0	0	0	0	0	0	0	0	0	0	0	0	0	0	0	0	0	0	0	0	0	0	0	0	0	0	0	0	0	0	0	0	0	0	0	0	0	0	0	0	0	0	0	0	0	0	0	0	0	0	0	0	0	0	0	0	0	0	0	0	0	0	0	0	0	0	0	0	0	0	0	0	0	0	0	0	0	0	0	0	0	0	0	0	0	0	0	0	0	0	0	0	0	0	0	0	0	0	0	0	0	0	0	0	0	0	0	0	0	0	0	0	0	0	0	0	0	0	0	0	0	0	0	0	0	0	0	0	0	0	0	0	0	0	0	0	0	0	0	0	0	0	0	0	0	0	0	0	0
67	67	3	2	3	3	3	4	3	4	2	2	2	3	3	1	0	4	3	1	2	2	2	4	2	2	1	4	2	4	4	1	2	3	3	3	2	4	1	2	1	4	1	0	2	3	1	4	1	3	1	1	0	3	0	4	4	2	1	4	2	0	3	1	2	4	1	3	2	3	0	3	1	1	1	2	3	1	4	1	4	4	4	1	3	3	1	1	1	3	2	0	1	1	1	2	4	3	2	3	1	4	4	4	4	3	1	2	4	1	2	0	4	2	4	4	2	1	2	0	2	2	2	3	1	4	1	3	3	1	3	3	3	3	3	3	2	2	3	3	1	4	3	3	2	3	1	4	3	1	0
387	387	0	0	0	0	0	0	0	0	0	0	0	0	0	0	0	0	0	0	0	0	0	0	0	0	0	0	0	0	0	0	0	0	0	0	0	0	0	0	0	0	0	0	0	0	0	0	0	0	0	0	0	0	0	0	0	0	0	0	0	0	0	0	0	0	0	0	0	0	0	0	0	0	0	0	0	0	0	0	0	0	0	0	0	0	0	0	0	0	0	0	0	0	0	0	0	0	0	0	0	0	0	0	0	0	0	0	0	0	0	0	0	0	0	0	0	0	0	0	0	0	0	0	0	0	0	0	0	0	0	0	0	0	0	0	0	0	0	0	0	0	0	0	0	0	0	0	0	0	0
315	315	0	0	0	0	0	0	0	0	0	0	0	0	0	0	0	0	0	0	0	0	0	0	0	0	0	0	0	0	0	0	0	0	0	0	0	0	0	0	0	0	0	0	0	0	0	0	0	0	0	0	0	0	0	0	0	0	0	0	0	0	0	0	0	0	0	0	0	0	0	0	0	0	0	0	0	0	0	0	0	0	0	0	0	0	0	0	0	0	0	0	0	0	0	0	0	0	0	4	3	0	0	0	0	0	0	0	0	0	0	0	0	0	0	0	0	0	0	0	0	0	0	0	0	0	0	0	0	0	0	0	0	0	0	0	0	0	0	0	0	0	0	0	0	0	0	0	0	0	0
291	291	0	0	0	0	0	0	0	0	0	0	0	0	0	0	0	0	0	0	0	0	0	0	0	0	0	0	0	0	0	0	0	0	0	0	0	0	0	0	0	0	0	0	0	0	0	0	0	0	0	0	0	0	0	0	0	0	0	0	0	0	0	0	0	0	0	0	0	0	0	0	0	0	0	0	0	0	0	0	0	0	0	0	0	0	0	0	0	0	0	0	0	0	0	0	0	0	0	3	3	2	0	0	0	0	0	0	0	0	0	0	0	0	0	0	0	0	0	0	0	0	0	0	0	0	0	0	0	0	0	0	0	0	0	0	0	0	0	0	0	0	0	0	0	0	0	0	0	0	0
63	63	1	1	3	4	3	2	1	4	4	2	4	1	1	1	2	4	4	0	2	4	2	2	2	2	3	4	2	1	2	1	1	1	1	4	4	4	1	4	3	2	1	0	3	1	3	2	1	1	3	1	3	3	3	2	4	2	2	4	1	4	2	1	2	2	2	3	1	1	3	3	4	1	1	4	3	1	4	1	4	0	2	1	3	4	3	1	2	1	2	2	1	1	2	1	4	4	4	3	3	4	4	4	4	3	1	4	4	1	4	3	4	2	4	1	1	3	2	0	2	2	4	3	1	3	1	4	3	1	1	1	3	1	2	1	2	2	3	1	1	4	2	1	4	1	1	2	3	4	3
303	303	0	0	0	0	0	0	0	0	0	0	0	0	0	0	0	0	0	0	0	0	0	0	0	0	0	0	0	0	0	0	0	0	0	0	0	0	0	0	0	0	0	0	0	0	0	0	0	0	0	0	0	0	0	0	0	0	0	0	0	0	0	0	0	0	0	0	0	0	0	0	0	0	0	0	0	0	0	0	0	0	0	0	0	0	0	0	0	0	0	0	0	0	0	0	0	0	0	3	3	2	0	0	0	0	0	0	0	0	0	0	0	0	0	0	0	0	0	0	0	0	0	0	0	0	0	0	0	0	0	0	0	0	0	0	0	0	0	0	0	0	0	0	0	0	0	0	0	0	0
355	355	0	0	0	0	0	0	0	0	0	0	0	0	0	0	0	0	0	0	0	0	0	0	0	0	0	0	0	0	0	0	0	0	0	0	0	0	0	0	0	0	0	0	0	0	0	0	0	0	0	0	0	0	0	0	0	0	0	0	0	0	0	0	0	0	0	0	0	0	0	0	0	0	0	0	0	0	0	0	0	0	0	0	0	0	0	0	0	0	0	0	0	0	0	0	0	0	0	3	1	4	0	0	0	0	0	0	0	0	0	0	0	0	0	0	0	0	0	0	0	0	0	0	0	0	0	0	0	0	0	0	0	0	0	0	0	0	0	0	0	0	0	0	0	0	0	0	0	0	0
388	388	0	0	0	0	0	0	0	0	0	0	0	0	0	0	0	0	0	0	0	0	0	0	0	0	0	0	0	0	0	0	0	0	0	0	0	0	0	0	0	0	0	0	0	0	0	0	0	0	0	0	0	0	0	0	0	0	0	0	0	0	0	0	0	0	0	0	0	0	0	0	0	0	0	0	0	0	0	0	0	0	0	0	0	0	0	0	0	0	0	0	0	0	0	0	0	0	0	0	0	0	0	0	0	0	0	0	0	0	0	0	0	0	0	0	0	0	0	0	0	0	0	0	0	0	0	0	0	0	0	0	0	0	0	0	0	0	0	0	0	0	0	0	0	0	0	0	0	0	0
357	357	0	0	0	0	0	0	0	0	0	0	0	0	0	0	0	0	0	0	0	0	0	0	0	0	0	0	0	0	0	0	0	0	0	0	0	0	0	0	0	0	0	0	0	0	0	0	0	0	0	0	0	0	0	0	0	0	0	0	0	0	0	0	0	0	0	0	0	0	0	0	0	0	0	0	0	0	0	0	0	0	0	0	0	0	0	0	0	0	0	0	0	0	0	0	0	0	0	3	0	2	0	0	0	0	0	0	0	0	0	0	0	0	0	0	0	0	0	0	0	0	0	0	0	0	0	0	0	0	0	0	0	0	0	0	0	0	0	0	0	0	0	0	0	0	0	0	0	0	0
358	358	0	0	0	0	0	0	0	0	0	0	0	0	0	0	0	0	0	0	0	0	0	0	0	0	0	0	0	0	0	0	0	0	0	0	0	0	0	0	0	0	0	0	0	0	0	0	0	0	0	0	0	0	0	0	0	0	0	0	0	0	0	0	0	0	0	0	0	0	0	0	0	0	0	0	0	0	0	0	0	0	0	0	0	0	0	0	0	0	0	0	0	0	0	0	0	0	0	3	3	2	0	0	0	0	0	0	0	0	0	0	0	0	0	0	0	0	0	0	0	0	0	0	0	0	0	0	0	0	0	0	0	0	0	0	0	0	0	0	0	0	0	0	0	0	0	0	0	0	0
359	359	0	0	0	0	0	0	0	0	0	0	0	0	0	0	0	0	0	0	0	0	0	0	0	0	0	0	0	0	0	0	0	0	0	0	0	0	0	0	0	0	0	0	0	0	0	0	0	0	0	0	0	0	0	0	0	0	0	0	0	0	0	0	0	0	0	0	0	0	0	0	0	0	0	0	0	0	0	0	0	0	0	0	0	0	0	0	0	0	0	0	0	0	0	0	0	0	0	3	3	0	0	0	0	0	0	0	0	0	0	0	0	0	0	0	0	0	0	0	0	0	0	0	0	0	0	0	0	0	0	0	0	0	0	0	0	0	0	0	0	0	0	0	0	0	0	0	0	0	0
360	360	0	0	0	0	0	0	0	0	0	0	0	0	0	0	0	0	0	0	0	0	0	0	0	0	0	0	0	0	0	0	0	0	0	0	0	0	0	0	0	0	0	0	0	0	0	0	0	0	0	0	0	0	0	0	0	0	0	0	0	0	0	0	0	0	0	0	0	0	0	0	0	0	0	0	0	0	0	0	0	0	0	0	0	0	0	0	0	0	0	0	0	0	0	0	0	0	0	3	0	0	0	0	0	0	0	0	0	0	0	0	0	0	0	0	0	0	0	0	0	0	0	0	0	0	0	0	0	0	0	0	0	0	0	0	0	0	0	0	0	0	0	0	0	0	0	0	0	0	0
70	70	3	1	1	3	3	4	3	1	2	2	2	1	3	4	2	4	3	1	2	4	2	2	2	2	3	4	2	1	2	1	2	1	3	4	4	4	4	2	3	2	3	3	2	3	1	2	3	3	1	1	3	3	1	4	2	4	1	4	1	4	1	1	2	4	2	4	1	3	3	3	1	1	1	2	3	1	1	1	4	0	2	3	0	4	3	1	1	1	4	2	1	1	2	2	2	4	2	3	1	2	0	4	4	3	3	2	3	1	2	2	4	1	4	1	1	1	4	0	3	2	4	1	3	4	1	4	4	1	1	3	0	3	3	1	2	4	3	1	1	4	3	1	2	3	1	2	1	1	1
299	299	0	0	0	0	0	0	0	0	0	0	0	0	0	0	0	0	0	0	0	0	0	0	0	0	0	0	0	0	0	0	0	0	0	0	0	0	0	0	0	0	0	0	0	0	0	0	0	0	0	0	0	0	0	0	0	0	0	0	0	0	0	0	0	0	0	0	0	0	0	0	0	0	0	0	0	0	0	0	0	0	0	0	0	0	0	0	0	0	0	0	0	0	0	0	0	0	0	4	3	0	0	0	0	0	0	0	0	0	0	0	0	0	0	0	0	0	0	0	0	0	0	0	0	0	0	0	0	0	0	0	0	0	0	0	0	0	0	0	0	0	0	0	0	0	0	0	0	0	0
15	15	1	1	0	3	1	4	1	4	2	3	4	3	1	4	2	4	3	2	3	4	1	2	4	2	1	2	3	4	4	3	1	1	3	3	4	4	4	2	3	2	3	3	2	3	3	4	3	3	1	1	3	3	3	4	4	4	1	2	2	4	1	1	2	2	2	4	2	3	3	1	4	4	4	4	1	2	1	3	4	0	2	3	1	4	1	0	1	1	2	0	1	3	1	1	2	4	4	3	1	4	4	1	4	3	1	4	3	3	0	3	1	1	4	1	2	0	2	3	3	4	2	3	3	4	1	4	3	1	3	1	1	3	3	1	2	2	3	3	1	3	3	1	2	3	1	4	1	4	0
16	16	1	1	1	3	1	4	1	4	2	3	4	3	1	4	2	4	0	2	3	4	1	2	4	2	1	2	3	4	4	3	1	1	3	3	4	4	4	2	3	2	3	3	2	3	3	4	3	3	1	1	3	3	3	4	4	4	1	2	2	4	1	1	2	2	2	4	2	3	3	1	4	4	4	4	1	2	1	3	4	1	2	3	1	4	1	3	1	1	2	0	1	3	1	1	2	4	4	3	1	4	4	1	4	3	1	4	3	3	4	3	1	0	0	1	2	1	2	3	3	4	2	3	3	4	1	4	3	1	3	1	1	0	3	1	2	2	3	3	1	3	3	1	2	3	1	4	1	4	3
389	389	0	0	0	0	0	0	0	0	0	0	0	0	0	0	0	0	0	0	0	0	0	0	0	0	0	0	0	0	0	0	0	0	0	0	0	0	0	0	0	0	0	0	0	0	0	0	0	0	0	0	0	0	0	0	0	0	0	0	0	0	0	0	0	0	0	0	0	0	0	0	0	0	0	0	0	0	0	0	0	0	0	0	0	0	0	0	0	0	0	0	0	0	0	0	0	0	0	0	0	0	0	0	0	0	0	0	0	0	0	0	0	0	0	0	0	0	0	0	0	0	0	0	0	0	0	0	0	0	0	0	0	0	0	0	0	0	0	0	0	0	0	0	0	0	0	0	0	0	0
316	316	0	0	0	0	0	0	0	0	0	0	0	0	0	0	0	0	0	0	0	0	0	0	0	0	0	0	0	0	0	0	0	0	0	0	0	0	0	0	0	0	0	0	0	0	0	0	0	0	0	0	0	0	0	0	0	0	0	0	0	0	0	0	0	0	0	0	0	0	0	0	0	0	0	0	0	0	0	0	0	0	0	0	0	0	0	0	0	0	0	0	0	0	0	0	0	0	0	4	1	0	0	0	0	0	0	0	0	0	0	0	0	0	0	0	0	0	0	0	0	0	0	0	0	0	0	0	0	0	0	0	0	0	0	0	0	0	0	0	0	0	0	0	0	0	0	0	0	0	0
390	390	0	0	0	0	0	0	0	0	0	0	0	0	0	0	0	0	0	0	0	0	0	0	0	0	0	0	0	0	0	0	0	0	0	0	0	0	0	0	0	0	0	0	0	0	0	0	0	0	0	0	0	0	0	0	0	0	0	0	0	0	0	0	0	0	0	0	0	0	0	0	0	0	0	0	0	0	0	0	0	0	0	0	0	0	0	0	0	0	0	0	0	0	0	0	0	0	0	0	0	0	0	0	0	0	0	0	0	0	0	0	0	0	0	0	0	0	0	0	0	0	0	0	0	0	0	0	0	0	0	0	0	0	0	0	0	0	0	0	0	0	0	0	0	0	0	0	0	0	0
317	317	0	0	0	0	0	0	0	0	0	0	0	0	0	0	0	0	0	0	0	0	0	0	0	0	0	0	0	0	0	0	0	0	0	0	0	0	0	0	0	0	0	0	0	0	0	0	0	0	0	0	0	0	0	0	0	0	0	0	0	0	0	0	0	0	0	0	0	0	0	0	0	0	0	0	0	0	0	0	0	0	0	0	0	0	0	0	0	0	0	0	0	0	0	0	0	0	0	3	1	2	0	0	0	0	0	0	0	0	0	0	0	0	0	0	0	0	0	0	0	0	0	0	0	0	0	0	0	0	0	0	0	0	0	0	0	0	0	0	0	0	0	0	0	0	0	0	0	0	0
350	350	0	0	0	0	0	0	0	0	0	0	0	0	0	0	0	0	0	0	0	0	0	0	0	0	0	0	0	0	0	0	0	0	0	0	0	0	0	0	0	0	0	0	0	0	0	0	0	0	0	0	0	0	0	0	0	0	0	0	0	0	0	0	0	0	0	0	0	0	0	0	0	0	0	0	0	0	0	0	0	0	0	0	0	0	0	0	0	0	0	0	0	0	0	0	0	0	0	0	3	4	0	0	0	0	0	0	0	0	0	0	0	0	0	0	0	0	0	0	0	0	0	0	0	0	0	0	0	0	0	0	0	0	0	0	0	0	0	0	0	0	0	0	0	0	0	0	0	0	0
27	27	1	2	0	3	3	2	1	4	2	2	2	3	3	4	2	3	3	1	3	2	0	4	4	2	1	4	3	0	2	3	2	1	3	4	4	4	1	4	1	4	3	3	3	1	3	4	1	1	3	3	0	4	3	4	2	4	2	0	1	4	1	3	4	4	1	3	2	1	1	1	4	4	1	4	1	2	1	1	4	4	2	1	3	4	3	3	1	1	2	4	1	1	2	2	4	4	0	4	3	4	2	4	4	2	3	4	4	1	2	2	4	2	2	4	2	1	4	4	3	2	2	3	3	4	1	3	3	3	1	3	3	3	2	3	2	4	1	3	1	3	2	3	4	3	3	2	1	1	0
28	28	1	1	1	3	3	2	1	4	4	2	4	3	3	4	2	3	3	1	2	2	1	2	2	4	1	4	2	1	4	1	1	1	3	0	4	4	1	4	3	4	1	3	2	1	1	4	1	3	3	1	3	0	3	4	2	4	1	2	2	4	1	1	2	2	1	3	2	1	1	3	4	4	1	4	1	2	4	1	4	4	2	3	3	4	3	3	1	1	2	4	1	1	2	1	4	3	0	3	3	4	2	4	4	3	3	4	3	1	4	2	4	2	4	0	0	1	0	3	3	2	4	3	3	4	1	4	3	3	3	3	1	3	3	3	1	2	3	1	3	3	2	3	4	1	1	2	1	4	1
65	65	3	1	0	4	3	4	3	1	4	2	2	1	3	4	2	3	3	2	2	2	1	4	2	4	3	4	2	4	2	1	1	1	3	3	2	4	1	2	3	2	3	3	2	3	3	4	1	3	1	1	1	3	3	2	4	2	2	4	1	4	1	1	2	4	0	3	1	3	1	3	0	1	1	4	1	2	4	1	4	1	2	3	3	4	3	1	1	3	2	2	1	3	1	2	2	4	2	3	1	4	4	1	4	2	1	4	3	1	0	0	4	2	4	0	2	1	4	4	2	2	2	3	1	4	1	3	3	1	3	3	1	3	2	1	2	2	3	1	3	3	2	1	2	3	1	2	1	1	1
354	354	0	0	0	0	0	0	0	0	0	0	0	0	0	0	0	0	0	0	0	0	0	0	0	0	0	0	0	0	0	0	0	0	0	0	0	0	0	0	0	0	0	0	0	0	0	0	0	0	0	0	0	0	0	0	0	0	0	0	0	0	0	0	0	0	0	0	0	0	0	0	0	0	0	0	0	0	0	0	0	0	0	0	0	0	0	0	0	0	0	0	0	0	0	0	0	0	0	3	3	4	0	0	0	0	0	0	0	0	0	0	0	0	0	0	0	0	0	0	0	0	0	0	0	0	0	0	0	0	0	0	0	0	0	0	0	0	0	0	0	0	0	0	0	0	0	0	0	0	0
318	318	0	0	0	0	0	0	0	0	0	0	0	0	0	0	0	0	0	0	0	0	0	0	0	0	0	0	0	0	0	0	0	0	0	0	0	0	0	0	0	0	0	0	0	0	0	0	0	0	0	0	0	0	0	0	0	0	0	0	0	0	0	0	0	0	0	0	0	0	0	0	0	0	0	0	0	0	0	0	0	0	0	0	0	0	0	0	0	0	0	0	0	0	0	0	0	0	0	3	3	4	0	0	0	0	0	0	0	0	0	0	0	0	0	0	0	0	0	0	0	0	0	0	0	0	0	0	0	0	0	0	0	0	0	0	0	0	0	0	0	0	0	0	0	0	0	0	0	0	0
305	305	0	0	0	0	0	0	0	0	0	0	0	0	0	0	0	0	0	0	0	0	0	0	0	0	0	0	0	0	0	0	0	0	0	0	0	0	0	0	0	0	0	0	0	0	0	0	0	0	0	0	0	0	0	0	0	0	0	0	0	0	0	0	0	0	0	0	0	0	0	0	0	0	0	0	0	0	0	0	0	0	0	0	0	0	0	0	0	0	0	0	0	0	0	0	0	0	0	4	1	0	0	0	0	0	0	0	0	0	0	0	0	0	0	0	0	0	0	0	0	0	0	0	0	0	0	0	0	0	0	0	0	0	0	0	0	0	0	0	0	0	0	0	0	0	0	0	0	0	0
93	93	1	1	1	3	1	4	1	1	2	3	2	3	1	4	2	4	4	1	3	2	2	2	2	4	3	4	2	1	4	1	2	1	1	3	2	4	4	2	3	4	3	3	0	1	3	4	3	3	1	0	1	3	1	4	4	4	1	2	2	2	1	3	4	2	2	4	0	3	3	1	1	4	1	2	3	1	1	0	2	4	4	3	1	4	3	3	2	1	4	2	1	3	1	1	0	4	0	3	3	4	2	4	4	2	3	2	3	3	4	0	4	1	4	1	1	1	0	4	3	2	2	1	3	4	3	4	4	1	3	1	0	1	3	1	2	2	3	1	3	4	2	1	2	3	1	4	1	1	0
57	57	3	1	3	4	3	4	1	1	2	2	2	1	3	4	2	3	3	1	2	2	2	2	4	4	3	4	2	1	4	1	2	1	3	4	2	2	4	2	3	4	1	0	3	3	1	4	1	3	1	1	0	3	3	2	4	2	2	4	2	4	1	3	4	4	1	4	2	3	1	3	4	1	1	2	1	1	1	3	4	0	2	3	3	4	1	1	1	3	2	4	1	1	1	2	4	4	2	4	3	4	2	4	4	3	3	2	3	3	2	0	1	1	4	0	2	1	2	0	2	2	4	1	1	4	1	4	0	1	1	3	1	3	4	1	2	2	3	3	3	3	2	1	2	3	1	4	1	1	0
391	391	0	0	0	0	0	0	0	0	0	0	0	0	0	0	0	0	0	0	0	0	0	0	0	0	0	0	0	0	0	0	0	0	0	0	0	0	0	0	0	0	0	0	0	0	0	0	0	0	0	0	0	0	0	0	0	0	0	0	0	0	0	0	0	0	0	0	0	0	0	0	0	0	0	0	0	0	0	0	0	0	0	0	0	0	0	0	0	0	0	0	0	0	0	0	0	0	0	0	0	0	0	0	0	0	0	0	0	0	0	0	0	0	0	0	0	0	0	0	0	0	0	0	0	0	0	0	0	0	0	0	0	0	0	0	0	0	0	0	0	0	0	0	0	0	0	0	0	0	0
392	392	0	0	0	0	0	0	0	0	0	0	0	0	0	0	0	0	0	0	0	0	0	0	0	0	0	0	0	0	0	0	0	0	0	0	0	0	0	0	0	0	0	0	0	0	0	0	0	0	0	0	0	0	0	0	0	0	0	0	0	0	0	0	0	0	0	0	0	0	0	0	0	0	0	0	0	0	0	0	0	0	0	0	0	0	0	0	0	0	0	0	0	0	0	0	0	0	0	0	0	0	0	0	0	0	0	0	0	0	0	0	0	0	0	0	0	0	0	0	0	0	0	0	0	0	0	0	0	0	0	0	0	0	0	0	0	0	0	0	0	0	0	0	0	0	0	0	0	0	0
319	319	0	0	0	0	0	0	0	0	0	0	0	0	0	0	0	0	0	0	0	0	0	0	0	0	0	0	0	0	0	0	0	0	0	0	0	0	0	0	0	0	0	0	0	0	0	0	0	0	0	0	0	0	0	0	0	0	0	0	0	0	0	0	0	0	0	0	0	0	0	0	0	0	0	0	0	0	0	0	0	0	0	0	0	0	0	0	0	0	0	0	0	0	0	0	0	0	0	4	3	4	0	0	0	0	0	0	0	0	0	0	0	0	0	0	0	0	0	0	0	0	0	0	0	0	0	0	0	0	0	0	0	0	0	0	0	0	0	0	0	0	0	0	0	0	0	0	0	0	0
320	320	0	0	0	0	0	0	0	0	0	0	0	0	0	0	0	0	0	0	0	0	0	0	0	0	0	0	0	0	0	0	0	0	0	0	0	0	0	0	0	0	0	0	0	0	0	0	0	0	0	0	0	0	0	0	0	0	0	0	0	0	0	0	0	0	0	0	0	0	0	0	0	0	0	0	0	0	0	0	0	0	0	0	0	0	0	0	0	0	0	0	0	0	0	0	0	0	0	4	3	2	0	0	0	0	0	0	0	0	0	0	0	0	0	0	0	0	0	0	0	0	0	0	0	0	0	0	0	0	0	0	0	0	0	0	0	0	0	0	0	0	0	0	0	0	0	0	0	0	0
393	393	0	0	0	0	0	0	0	0	0	0	0	0	0	0	0	0	0	0	0	0	0	0	0	0	0	0	0	0	0	0	0	0	0	0	0	0	0	0	0	0	0	0	0	0	0	0	0	0	0	0	0	0	0	0	0	0	0	0	0	0	0	0	0	0	0	0	0	0	0	0	0	0	0	0	0	0	0	0	0	0	0	0	0	0	0	0	0	0	0	0	0	0	0	0	0	0	0	0	0	0	0	0	0	0	0	0	0	0	0	0	0	0	0	0	0	0	0	0	0	0	0	0	0	0	0	0	0	0	0	0	0	0	0	0	0	0	0	0	0	0	0	0	0	0	0	0	0	0	0
40	40	1	2	1	4	1	2	1	4	2	0	2	3	3	1	2	3	4	2	2	4	1	2	4	4	1	4	2	1	4	1	1	3	3	3	4	4	4	2	3	2	3	3	3	3	3	2	1	3	1	3	3	3	3	4	2	4	2	2	1	4	3	1	2	2	2	3	1	1	0	3	4	1	1	2	1	1	1	1	4	4	2	3	1	4	3	3	2	1	2	4	3	1	2	1	4	3	2	4	3	4	4	1	4	3	3	4	4	1	0	0	1	1	2	0	2	3	2	3	2	4	4	1	1	4	3	3	4	1	1	1	3	1	3	3	1	2	1	1	3	3	3	1	2	1	1	2	3	1	1
39	39	1	1	1	4	3	2	3	1	4	2	2	3	1	4	4	3	3	0	2	4	1	4	2	4	3	4	2	4	2	1	2	3	3	4	2	4	1	4	3	4	1	3	3	3	3	4	1	1	3	3	3	3	3	4	4	2	1	2	2	2	2	1	2	2	1	4	1	1	1	3	4	4	1	4	3	1	1	3	2	4	2	3	3	3	1	1	1	3	2	4	1	1	2	2	4	3	4	4	3	4	2	4	2	2	3	2	3	1	2	3	4	1	2	4	1	3	2	4	2	2	2	1	1	3	3	4	3	1	1	3	3	0	3	3	1	2	3	3	3	3	3	3	2	1	1	2	1	1	0
394	394	0	0	0	0	0	0	0	0	0	0	0	0	0	0	0	0	0	0	0	0	0	0	0	0	0	0	0	0	0	0	0	0	0	0	0	0	0	0	0	0	0	0	0	0	0	0	0	0	0	0	0	0	0	0	0	0	0	0	0	0	0	0	0	0	0	0	0	0	0	0	0	0	0	0	0	0	0	0	0	0	0	0	0	0	0	0	0	0	0	0	0	0	0	0	0	0	0	0	0	0	0	0	0	0	0	0	0	0	0	0	0	0	0	0	0	0	0	0	0	0	0	0	0	0	0	0	0	0	0	0	0	0	0	0	0	0	0	0	0	0	0	0	0	0	0	0	0	0	0
321	321	0	0	0	0	0	0	0	0	0	0	0	0	0	0	0	0	0	0	0	0	0	0	0	0	0	0	0	0	0	0	0	0	0	0	0	0	0	0	0	0	0	0	0	0	0	0	0	0	0	0	0	0	0	0	0	0	0	0	0	0	0	0	0	0	0	0	0	0	0	0	0	0	0	0	0	0	0	0	0	0	0	0	0	0	0	0	0	0	0	0	0	0	0	0	0	0	0	4	0	0	0	0	0	0	0	0	0	0	0	0	0	0	0	0	0	0	0	0	0	0	0	0	0	0	0	0	0	0	0	0	0	0	0	0	0	0	0	0	0	0	0	0	0	0	0	0	0	0	0
62	62	3	2	1	3	3	2	3	4	2	2	2	1	1	4	0	4	4	1	2	2	1	2	4	4	1	4	2	1	2	1	2	3	3	3	4	4	1	4	1	4	3	3	2	3	3	2	1	1	1	1	3	4	1	2	2	4	2	2	1	2	1	3	4	2	2	3	1	3	1	3	4	4	4	2	1	2	4	1	4	4	2	1	1	4	1	3	1	1	2	4	1	1	1	2	2	4	4	4	1	4	2	4	4	3	1	4	3	1	4	3	1	1	4	1	2	3	2	4	3	2	4	3	3	3	3	3	3	3	3	1	3	1	2	1	1	2	1	1	1	3	3	3	4	1	1	2	3	1	1
76	76	3	1	3	4	3	2	1	1	2	3	2	1	3	4	2	4	4	1	2	2	1	2	2	4	1	2	2	1	0	3	2	1	3	3	4	4	1	4	3	2	1	1	3	1	3	4	3	3	1	1	3	3	3	4	4	4	1	0	1	0	1	1	4	4	2	3	2	1	0	1	4	4	1	2	3	2	4	1	2	1	2	3	3	4	3	3	2	1	2	2	1	3	2	2	4	3	4	3	3	4	2	1	4	2	3	4	3	3	4	2	1	1	4	1	0	1	0	3	2	2	4	3	3	4	3	4	3	3	1	3	0	0	3	3	2	2	3	1	1	3	2	1	4	1	3	2	1	4	1
51	51	3	1	1	4	3	2	1	4	2	2	4	1	1	4	4	3	3	1	3	2	1	2	4	4	3	4	2	1	2	3	0	1	1	3	2	2	4	4	3	4	1	3	2	3	3	4	3	3	3	1	0	3	3	0	2	4	-1	0	1	4	1	1	4	2	1	4	2	3	3	1	4	4	1	2	1	2	1	3	2	1	4	3	1	4	1	1	2	3	2	2	3	1	2	2	2	4	2	3	3	2	4	4	2	0	1	0	4	3	4	0	1	2	4	1	2	1	2	3	3	2	2	3	3	3	3	4	3	1	1	1	1	3	2	3	2	2	3	3	3	3	2	3	2	1	3	4	3	0	3
397	397	0	0	0	0	0	0	0	0	0	0	0	0	0	0	0	0	0	0	0	0	0	0	0	0	0	0	0	0	0	0	0	0	0	0	0	0	0	0	0	0	0	0	0	0	0	0	0	0	0	0	0	0	0	0	0	0	0	0	0	0	0	0	0	0	0	0	0	0	0	0	0	0	0	0	0	0	0	0	0	0	0	0	0	0	0	0	0	0	0	0	0	0	0	0	0	0	0	0	0	0	0	0	0	0	0	0	0	0	0	0	0	0	0	0	0	0	0	0	0	0	0	0	0	0	0	0	0	0	0	0	0	0	0	0	0	0	0	0	0	0	0	0	0	0	0	0	0	0	0
396	396	0	0	0	0	0	0	0	0	0	0	0	0	0	0	0	0	0	0	0	0	0	0	0	0	0	0	0	0	0	0	0	0	0	0	0	0	0	0	0	0	0	0	0	0	0	0	0	0	0	0	0	0	0	0	0	0	0	0	0	0	0	0	0	0	0	0	0	0	0	0	0	0	0	0	0	0	0	0	0	0	0	0	0	0	0	0	0	0	0	0	0	0	0	0	0	0	0	0	0	0	0	0	0	0	0	0	0	0	0	0	0	0	0	0	0	0	0	0	0	0	0	0	0	0	0	0	0	0	0	0	0	0	0	0	0	0	0	0	0	0	0	0	0	0	0	0	0	0	0
398	398	0	0	0	0	0	0	0	0	0	0	0	0	0	0	0	0	0	0	0	0	0	0	0	0	0	0	0	0	0	0	0	0	0	0	0	0	0	0	0	0	0	0	0	0	0	0	0	0	0	0	0	0	0	0	0	0	0	0	0	0	0	0	0	0	0	0	0	0	0	0	0	0	0	0	0	0	0	0	0	0	0	0	0	0	0	0	0	0	0	0	0	0	0	0	0	0	0	0	0	0	0	0	0	0	0	0	0	0	0	0	0	0	0	0	0	0	0	0	0	0	0	0	0	0	0	0	0	0	0	0	0	0	0	0	0	0	0	0	0	0	0	0	0	0	0	0	0	0	0
297	297	0	0	0	0	0	0	0	0	0	0	0	0	0	0	0	0	0	0	0	0	0	0	0	0	0	0	0	0	0	0	0	0	0	0	0	0	0	0	0	0	0	0	0	0	0	0	0	0	0	0	0	0	0	0	0	0	0	0	0	0	0	0	0	0	0	0	0	0	0	0	0	0	0	0	0	0	0	0	0	0	0	0	0	0	0	0	0	0	0	0	0	0	0	0	0	0	0	3	0	4	0	0	0	0	0	0	0	0	0	0	0	0	0	0	0	0	0	0	0	0	0	0	0	0	0	0	0	0	0	0	0	0	0	0	0	0	0	0	0	0	0	0	0	0	0	0	0	0	0
352	352	0	0	0	0	0	0	0	0	0	0	0	0	0	0	0	0	0	0	0	0	0	0	0	0	0	0	0	0	0	0	0	0	0	0	0	0	0	0	0	0	0	0	0	0	0	0	0	0	0	0	0	0	0	0	0	0	0	0	0	0	0	0	0	0	0	0	0	0	0	0	0	0	0	0	0	0	0	0	0	0	0	0	0	0	0	0	0	0	0	0	0	0	0	0	0	0	0	3	0	4	0	0	0	0	0	0	0	0	0	0	0	0	0	0	0	0	0	0	0	0	0	0	0	0	0	0	0	0	0	0	0	0	0	0	0	0	0	0	0	0	0	0	0	0	0	0	0	0	0
399	399	0	0	0	0	0	0	0	0	0	0	0	0	0	0	0	0	0	0	0	0	0	0	0	0	0	0	0	0	0	0	0	0	0	0	0	0	0	0	0	0	0	0	0	0	0	0	0	0	0	0	0	0	0	0	0	0	0	0	0	0	0	0	0	0	0	0	0	0	0	0	0	0	0	0	0	0	0	0	0	0	0	0	0	0	0	0	0	0	0	0	0	0	0	0	0	0	0	0	0	0	0	0	0	0	0	0	0	0	0	0	0	0	0	0	0	0	0	0	0	0	0	0	0	0	0	0	0	0	0	0	0	0	0	0	0	0	0	0	0	0	0	0	0	0	0	0	0	0	0
400	400	0	0	0	0	0	0	0	0	0	0	0	0	0	0	0	0	0	0	0	0	0	0	0	0	0	0	0	0	0	0	0	0	0	0	0	0	0	0	0	0	0	0	0	0	0	0	0	0	0	0	0	0	0	0	0	0	0	0	0	0	0	0	0	0	0	0	0	0	0	0	0	0	0	0	0	0	0	0	0	0	0	0	0	0	0	0	0	0	0	0	0	0	0	0	0	0	0	0	0	0	0	0	0	0	0	0	0	0	0	0	0	0	0	0	0	0	0	0	0	0	0	0	0	0	0	0	0	0	0	0	0	0	0	0	0	0	0	0	0	0	0	0	0	0	0	0	0	0	0
361	361	0	0	0	0	0	0	0	0	0	0	0	0	0	0	0	0	0	0	0	0	0	0	0	0	0	0	0	0	0	0	0	0	0	0	0	0	0	0	0	0	0	0	0	0	0	0	0	0	0	0	0	0	0	0	0	0	0	0	0	0	0	0	0	0	0	0	0	0	0	0	0	0	0	0	0	0	0	0	0	0	0	0	0	0	0	0	0	0	0	0	0	0	0	0	0	0	0	3	0	2	0	0	0	0	0	0	0	0	0	0	0	0	0	0	0	0	0	0	0	0	0	0	0	0	0	0	0	0	0	0	0	0	0	0	0	0	0	0	0	0	0	0	0	0	0	0	0	0	0
381	381	0	0	0	0	0	0	0	0	0	0	0	0	0	0	0	0	0	0	0	0	0	0	0	0	0	0	0	0	0	0	0	0	0	0	0	0	0	0	0	0	0	0	0	0	0	0	0	0	0	0	0	0	0	0	0	0	0	0	0	0	0	0	0	0	0	0	0	0	0	0	0	0	0	0	0	0	0	0	0	0	0	0	0	0	0	0	0	0	0	0	0	0	0	0	0	0	0	4	6	9	0	0	0	0	0	0	0	0	0	0	0	0	0	0	0	0	0	0	0	0	0	0	0	0	0	0	0	0	0	0	0	0	0	0	0	0	0	0	0	0	0	0	0	0	0	0	0	0	0
382	382	0	0	0	0	0	0	0	0	0	0	0	0	0	0	0	0	0	0	0	0	0	0	0	0	0	0	0	0	0	0	0	0	0	0	0	0	0	0	0	0	0	0	0	0	0	0	0	0	0	0	0	0	0	0	0	0	0	0	0	0	0	0	0	0	0	0	0	0	0	0	0	0	0	0	0	0	0	0	0	0	0	0	0	0	0	0	0	0	0	0	0	0	0	0	0	0	0	4	1	4	0	0	0	0	0	0	0	0	0	0	0	0	0	0	0	0	0	0	0	0	0	0	0	0	0	0	0	0	0	0	0	0	0	0	0	0	0	0	0	0	0	0	0	0	0	0	0	0	0
378	378	0	0	0	0	0	0	0	0	0	0	0	0	0	0	0	0	0	0	0	0	0	0	0	0	0	0	0	0	0	0	0	0	0	0	0	0	0	0	0	0	0	0	0	0	0	0	0	0	0	0	0	0	0	0	0	0	0	0	0	0	0	0	0	0	0	0	0	0	0	0	0	0	0	0	0	0	0	0	0	0	0	0	0	0	0	0	0	0	0	0	0	0	0	0	0	0	0	4	1	4	0	0	0	0	0	0	0	0	0	0	0	0	0	0	0	0	0	0	0	0	0	0	0	0	0	0	0	0	0	0	0	0	0	0	0	0	0	0	0	0	0	0	0	0	0	0	0	0	0
9	9	1	1	0	3	1	4	3	4	2	3	4	3	3	4	2	4	3	2	3	2	1	2	4	0	3	2	2	4	2	1	2	3	1	3	4	4	1	2	0	0	3	0	2	3	3	4	3	3	1	1	3	4	1	4	2	2	1	0	0	4	1	0	0	4	2	4	2	3	0	1	0	1	1	2	3	1	4	3	4	1	2	3	0	4	1	3	1	1	4	2	1	3	1	1	4	4	4	4	3	2	2	1	2	2	1	4	4	3	4	3	4	1	4	4	2	1	2	4	3	4	4	3	3	4	1	4	0	1	1	1	0	1	2	1	2	2	1	1	3	3	2	1	2	1	3	4	1	4	0
10	10	1	2	0	4	3	4	3	4	2	3	2	3	3	1	2	4	3	2	3	2	1	2	4	0	1	4	3	4	2	1	2	1	1	0	4	0	4	2	3	2	3	3	2	3	1	4	3	3	1	1	0	4	1	4	2	2	1	4	1	4	1	1	0	4	0	4	2	3	3	1	0	1	0	4	1	2	4	1	4	0	2	3	1	4	1	3	1	1	4	2	1	3	-1	0	0	4	4	4	3	4	2	0	2	2	1	4	4	3	4	3	4	0	4	4	2	1	2	4	3	4	4	3	3	4	1	3	3	3	1	1	3	1	3	1	2	2	0	3	3	4	2	1	2	1	1	4	1	4	0
94	94	1	2	1	3	3	2	1	1	2	3	4	3	1	1	4	4	4	1	3	4	2	2	4	4	1	4	3	1	2	1	2	1	1	3	4	4	4	2	3	2	3	3	2	3	3	4	3	3	0	3	1	4	1	4	2	4	2	2	1	4	3	3	4	4	1	3	1	3	3	3	4	1	1	2	0	2	1	0	4	4	0	1	1	4	1	3	1	1	2	2	3	1	2	2	4	4	0	4	1	2	2	4	4	3	1	2	4	1	2	3	1	1	4	4	0	1	4	0	3	4	4	1	3	4	3	3	3	3	1	3	0	1	2	1	2	4	3	1	1	3	3	3	2	3	3	4	1	1	1
374	374	0	0	0	0	0	0	0	0	0	0	0	0	0	0	0	0	0	0	0	0	0	0	0	0	0	0	0	0	0	0	0	0	0	0	0	0	0	0	0	0	0	0	0	0	0	0	0	0	0	0	0	0	0	0	0	0	0	0	0	0	0	0	0	0	0	0	0	0	0	0	0	0	0	0	0	0	0	0	0	0	0	0	0	0	0	0	0	0	0	0	0	0	0	0	0	0	0	3	3	4	0	0	0	0	0	0	0	0	0	0	0	0	0	0	0	0	0	0	0	0	0	0	0	0	0	0	0	0	0	0	0	0	0	0	0	0	0	0	0	0	0	0	0	0	0	0	0	0	0
53	53	3	2	1	4	3	4	1	4	2	3	4	3	1	1	4	3	3	1	2	2	2	2	2	2	1	2	2	1	0	1	1	1	3	3	2	4	1	4	1	4	3	3	2	3	3	2	3	1	3	1	3	3	1	4	4	2	2	4	2	0	3	3	4	4	2	3	2	1	3	3	1	4	1	2	3	1	1	1	2	1	2	1	1	3	3	1	1	3	2	2	1	1	2	1	2	4	4	3	3	4	2	4	4	3	3	4	4	1	4	2	1	1	2	4	0	3	0	4	2	4	4	3	3	3	3	3	4	3	1	0	1	3	2	1	2	2	0	3	1	4	2	3	2	1	3	2	1	1	0
401	401	0	0	0	0	0	0	0	0	0	0	0	0	0	0	0	0	0	0	0	0	0	0	0	0	0	0	0	0	0	0	0	0	0	0	0	0	0	0	0	0	0	0	0	0	0	0	0	0	0	0	0	0	0	0	0	0	0	0	0	0	0	0	0	0	0	0	0	0	0	0	0	0	0	0	0	0	0	0	0	0	0	0	0	0	0	0	0	0	0	0	0	0	0	0	0	0	0	0	0	0	0	0	0	0	0	0	0	0	0	0	0	0	0	0	0	0	0	0	0	0	0	0	0	0	0	0	0	0	0	0	0	0	0	0	0	0	0	0	0	0	0	0	0	0	0	0	0	0	0
301	301	0	0	0	0	0	0	0	0	0	0	0	0	0	0	0	0	0	0	0	0	0	0	0	0	0	0	0	0	0	0	0	0	0	0	0	0	0	0	0	0	0	0	0	0	0	0	0	0	0	0	0	0	0	0	0	0	0	0	0	0	0	0	0	0	0	0	0	0	0	0	0	0	0	0	0	0	0	0	0	0	0	0	0	0	0	0	0	0	0	0	0	0	0	0	0	0	0	3	3	4	0	0	0	0	0	0	0	0	0	0	0	0	0	0	0	0	0	0	0	0	0	0	0	0	0	0	0	0	0	0	0	0	0	0	0	0	0	0	0	0	0	0	0	0	0	0	0	0	0
403	403	0	0	0	0	0	0	0	0	0	0	0	0	0	0	0	0	0	0	0	0	0	0	0	0	0	0	0	0	0	0	0	0	0	0	0	0	0	0	0	0	0	0	0	0	0	0	0	0	0	0	0	0	0	0	0	0	0	0	0	0	0	0	0	0	0	0	0	0	0	0	0	0	0	0	0	0	0	0	0	0	0	0	0	0	0	0	0	0	0	0	0	0	0	0	0	0	0	0	0	0	0	0	0	0	0	0	0	0	0	0	0	0	0	0	0	0	0	0	0	0	0	0	0	0	0	0	0	0	0	0	0	0	0	0	0	0	0	0	0	0	0	0	0	0	0	0	0	0	0
404	404	0	0	0	0	0	0	0	0	0	0	0	0	0	0	0	0	0	0	0	0	0	0	0	0	0	0	0	0	0	0	0	0	0	0	0	0	0	0	0	0	0	0	0	0	0	0	0	0	0	0	0	0	0	0	0	0	0	0	0	0	0	0	0	0	0	0	0	0	0	0	0	0	0	0	0	0	0	0	0	0	0	0	0	0	0	0	0	0	0	0	0	0	0	0	0	0	0	0	0	0	0	0	0	0	0	0	0	0	0	0	0	0	0	0	0	0	0	0	0	0	0	0	0	0	0	0	0	0	0	0	0	0	0	0	0	0	0	0	0	0	0	0	0	0	0	0	0	0	0
405	405	0	0	0	0	0	0	0	0	0	0	0	0	0	0	0	0	0	0	0	0	0	0	0	0	0	0	0	0	0	0	0	0	0	0	0	0	0	0	0	0	0	0	0	0	0	0	0	0	0	0	0	0	0	0	0	0	0	0	0	0	0	0	0	0	0	0	0	0	0	0	0	0	0	0	0	0	0	0	0	0	0	0	0	0	0	0	0	0	0	0	0	0	0	0	0	0	0	0	0	0	0	0	0	0	0	0	0	0	0	0	0	0	0	0	0	0	0	0	0	0	0	0	0	0	0	0	0	0	0	0	0	0	0	0	0	0	0	0	0	0	0	0	0	0	0	0	0	0	0
66	66	3	2	1	4	1	4	3	4	2	3	4	3	1	4	0	4	4	1	3	4	1	4	4	2	1	4	2	4	4	1	1	1	3	4	2	2	1	2	0	4	3	0	2	3	3	2	3	1	3	3	3	4	3	4	2	2	1	0	1	2	1	3	4	2	2	3	1	1	1	3	4	4	4	2	3	2	4	1	2	1	2	1	3	4	3	1	1	1	2	2	3	3	1	0	4	4	4	4	1	4	0	1	2	2	1	2	3	1	0	2	4	2	4	4	2	1	2	0	3	2	4	3	3	4	3	3	0	3	1	1	0	3	2	1	2	2	1	1	1	3	2	1	4	3	1	4	1	4	0
406	406	0	0	0	0	0	0	0	0	0	0	0	0	0	0	0	0	0	0	0	0	0	0	0	0	0	0	0	0	0	0	0	0	0	0	0	0	0	0	0	0	0	0	0	0	0	0	0	0	0	0	0	0	0	0	0	0	0	0	0	0	0	0	0	0	0	0	0	0	0	0	0	0	0	0	0	0	0	0	0	0	0	0	0	0	0	0	0	0	0	0	0	0	0	0	0	0	0	0	0	0	0	0	0	0	0	0	0	0	0	0	0	0	0	0	0	0	0	0	0	0	0	0	0	0	0	0	0	0	0	0	0	0	0	0	0	0	0	0	0	0	0	0	0	0	0	0	0	0	0
13	13	1	2	0	3	1	4	1	4	2	3	4	3	1	1	2	4	3	2	3	4	1	2	4	2	1	2	2	4	2	1	2	3	1	3	4	4	4	4	1	2	3	1	2	1	3	2	3	3	1	3	3	4	0	4	2	2	1	4	1	4	1	3	4	2	1	4	2	3	0	1	4	4	0	2	3	1	4	0	2	4	2	3	1	4	1	1	2	1	0	2	1	3	2	1	2	4	4	4	3	4	2	4	2	2	3	4	4	3	2	3	1	1	4	4	2	1	0	4	3	4	2	1	3	4	1	4	3	1	3	1	3	1	3	1	1	2	0	1	3	3	3	1	2	1	3	4	3	4	3
14	14	1	2	0	3	1	4	1	4	2	3	4	3	1	1	2	4	3	2	3	4	1	2	4	2	1	4	3	1	4	3	2	3	3	3	4	4	1	2	1	2	3	3	8	1	3	2	3	3	3	1	3	4	0	4	2	0	1	4	1	4	1	3	4	2	1	4	2	3	3	1	4	1	1	4	1	2	1	3	4	1	4	3	1	4	1	1	2	1	2	2	1	1	1	2	2	4	4	4	3	2	2	7	2	2	0	4	4	3	0	3	4	1	4	4	2	1	2	3	2	4	2	1	3	4	1	4	3	1	1	1	1	3	3	1	1	2	1	1	3	3	3	1	2	1	3	4	3	1	3
82	82	3	2	1	4	1	4	3	1	2	2	2	3	1	4	2	3	3	1	2	2	1	0	4	4	3	4	2	1	0	3	2	3	1	4	2	4	4	2	3	2	3	3	2	3	1	2	1	1	1	3	1	3	1	0	4	2	0	0	2	2	2	1	0	4	2	3	2	3	3	3	1	4	0	4	3	1	1	1	4	4	4	3	3	3	6	1	1	3	2	2	3	1	1	0	4	4	4	4	3	4	4	1	4	2	1	2	4	1	0	0	1	0	2	1	0	1	4	0	2	0	2	1	1	0	3	3	3	1	1	1	3	3	3	1	2	2	3	0	3	3	3	1	2	1	1	2	1	1	0
346	346	0	0	0	0	0	0	0	0	0	0	0	0	0	0	0	0	0	0	0	0	0	0	0	0	0	0	0	0	0	0	0	0	0	0	0	0	0	0	0	0	0	0	0	0	0	0	0	0	0	0	0	0	0	0	0	0	0	0	0	0	0	0	0	0	0	0	0	0	0	0	0	0	0	0	0	0	0	0	0	0	0	0	0	0	0	0	0	0	0	0	0	0	0	0	0	0	0	3	0	4	0	0	0	0	0	0	0	0	0	0	0	0	0	0	0	0	0	0	0	0	0	0	0	0	0	0	0	0	0	0	0	0	0	0	0	0	0	0	0	0	0	0	0	0	0	0	0	0	0
407	407	0	0	0	0	0	0	0	0	0	0	0	0	0	0	0	0	0	0	0	0	0	0	0	0	0	0	0	0	0	0	0	0	0	0	0	0	0	0	0	0	0	0	0	0	0	0	0	0	0	0	0	0	0	0	0	0	0	0	0	0	0	0	0	0	0	0	0	0	0	0	0	0	0	0	0	0	0	0	0	0	0	0	0	0	0	0	0	0	0	0	0	0	0	0	0	0	0	0	0	0	0	0	0	0	0	0	0	0	0	0	0	0	0	0	0	0	0	0	0	0	0	0	0	0	0	0	0	0	0	0	0	0	0	0	0	0	0	0	0	0	0	0	0	0	0	0	0	0	0
71	71	1	1	3	3	1	2	1	1	2	2	4	1	3	4	4	3	4	1	2	4	2	2	-1	4	1	4	2	1	2	1	0	1	1	4	4	0	1	4	3	4	1	3	3	3	3	4	3	3	0	3	1	4	3	0	2	4	1	2	1	4	1	3	4	4	0	4	0	1	0	3	4	4	1	2	1	1	4	1	4	4	2	1	1	3	1	3	1	3	2	4	1	3	2	2	4	4	0	4	3	4	4	4	4	2	1	4	3	1	2	3	1	1	4	0	2	1	0	0	2	2	2	3	3	4	3	4	4	1	1	3	1	3	3	3	2	2	3	3	1	3	2	1	4	1	3	2	1	0	3
306	306	0	0	0	0	0	0	0	0	0	0	0	0	0	0	0	0	0	0	0	0	0	0	0	0	0	0	0	0	0	0	0	0	0	0	0	0	0	0	0	0	0	0	0	0	0	0	0	0	0	0	0	0	0	0	0	0	0	0	0	0	0	0	0	0	0	0	0	0	0	0	0	0	0	0	0	0	0	0	0	0	0	0	0	0	0	0	0	0	0	0	0	0	0	0	0	0	0	3	1	4	0	0	0	0	0	0	0	0	0	0	0	0	0	0	0	0	0	0	0	0	0	0	0	0	0	0	0	0	0	0	0	0	0	0	0	0	0	0	0	0	0	0	0	0	0	0	0	0	0
322	322	0	0	0	0	0	0	0	0	0	0	0	0	0	0	0	0	0	0	0	0	0	0	0	0	0	0	0	0	0	0	0	0	0	0	0	0	0	0	0	0	0	0	0	0	0	0	0	0	0	0	0	0	0	0	0	0	0	0	0	0	0	0	0	0	0	0	0	0	0	0	0	0	0	0	0	0	0	0	0	0	0	0	0	0	0	0	0	0	0	0	0	0	0	0	0	0	0	4	3	4	0	0	0	0	0	0	0	0	0	0	0	0	0	0	0	0	0	0	0	0	0	0	0	0	0	0	0	0	0	0	0	0	0	0	0	0	0	0	0	0	0	0	0	0	0	0	0	0	0
408	408	0	0	0	0	0	0	0	0	0	0	0	0	0	0	0	0	0	0	0	0	0	0	0	0	0	0	0	0	0	0	0	0	0	0	0	0	0	0	0	0	0	0	0	0	0	0	0	0	0	0	0	0	0	0	0	0	0	0	0	0	0	0	0	0	0	0	0	0	0	0	0	0	0	0	0	0	0	0	0	0	0	0	0	0	0	0	0	0	0	0	0	0	0	0	0	0	0	0	0	0	0	0	0	0	0	0	0	0	0	0	0	0	0	0	0	0	0	0	0	0	0	0	0	0	0	0	0	0	0	0	0	0	0	0	0	0	0	0	0	0	0	0	0	0	0	0	0	0	0
46	46	1	2	1	4	3	4	1	1	2	0	2	3	1	1	4	3	3	1	3	4	2	2	4	2	3	4	2	1	4	1	1	3	3	3	4	4	4	2	3	4	3	3	2	3	3	4	3	1	1	1	1	4	3	4	4	2	1	4	2	2	1	3	4	2	2	3	1	1	1	3	1	1	1	4	1	2	1	3	4	0	4	1	3	4	1	3	1	1	2	2	3	1	2	1	4	4	2	3	3	4	4	4	2	3	3	2	3	1	4	8	4	2	4	1	1	1	4	4	2	4	2	3	3	4	3	3	4	1	3	1	0	1	3	3	2	4	0	1	1	3	2	1	4	1	1	4	1	1	3
45	45	1	2	1	4	3	4	1	1	2	2	2	3	1	1	4	3	3	1	3	4	2	2	4	2	3	4	2	1	4	1	1	3	3	3	4	4	4	2	3	4	3	3	2	3	3	4	3	1	1	1	1	4	3	4	4	2	1	4	2	2	1	3	4	2	2	3	1	1	1	3	1	1	1	4	1	2	1	3	4	1	4	1	3	4	1	3	1	1	2	2	3	1	2	1	4	4	2	3	3	4	4	4	2	3	3	2	3	1	4	0	4	2	4	1	1	1	0	4	2	4	2	3	3	4	3	3	4	1	3	1	1	1	3	3	2	4	3	1	1	3	2	1	4	1	1	4	1	1	0
302	302	0	0	0	0	0	0	0	0	0	0	0	0	0	0	0	0	0	0	0	0	0	0	0	0	0	0	0	0	0	0	0	0	0	0	0	0	0	0	0	0	0	0	0	0	0	0	0	0	0	0	0	0	0	0	0	0	0	0	0	0	0	0	0	0	0	0	0	0	0	0	0	0	0	0	0	0	0	0	0	0	0	0	0	0	0	0	0	0	0	0	0	0	0	0	0	0	0	4	1	2	0	0	0	0	0	0	0	0	0	0	0	0	0	0	0	0	0	0	0	0	0	0	0	0	0	0	0	0	0	0	0	0	0	0	0	0	0	0	0	0	0	0	0	0	0	0	0	0	0
409	409	0	0	0	0	0	0	0	0	0	0	0	0	0	0	0	0	0	0	0	0	0	0	0	0	0	0	0	0	0	0	0	0	0	0	0	0	0	0	0	0	0	0	0	0	0	0	0	0	0	0	0	0	0	0	0	0	0	0	0	0	0	0	0	0	0	0	0	0	0	0	0	0	0	0	0	0	0	0	0	0	0	0	0	0	0	0	0	0	0	0	0	0	0	0	0	0	0	0	0	0	0	0	0	0	0	0	0	0	0	0	0	0	0	0	0	0	0	0	0	0	0	0	0	0	0	0	0	0	0	0	0	0	0	0	0	0	0	0	0	0	0	0	0	0	0	0	0	0	0
54	54	3	2	1	3	1	2	1	4	2	2	2	3	1	4	2	3	3	1	2	4	2	4	4	2	1	4	2	1	2	1	1	1	1	3	4	2	4	2	3	2	1	3	3	3	1	2	3	3	3	3	1	4	1	0	2	2	2	4	2	2	1	3	4	2	2	3	2	3	3	3	4	4	4	2	3	1	4	1	4	1	2	1	3	3	1	3	1	3	2	2	3	1	1	1	4	4	4	3	3	4	2	4	4	2	1	4	3	3	4	2	4	2	4	4	1	3	2	4	2	2	2	3	3	4	3	3	3	3	1	3	0	0	2	1	2	2	3	1	1	3	3	3	2	1	3	4	1	1	3
356	356	0	0	0	0	0	0	0	0	0	0	0	0	0	0	0	0	0	0	0	0	0	0	0	0	0	0	0	0	0	0	0	0	0	0	0	0	0	0	0	0	0	0	0	0	0	0	0	0	0	0	0	0	0	0	0	0	0	0	0	0	0	0	0	0	0	0	0	0	0	0	0	0	0	0	0	0	0	0	0	0	0	0	0	0	0	0	0	0	0	0	0	0	0	0	0	0	0	3	0	4	0	0	0	0	0	0	0	0	0	0	0	0	0	0	0	0	0	0	0	0	0	0	0	0	0	0	0	0	0	0	0	0	0	0	0	0	0	0	0	0	0	0	0	0	0	0	0	0	0
68	68	1	1	3	4	3	2	3	4	4	2	2	3	1	1	4	3	3	1	2	4	1	2	4	4	1	4	3	4	2	3	0	1	1	4	2	2	4	2	3	4	3	3	2	3	1	4	1	1	1	1	3	3	1	4	4	4	1	4	1	2	2	1	2	2	2	3	1	1	3	3	4	1	1	2	3	1	4	3	4	1	4	1	1	3	1	1	2	3	2	2	3	1	1	2	4	4	4	4	3	2	2	1	4	2	3	2	3	1	4	2	1	2	4	4	0	1	0	3	2	4	2	1	3	3	1	4	3	1	1	3	3	3	3	1	1	2	3	3	3	4	3	1	4	1	3	2	1	1	1
323	323	0	0	0	0	0	0	0	0	0	0	0	0	0	0	0	0	0	0	0	0	0	0	0	0	0	0	0	0	0	0	0	0	0	0	0	0	0	0	0	0	0	0	0	0	0	0	0	0	0	0	0	0	0	0	0	0	0	0	0	0	0	0	0	0	0	0	0	0	0	0	0	0	0	0	0	0	0	0	0	0	0	0	0	0	0	0	0	0	0	0	0	0	0	0	0	0	0	3	3	2	0	0	0	0	0	0	0	0	0	0	0	0	0	0	0	0	0	0	0	0	0	0	0	0	0	0	0	0	0	0	0	0	0	0	0	0	0	0	0	0	0	0	0	0	0	0	0	0	0
410	410	0	0	0	0	0	0	0	0	0	0	0	0	0	0	0	0	0	0	0	0	0	0	0	0	0	0	0	0	0	0	0	0	0	0	0	0	0	0	0	0	0	0	0	0	0	0	0	0	0	0	0	0	0	0	0	0	0	0	0	0	0	0	0	0	0	0	0	0	0	0	0	0	0	0	0	0	0	0	0	0	0	0	0	0	0	0	0	0	0	0	0	0	0	0	0	0	0	0	0	0	0	0	0	0	0	0	0	0	0	0	0	0	0	0	0	0	0	0	0	0	0	0	0	0	0	0	0	0	0	0	0	0	0	0	0	0	0	0	0	0	0	0	0	0	0	0	0	0	0
411	411	0	0	0	0	0	0	0	0	0	0	0	0	0	0	0	0	0	0	0	0	0	0	0	0	0	0	0	0	0	0	0	0	0	0	0	0	0	0	0	0	0	0	0	0	0	0	0	0	0	0	0	0	0	0	0	0	0	0	0	0	0	0	0	0	0	0	0	0	0	0	0	0	0	0	0	0	0	0	0	0	0	0	0	0	0	0	0	0	0	0	0	0	0	0	0	0	0	0	0	0	0	0	0	0	0	0	0	0	0	0	0	0	0	0	0	0	0	0	0	0	0	0	0	0	0	0	0	0	0	0	0	0	0	0	0	0	0	0	0	0	0	0	0	0	0	0	0	0	0
307	307	0	0	0	0	0	0	0	0	0	0	0	0	0	0	0	0	0	0	0	0	0	0	0	0	0	0	0	0	0	0	0	0	0	0	0	0	0	0	0	0	0	0	0	0	0	0	0	0	0	0	0	0	0	0	0	0	0	0	0	0	0	0	0	0	0	0	0	0	0	0	0	0	0	0	0	0	0	0	0	0	0	0	0	0	0	0	0	0	0	0	0	0	0	0	0	0	0	3	0	0	0	0	0	0	0	0	0	0	0	0	0	0	0	0	0	0	0	0	0	0	0	0	0	0	0	0	0	0	0	0	0	0	0	0	0	0	0	0	0	0	0	0	0	0	0	0	0	0	0
412	412	0	0	0	0	0	0	0	0	0	0	0	0	0	0	0	0	0	0	0	0	0	0	0	0	0	0	0	0	0	0	0	0	0	0	0	0	0	0	0	0	0	0	0	0	0	0	0	0	0	0	0	0	0	0	0	0	0	0	0	0	0	0	0	0	0	0	0	0	0	0	0	0	0	0	0	0	0	0	0	0	0	0	0	0	0	0	0	0	0	0	0	0	0	0	0	0	0	0	0	0	0	0	0	0	0	0	0	0	0	0	0	0	0	0	0	0	0	0	0	0	0	0	0	0	0	0	0	0	0	0	0	0	0	0	0	0	0	0	0	0	0	0	0	0	0	0	0	0	0
379	379	0	0	0	0	0	0	0	0	0	0	0	0	0	0	0	0	0	0	0	0	0	0	0	0	0	0	0	0	0	0	0	0	0	0	0	0	0	0	0	0	0	0	0	0	0	0	0	0	0	0	0	0	0	0	0	0	0	0	0	0	0	0	0	0	0	0	0	0	0	0	0	0	0	0	0	0	0	0	0	0	0	0	0	0	0	0	0	0	0	0	0	0	0	0	0	0	0	3	1	2	0	0	0	0	0	0	0	0	0	0	0	0	0	0	0	0	0	0	0	0	0	0	0	0	0	0	0	0	0	0	0	0	0	0	0	0	0	0	0	0	0	0	0	0	0	0	0	0	0
383	383	0	0	0	0	0	0	0	0	0	0	0	0	0	0	0	0	0	0	0	0	0	0	0	0	0	0	0	0	0	0	0	0	0	0	0	0	0	0	0	0	0	0	0	0	0	0	0	0	0	0	0	0	0	0	0	0	0	0	0	0	0	0	0	0	0	0	0	0	0	0	0	0	0	0	0	0	0	0	0	0	0	0	0	0	0	0	0	0	0	0	0	0	0	0	0	0	0	3	3	2	0	0	0	0	0	0	0	0	0	0	0	0	0	0	0	0	0	0	0	0	0	0	0	0	0	0	0	0	0	0	0	0	0	0	0	0	0	0	0	0	0	0	0	0	0	0	0	0	0
348	348	0	0	0	0	0	0	0	0	0	0	0	0	0	0	0	0	0	0	0	0	0	0	0	0	0	0	0	0	0	0	0	0	0	0	0	0	0	0	0	0	0	0	0	0	0	0	0	0	0	0	0	0	0	0	0	0	0	0	0	0	0	0	0	0	0	0	0	0	0	0	0	0	0	0	0	0	0	0	0	0	0	0	0	0	0	0	0	0	0	0	0	0	0	0	0	0	0	3	3	0	0	0	0	0	0	0	0	0	0	0	0	0	0	0	0	0	0	0	0	0	0	0	0	0	0	0	0	0	0	0	0	0	0	0	0	0	0	0	0	0	0	0	0	0	0	0	0	0	0
368	368	0	0	0	0	0	0	0	0	0	0	0	0	0	0	0	0	0	0	0	0	0	0	0	0	0	0	0	0	0	0	0	0	0	0	0	0	0	0	0	0	0	0	0	0	0	0	0	0	0	0	0	0	0	0	0	0	0	0	0	0	0	0	0	0	0	0	0	0	0	0	0	0	0	0	0	0	0	0	0	0	0	0	0	0	0	0	0	0	0	0	0	0	0	0	0	0	0	3	3	4	0	0	0	0	0	0	0	0	0	0	0	0	0	0	0	0	0	0	0	0	0	0	0	0	0	0	0	0	0	0	0	0	0	0	0	0	0	0	0	0	0	0	0	0	0	0	0	0	0
369	369	0	0	0	0	0	0	0	0	0	0	0	0	0	0	0	0	0	0	0	0	0	0	0	0	0	0	0	0	0	0	0	0	0	0	0	0	0	0	0	0	0	0	0	0	0	0	0	0	0	0	0	0	0	0	0	0	0	0	0	0	0	0	0	0	0	0	0	0	0	0	0	0	0	0	0	0	0	0	0	0	0	0	0	0	0	0	0	0	0	0	0	0	0	0	0	0	0	4	3	0	0	0	0	0	0	0	0	0	0	0	0	0	0	0	0	0	0	0	0	0	0	0	0	0	0	0	0	0	0	0	0	0	0	0	0	0	0	0	0	0	0	0	0	0	0	0	0	0	0
34	34	3	2	1	4	1	4	3	4	4	0	2	3	1	4	0	3	3	1	3	2	1	4	2	4	3	4	2	1	2	1	2	3	3	4	2	2	1	4	3	4	1	0	2	3	3	2	1	1	1	3	3	3	3	4	4	2	1	2	2	2	3	3	4	2	1	4	2	1	3	3	4	4	1	2	3	1	1	1	2	1	4	3	1	3	3	1	2	3	2	2	0	1	1	0	4	3	0	3	3	2	2	1	4	2	3	4	3	3	4	2	1	2	4	4	2	3	2	0	3	4	2	1	1	3	1	4	4	1	3	3	3	3	2	1	2	2	3	3	1	4	3	1	4	1	1	2	3	1	1
33	33	3	2	1	4	1	2	1	4	4	2	2	3	1	4	0	3	3	2	3	2	1	2	4	4	1	4	2	1	2	1	2	1	1	4	2	2	4	2	3	4	1	3	2	1	3	4	1	6	3	3	3	3	1	4	2	2	0	2	2	2	2	3	4	4	0	4	2	1	3	3	4	1	1	4	3	1	4	3	2	1	4	1	3	4	1	3	1	1	2	2	3	1	2	2	4	3	4	3	1	2	2	4	2	2	1	4	4	1	4	2	1	2	2	4	2	3	2	3	3	4	2	1	1	4	1	4	4	1	1	0	3	1	3	1	2	2	3	3	1	3	3	1	2	1	1	2	3	1	1
308	308	0	0	0	0	0	0	0	0	0	0	0	0	0	0	0	0	0	0	0	0	0	0	0	0	0	0	0	0	0	0	0	0	0	0	0	0	0	0	0	0	0	0	0	0	0	0	0	0	0	0	0	0	0	0	0	0	0	0	0	0	0	0	0	0	0	0	0	0	0	0	0	0	0	0	0	0	0	0	0	0	0	0	0	0	0	0	0	0	0	0	0	0	0	0	0	0	0	3	3	0	0	0	0	0	0	0	0	0	0	0	0	0	0	0	0	0	0	0	0	0	0	0	0	0	0	0	0	0	0	0	0	0	0	0	0	0	0	0	0	0	0	0	0	0	0	0	0	0	0
380	380	0	0	0	0	0	0	0	0	0	0	0	0	0	0	0	0	0	0	0	0	0	0	0	0	0	0	0	0	0	0	0	0	0	0	0	0	0	0	0	0	0	0	0	0	0	0	0	0	0	0	0	0	0	0	0	0	0	0	0	0	0	0	0	0	0	0	0	0	0	0	0	0	0	0	0	0	0	0	0	0	0	0	0	0	0	0	0	0	0	0	0	0	0	0	0	0	0	0	3	4	0	0	0	0	0	0	0	0	0	0	0	0	0	0	0	0	0	0	0	0	0	0	0	0	0	0	0	0	0	0	0	0	0	0	0	0	0	0	0	0	0	0	0	0	0	0	0	0	0
324	324	0	0	0	0	0	0	0	0	0	0	0	0	0	0	0	0	0	0	0	0	0	0	0	0	0	0	0	0	0	0	0	0	0	0	0	0	0	0	0	0	0	0	0	0	0	0	0	0	0	0	0	0	0	0	0	0	0	0	0	0	0	0	0	0	0	0	0	0	0	0	0	0	0	0	0	0	0	0	0	0	0	0	0	0	0	0	0	0	0	0	0	0	0	0	0	0	0	4	1	0	0	0	0	0	0	0	0	0	0	0	0	0	0	0	0	0	0	0	0	0	0	0	0	0	0	0	0	0	0	0	0	0	0	0	0	0	0	0	0	0	0	0	0	0	0	0	0	0	0
309	309	0	0	0	0	0	0	0	0	0	0	0	0	0	0	0	0	0	0	0	0	0	0	0	0	0	0	0	0	0	0	0	0	0	0	0	0	0	0	0	0	0	0	0	0	0	0	0	0	0	0	0	0	0	0	0	0	0	0	0	0	0	0	0	0	0	0	0	0	0	0	0	0	0	0	0	0	0	0	0	0	0	0	0	0	0	0	0	0	0	0	0	0	0	0	0	0	0	4	3	0	0	0	0	0	0	0	0	0	0	0	0	0	0	0	0	0	0	0	0	0	0	0	0	0	0	0	0	0	0	0	0	0	0	0	0	0	0	0	0	0	0	0	0	0	0	0	0	0	0
413	413	0	0	0	0	0	0	0	0	0	0	0	0	0	0	0	0	0	0	0	0	0	0	0	0	0	0	0	0	0	0	0	0	0	0	0	0	0	0	0	0	0	0	0	0	0	0	0	0	0	0	0	0	0	0	0	0	0	0	0	0	0	0	0	0	0	0	0	0	0	0	0	0	0	0	0	0	0	0	0	0	0	0	0	0	0	0	0	0	0	0	0	0	0	0	0	0	0	0	0	0	0	0	0	0	0	0	0	0	0	0	0	0	0	0	0	0	0	0	0	0	0	0	0	0	0	0	0	0	0	0	0	0	0	0	0	0	0	0	0	0	0	0	0	0	0	0	0	0	0
414	414	0	0	0	0	0	0	0	0	0	0	0	0	0	0	0	0	0	0	0	0	0	0	0	0	0	0	0	0	0	0	0	0	0	0	0	0	0	0	0	0	0	0	0	0	0	0	0	0	0	0	0	0	0	0	0	0	0	0	0	0	0	0	0	0	0	0	0	0	0	0	0	0	0	0	0	0	0	0	0	0	0	0	0	0	0	0	0	0	0	0	0	0	0	0	0	0	0	0	0	0	0	0	0	0	0	0	0	0	0	0	0	0	0	0	0	0	0	0	0	0	0	0	0	0	0	0	0	0	0	0	0	0	0	0	0	0	0	0	0	0	0	0	0	0	0	0	0	0	0
310	310	0	0	0	0	0	0	0	0	0	0	0	0	0	0	0	0	0	0	0	0	0	0	0	0	0	0	0	0	0	0	0	0	0	0	0	0	0	0	0	0	0	0	0	0	0	0	0	0	0	0	0	0	0	0	0	0	0	0	0	0	0	0	0	0	0	0	0	0	0	0	0	0	0	0	0	0	0	0	0	0	0	0	0	0	0	0	0	0	0	0	0	0	0	0	0	0	0	4	3	4	0	0	0	0	0	0	0	0	0	0	0	0	0	0	0	0	0	0	0	0	0	0	0	0	0	0	0	0	0	0	0	0	0	0	0	0	0	0	0	0	0	0	0	0	0	0	0	0	0
311	311	0	0	0	0	0	0	0	0	0	0	0	0	0	0	0	0	0	0	0	0	0	0	0	0	0	0	0	0	0	0	0	0	0	0	0	0	0	0	0	0	0	0	0	0	0	0	0	0	0	0	0	0	0	0	0	0	0	0	0	0	0	0	0	0	0	0	0	0	0	0	0	0	0	0	0	0	0	0	0	0	0	0	0	0	0	0	0	0	0	0	0	0	0	0	0	0	0	4	1	2	0	0	0	0	0	0	0	0	0	0	0	0	0	0	0	0	0	0	0	0	0	0	0	0	0	0	0	0	0	0	0	0	0	0	0	0	0	0	0	0	0	0	0	0	0	0	0	0	0
75	75	3	2	1	4	1	4	3	4	2	2	4	1	3	4	4	3	4	1	2	2	1	2	4	2	3	4	2	0	0	1	2	1	1	3	2	4	1	2	1	2	1	1	2	1	3	2	1	3	1	1	0	3	3	0	4	4	1	2	1	4	2	1	2	4	2	3	2	3	0	3	4	4	4	4	3	1	4	1	2	1	4	3	3	3	3	3	2	1	2	2	1	1	2	2	4	4	4	3	1	2	4	4	2	2	3	2	3	3	2	3	4	1	2	4	0	3	4	0	2	2	2	3	3	4	3	3	3	3	3	3	1	3	3	1	2	2	1	1	3	3	2	1	4	1	3	4	3	1	1
373	373	0	0	0	0	0	0	0	0	0	0	0	0	0	0	0	0	0	0	0	0	0	0	0	0	0	0	0	0	0	0	0	0	0	0	0	0	0	0	0	0	0	0	0	0	0	0	0	0	0	0	0	0	0	0	0	0	0	0	0	0	0	0	0	0	0	0	0	0	0	0	0	0	0	0	0	0	0	0	0	0	0	0	0	0	0	0	0	0	0	0	0	0	0	0	0	0	0	3	1	2	0	0	0	0	0	0	0	0	0	0	0	0	0	0	0	0	0	0	0	0	0	0	0	0	0	0	0	0	0	0	0	0	0	0	0	0	0	0	0	0	0	0	0	0	0	0	0	0	0
415	415	0	0	0	0	0	0	0	0	0	0	0	0	0	0	0	0	0	0	0	0	0	0	0	0	0	0	0	0	0	0	0	0	0	0	0	0	0	0	0	0	0	0	0	0	0	0	0	0	0	0	0	0	0	0	0	0	0	0	0	0	0	0	0	0	0	0	0	0	0	0	0	0	0	0	0	0	0	0	0	0	0	0	0	0	0	0	0	0	0	0	0	0	0	0	0	0	0	0	0	0	0	0	0	0	0	0	0	0	0	0	0	0	0	0	0	0	0	0	0	0	0	0	0	0	0	0	0	0	0	0	0	0	0	0	0	0	0	0	0	0	0	0	0	0	0	0	0	0	0
289	289	0	0	0	0	0	0	0	0	0	0	0	0	0	0	0	0	0	0	0	0	0	0	0	0	0	0	0	0	0	0	0	0	0	0	0	0	0	0	0	0	0	0	0	0	0	0	0	0	0	0	0	0	0	0	0	0	0	0	0	0	0	0	0	0	0	0	0	0	0	0	0	0	0	0	0	0	0	0	0	0	0	0	0	0	0	0	0	0	0	0	0	0	0	0	0	0	0	4	3	0	0	0	0	0	0	0	0	0	0	0	0	0	0	0	0	0	0	0	0	0	0	0	0	0	0	0	0	0	0	0	0	0	0	0	0	0	0	0	0	0	0	0	0	0	0	0	0	0	0
417	417	0	0	0	0	0	0	0	0	0	0	0	0	0	0	0	0	0	0	0	0	0	0	0	0	0	0	0	0	0	0	0	0	0	0	0	0	0	0	0	0	0	0	0	0	0	0	0	0	0	0	0	0	0	0	0	0	0	0	0	0	0	0	0	0	0	0	0	0	0	0	0	0	0	0	0	0	0	0	0	0	0	0	0	0	0	0	0	0	0	0	0	0	0	0	0	0	0	0	0	0	0	0	0	0	0	0	0	0	0	0	0	0	0	0	0	0	0	0	0	0	0	0	0	0	0	0	0	0	0	0	0	0	0	0	0	0	0	0	0	0	0	0	0	0	0	0	0	0	0
91	91	3	2	3	4	3	4	3	4	4	2	2	3	1	4	4	4	3	1	2	4	1	4	2	2	1	4	3	1	2	3	2	1	1	4	2	4	1	4	0	2	3	3	0	3	3	4	0	3	3	1	3	3	1	4	4	2	2	0	1	0	0	3	4	0	1	3	1	1	3	3	1	1	1	2	1	1	4	0	2	1	4	3	3	3	3	1	2	3	4	2	3	1	2	2	4	3	0	4	3	2	4	1	2	2	3	2	4	1	4	0	4	1	2	4	0	3	0	0	2	2	2	3	1	3	1	4	3	1	3	3	1	0	3	3	1	2	0	1	1	3	3	1	4	1	1	2	3	1	0
362	362	0	0	0	0	0	0	0	0	0	0	0	0	0	0	0	0	0	0	0	0	0	0	0	0	0	0	0	0	0	0	0	0	0	0	0	0	0	0	0	0	0	0	0	0	0	0	0	0	0	0	0	0	0	0	0	0	0	0	0	0	0	0	0	0	0	0	0	0	0	0	0	0	0	0	0	0	0	0	0	0	0	0	0	0	0	0	0	0	0	0	0	0	0	0	0	0	0	3	0	4	0	0	0	0	0	0	0	0	0	0	0	0	0	0	0	0	0	0	0	0	0	0	0	0	0	0	0	0	0	0	0	0	0	0	0	0	0	0	0	0	0	0	0	0	0	0	0	0	0
3	3	3	2	0	3	1	0	1	1	2	2	4	1	0	4	2	3	4	1	2	4	2	2	4	0	1	4	3	1	2	3	2	1	0	4	2	4	1	4	3	4	1	3	0	3	1	4	1	1	3	1	1	3	3	2	0	2	1	4	1	4	3	3	4	2	1	3	2	3	3	1	0	1	4	2	1	1	4	1	4	4	2	1	1	4	3	3	1	1	4	2	3	1	1	0	0	3	0	3	1	0	4	0	0	3	1	2	4	3	4	2	1	2	4	4	1	0	4	4	3	4	4	1	3	3	3	4	0	3	1	3	1	3	3	1	1	2	0	3	3	0	3	3	4	1	1	2	3	1	1
4	4	3	2	1	3	1	0	1	1	2	2	4	1	0	4	2	0	4	1	2	4	2	2	4	4	1	4	3	1	2	3	2	1	3	4	2	4	1	4	3	2	3	3	3	3	3	2	1	1	0	3	1	3	3	2	4	4	2	2	2	4	1	3	4	4	1	4	1	3	3	1	0	1	1	2	3	1	1	1	4	4	4	3	3	4	3	1	1	3	2	2	0	1	2	2	4	4	0	4	1	4	4	4	2	3	3	4	3	1	4	3	4	1	2	4	0	0	0	4	3	4	4	1	3	0	3	0	0	3	1	1	3	3	3	1	2	2	0	1	1	3	3	3	4	1	1	2	3	1	1
293	293	0	0	0	0	0	0	0	0	0	0	0	0	0	0	0	0	0	0	0	0	0	0	0	0	0	0	0	0	0	0	0	0	0	0	0	0	0	0	0	0	0	0	0	0	0	0	0	0	0	0	0	0	0	0	0	0	0	0	0	0	0	0	0	0	0	0	0	0	0	0	0	0	0	0	0	0	0	0	0	0	0	0	0	0	0	0	0	0	0	0	0	0	0	0	0	0	0	4	3	4	0	0	0	0	0	0	0	0	0	0	0	0	0	0	0	0	0	0	0	0	0	0	0	0	0	0	0	0	0	0	0	0	0	0	0	0	0	0	0	0	0	0	0	0	0	0	0	0	0
88	88	1	2	1	4	1	4	3	4	2	2	2	1	3	4	4	3	4	1	2	4	1	4	2	2	1	4	3	4	2	1	1	1	1	3	2	4	1	2	1	2	1	1	2	1	3	2	1	1	1	3	1	3	1	4	4	4	1	2	1	4	1	1	2	4	1	3	2	3	0	3	4	4	4	4	1	2	4	1	2	1	2	3	3	3	1	3	2	1	2	2	1	1	-1	2	2	4	0	3	1	2	2	4	2	2	3	4	4	3	2	3	0	0	2	0	1	3	4	0	2	2	4	3	3	4	3	4	3	3	3	0	1	3	2	0	2	4	1	1	3	4	2	1	4	1	3	4	3	1	1
372	372	0	0	0	0	0	0	0	0	0	0	0	0	0	0	0	0	0	0	0	0	0	0	0	0	0	0	0	0	0	0	0	0	0	0	0	0	0	0	0	0	0	0	0	0	0	0	0	0	0	0	0	0	0	0	0	0	0	0	0	0	0	0	0	0	0	0	0	0	0	0	0	0	0	0	0	0	0	0	0	0	0	0	0	0	0	0	0	0	0	0	0	0	0	0	0	0	0	4	1	2	0	0	0	0	0	0	0	0	0	0	0	0	0	0	0	0	0	0	0	0	0	0	0	0	0	0	0	0	0	0	0	0	0	0	0	0	0	0	0	0	0	0	0	0	0	0	0	0	0
43	43	3	0	1	0	1	4	3	4	4	2	4	1	3	4	0	3	4	1	3	4	1	2	2	2	1	4	2	0	2	1	0	1	3	3	2	4	1	4	1	2	1	0	2	1	1	2	1	3	1	3	0	3	0	4	4	4	1	0	1	4	1	1	2	4	1	3	2	3	1	3	4	4	4	4	1	1	4	1	2	1	4	3	3	4	1	3	2	1	2	2	1	1	2	2	0	4	2	4	3	4	2	1	2	2	3	4	3	3	2	3	4	1	2	4	2	1	4	4	2	2	4	3	3	4	3	3	3	1	3	0	1	3	2	3	2	4	1	1	1	3	2	3	4	1	3	2	3	1	3
298	298	0	0	0	0	0	0	0	0	0	0	0	0	0	0	0	0	0	0	0	0	0	0	0	0	0	0	0	0	0	0	0	0	0	0	0	0	0	0	0	0	0	0	0	0	0	0	0	0	0	0	0	0	0	0	0	0	0	0	0	0	0	0	0	0	0	0	0	0	0	0	0	0	0	0	0	0	0	0	0	0	0	0	0	0	0	0	0	0	0	0	0	0	0	0	0	0	0	4	3	2	0	0	0	0	0	0	0	0	0	0	0	0	0	0	0	0	0	0	0	0	0	0	0	0	0	0	0	0	0	0	0	0	0	0	0	0	0	0	0	0	0	0	0	0	0	0	0	0	0
44	44	1	2	1	4	3	4	3	4	2	2	2	1	3	4	4	3	3	1	2	4	1	2	2	2	1	4	2	4	2	1	0	1	1	3	4	4	1	4	1	4	1	0	2	1	1	2	3	3	0	3	1	3	1	4	2	4	1	0	1	2	1	1	2	4	2	3	2	1	1	3	4	4	4	4	3	1	4	1	2	4	2	1	3	3	1	3	2	3	2	2	1	3	-1	2	2	4	0	4	3	2	2	4	2	2	3	4	3	3	2	2	4	1	2	4	0	3	0	3	2	2	4	3	3	4	3	3	3	1	3	0	1	1	3	3	2	4	1	1	3	4	2	3	2	3	3	2	1	1	3
325	325	0	0	0	0	0	0	0	0	0	0	0	0	0	0	0	0	0	0	0	0	0	0	0	0	0	0	0	0	0	0	0	0	0	0	0	0	0	0	0	0	0	0	0	0	0	0	0	0	0	0	0	0	0	0	0	0	0	0	0	0	0	0	0	0	0	0	0	0	0	0	0	0	0	0	0	0	0	0	0	0	0	0	0	0	0	0	0	0	0	0	0	0	0	0	0	0	0	3	3	4	0	0	0	0	0	0	0	0	0	0	0	0	0	0	0	0	0	0	0	0	0	0	0	0	0	0	0	0	0	0	0	0	0	0	0	0	0	0	0	0	0	0	0	0	0	0	0	0	0
55	55	1	2	1	3	3	4	3	4	4	2	0	3	3	4	4	4	3	1	2	2	2	2	2	2	1	4	3	1	0	1	1	1	3	3	4	2	1	4	3	4	1	1	2	3	3	2	1	3	0	3	1	3	3	4	4	4	1	2	1	4	1	1	2	4	1	3	1	1	1	3	1	4	1	2	1	2	1	1	4	1	2	3	3	4	1	3	2	1	2	4	1	3	2	1	4	3	2	4	3	4	4	1	4	2	1	2	3	3	4	3	4	1	4	4	1	3	0	4	3	2	4	1	3	4	1	4	4	3	3	3	1	3	3	1	2	2	3	1	1	3	3	1	4	3	3	2	3	1	3
418	418	0	0	0	0	0	0	0	0	0	0	0	0	0	0	0	0	0	0	0	0	0	0	0	0	0	0	0	0	0	0	0	0	0	0	0	0	0	0	0	0	0	0	0	0	0	0	0	0	0	0	0	0	0	0	0	0	0	0	0	0	0	0	0	0	0	0	0	0	0	0	0	0	0	0	0	0	0	0	0	0	0	0	0	0	0	0	0	0	0	0	0	0	0	0	0	0	0	0	0	0	0	0	0	0	0	0	0	0	0	0	0	0	0	0	0	0	0	0	0	0	0	0	0	0	0	0	0	0	0	0	0	0	0	0	0	0	0	0	0	0	0	0	0	0	0	0	0	0	0
371	371	0	0	0	0	0	0	0	0	0	0	0	0	0	0	0	0	0	0	0	0	0	0	0	0	0	0	0	0	0	0	0	0	0	0	0	0	0	0	0	0	0	0	0	0	0	0	0	0	0	0	0	0	0	0	0	0	0	0	0	0	0	0	0	0	0	0	0	0	0	0	0	0	0	0	0	0	0	0	0	0	0	0	0	0	0	0	0	0	0	0	0	0	0	0	0	0	0	4	3	2	0	0	0	0	0	0	0	0	0	0	0	0	0	0	0	0	0	0	0	0	0	0	0	0	0	0	0	0	0	0	0	0	0	0	0	0	0	0	0	0	0	0	0	0	0	0	0	0	0
353	353	0	0	0	0	0	0	0	0	0	0	0	0	0	0	0	0	0	0	0	0	0	0	0	0	0	0	0	0	0	0	0	0	0	0	0	0	0	0	0	0	0	0	0	0	0	0	0	0	0	0	0	0	0	0	0	0	0	0	0	0	0	0	0	0	0	0	0	0	0	0	0	0	0	0	0	0	0	0	0	0	0	0	0	0	0	0	0	0	0	0	0	0	0	0	0	0	0	3	0	2	0	0	0	0	0	0	0	0	0	0	0	0	0	0	0	0	0	0	0	0	0	0	0	0	0	0	0	0	0	0	0	0	0	0	0	0	0	0	0	0	0	0	0	0	0	0	0	0	0
326	326	0	0	0	0	0	0	0	0	0	0	0	0	0	0	0	0	0	0	0	0	0	0	0	0	0	0	0	0	0	0	0	0	0	0	0	0	0	0	0	0	0	0	0	0	0	0	0	0	0	0	0	0	0	0	0	0	0	0	0	0	0	0	0	0	0	0	0	0	0	0	0	0	0	0	0	0	0	0	0	0	0	0	0	0	0	0	0	0	0	0	0	0	0	0	0	0	0	4	3	2	0	0	0	0	0	0	0	0	0	0	0	0	0	0	0	0	0	0	0	0	0	0	0	0	0	0	0	0	0	0	0	0	0	0	0	0	0	0	0	0	0	0	0	0	0	0	0	0	0
365	365	0	0	0	0	0	0	0	0	0	0	0	0	0	0	0	0	0	0	0	0	0	0	0	0	0	0	0	0	0	0	0	0	0	0	0	0	0	0	0	0	0	0	0	0	0	0	0	0	0	0	0	0	0	0	0	0	0	0	0	0	0	0	0	0	0	0	0	0	0	0	0	0	0	0	0	0	0	0	0	0	0	0	0	0	0	0	0	0	0	0	0	0	0	0	0	0	0	0	3	4	0	0	0	0	0	0	0	0	0	0	0	0	0	0	0	0	0	0	0	0	0	0	0	0	0	0	0	0	0	0	0	0	0	0	0	0	0	0	0	0	0	0	0	0	0	0	0	0	0
366	366	0	0	0	0	0	0	0	0	0	0	0	0	0	0	0	0	0	0	0	0	0	0	0	0	0	0	0	0	0	0	0	0	0	0	0	0	0	0	0	0	0	0	0	0	0	0	0	0	0	0	0	0	0	0	0	0	0	0	0	0	0	0	0	0	0	0	0	0	0	0	0	0	0	0	0	0	0	0	0	0	0	0	0	0	0	0	0	0	0	0	0	0	0	0	0	0	0	0	0	2	0	0	0	0	0	0	0	0	0	0	0	0	0	0	0	0	0	0	0	0	0	0	0	0	0	0	0	0	0	0	0	0	0	0	0	0	0	0	0	0	0	0	0	0	0	0	0	0	0
367	367	0	0	0	0	0	0	0	0	0	0	0	0	0	0	0	0	0	0	0	0	0	0	0	0	0	0	0	0	0	0	0	0	0	0	0	0	0	0	0	0	0	0	0	0	0	0	0	0	0	0	0	0	0	0	0	0	0	0	0	0	0	0	0	0	0	0	0	0	0	0	0	0	0	0	0	0	0	0	0	0	0	0	0	0	0	0	0	0	0	0	0	0	0	0	0	0	0	3	3	4	0	0	0	0	0	0	0	0	0	0	0	0	0	0	0	0	0	0	0	0	0	0	0	0	0	0	0	0	0	0	0	0	0	0	0	0	0	0	0	0	0	0	0	0	0	0	0	0	0
87	87	3	2	3	3	3	4	1	4	4	3	2	3	3	4	4	4	3	1	2	0	1	2	4	4	3	4	2	1	2	1	2	1	1	4	4	2	1	2	1	4	3	1	3	3	3	4	3	1	3	1	3	3	3	0	2	2	2	4	2	2	1	3	4	2	2	4	1	1	0	3	4	1	4	4	3	2	4	1	4	1	0	3	3	4	3	1	2	1	2	2	1	1	2	2	2	3	0	4	1	4	2	1	4	2	3	4	3	3	4	2	4	1	4	4	2	1	2	0	3	2	2	1	3	4	3	4	3	3	3	0	3	3	2	0	1	2	1	3	3	4	3	1	2	1	1	4	3	1	1
419	419	0	0	0	0	0	0	0	0	0	0	0	0	0	0	0	0	0	0	0	0	0	0	0	0	0	0	0	0	0	0	0	0	0	0	0	0	0	0	0	0	0	0	0	0	0	0	0	0	0	0	0	0	0	0	0	0	0	0	0	0	0	0	0	0	0	0	0	0	0	0	0	0	0	0	0	0	0	0	0	0	0	0	0	0	0	0	0	0	0	0	0	0	0	0	0	0	0	0	0	0	0	0	0	0	0	0	0	0	0	0	0	0	0	0	0	0	0	0	0	0	0	0	0	0	0	0	0	0	0	0	0	0	0	0	0	0	0	0	0	0	0	0	0	0	0	0	0	0	0
327	327	0	0	0	0	0	0	0	0	0	0	0	0	0	0	0	0	0	0	0	0	0	0	0	0	0	0	0	0	0	0	0	0	0	0	0	0	0	0	0	0	0	0	0	0	0	0	0	0	0	0	0	0	0	0	0	0	0	0	0	0	0	0	0	0	0	0	0	0	0	0	0	0	0	0	0	0	0	0	0	0	0	0	0	0	0	0	0	0	0	0	0	0	0	0	0	0	0	3	3	4	0	0	0	0	0	0	0	0	0	0	0	0	0	0	0	0	0	0	0	0	0	0	0	0	0	0	0	0	0	0	0	0	0	0	0	0	0	0	0	0	0	0	0	0	0	0	0	0	0
351	351	0	0	0	0	0	0	0	0	0	0	0	0	0	0	0	0	0	0	0	0	0	0	0	0	0	0	0	0	0	0	0	0	0	0	0	0	0	0	0	0	0	0	0	0	0	0	0	0	0	0	0	0	0	0	0	0	0	0	0	0	0	0	0	0	0	0	0	0	0	0	0	0	0	0	0	0	0	0	0	0	0	0	0	0	0	0	0	0	0	0	0	0	0	0	0	0	0	0	1	4	0	0	0	0	0	0	0	0	0	0	0	0	0	0	0	0	0	0	0	0	0	0	0	0	0	0	0	0	0	0	0	0	0	0	0	0	0	0	0	0	0	0	0	0	0	0	0	0	0
11	11	1	1	1	3	1	4	1	4	2	3	4	3	1	1	2	4	3	2	3	2	1	2	4	0	3	2	2	4	4	3	1	1	1	3	2	4	4	2	3	4	3	0	3	3	1	4	3	3	3	1	3	4	0	4	2	2	1	4	1	4	1	1	2	2	2	3	1	3	0	3	0	1	0	2	1	2	1	3	4	4	2	3	1	4	1	1	1	1	0	4	1	3	1	1	2	4	4	4	3	4	0	4	4	2	0	0	3	3	4	3	4	1	4	4	2	1	2	3	3	4	2	3	3	0	3	4	3	3	3	1	1	0	3	1	2	2	3	3	3	0	2	1	2	3	0	4	1	4	3
12	12	1	1	0	3	1	4	1	4	2	3	4	3	1	1	2	4	3	2	3	2	1	2	4	4	3	2	2	4	4	3	1	1	1	3	2	4	4	2	3	4	3	0	3	3	1	4	3	3	3	1	3	4	0	4	2	2	1	4	1	4	1	1	2	2	2	3	1	3	3	3	0	1	1	2	1	2	1	3	4	4	2	3	1	4	1	1	1	1	2	4	1	3	1	1	2	4	4	4	3	4	4	4	4	2	3	4	3	3	4	3	4	1	4	4	0	1	0	3	3	4	2	3	3	4	3	4	3	3	3	1	1	3	3	1	2	2	0	3	3	3	2	1	2	3	1	4	1	4	0
31	31	3	2	1	3	3	2	3	4	4	2	2	3	3	4	4	4	3	1	2	2	1	4	4	4	1	4	2	1	0	1	1	1	3	3	4	2	1	2	3	2	3	1	2	3	3	4	1	3	3	3	3	3	3	4	4	4	1	4	2	2	1	1	2	2	2	4	2	3	1	1	4	4	1	2	3	2	4	1	4	4	2	1	3	3	3	3	2	1	2	4	1	1	2	2	4	4	0	4	1	4	4	0	4	3	1	4	4	1	2	2	1	2	2	4	2	3	2	3	2	2	4	3	1	4	3	3	3	1	1	3	3	0	2	3	1	2	3	3	1	3	2	1	2	3	1	2	3	1	0
32	32	3	2	1	3	3	4	3	1	2	2	2	1	3	4	2	4	4	1	2	4	1	4	0	2	1	4	2	1	0	1	1	1	3	3	4	4	1	4	1	2	1	0	3	3	3	4	1	3	3	1	3	4	3	4	2	4	1	2	2	2	1	3	4	2	2	4	2	1	1	3	4	1	4	2	1	2	4	1	4	4	2	3	1	4	3	3	2	1	2	4	1	1	2	2	2	3	0	4	3	2	4	1	4	2	1	4	3	1	2	0	4	1	4	0	2	1	2	0	3	2	2	3	3	4	1	3	3	1	1	3	1	3	3	3	2	4	3	1	1	4	2	1	2	3	1	2	1	4	0
328	328	0	0	0	0	0	0	0	0	0	0	0	0	0	0	0	0	0	0	0	0	0	0	0	0	0	0	0	0	0	0	0	0	0	0	0	0	0	0	0	0	0	0	0	0	0	0	0	0	0	0	0	0	0	0	0	0	0	0	0	0	0	0	0	0	0	0	0	0	0	0	0	0	0	0	0	0	0	0	0	0	0	0	0	0	0	0	0	0	0	0	0	0	0	0	0	0	0	4	0	4	0	0	0	0	0	0	0	0	0	0	0	0	0	0	0	0	0	0	0	0	0	0	0	0	0	0	0	0	0	0	0	0	0	0	0	0	0	0	0	0	0	0	0	0	0	0	0	0	0
292	292	0	0	0	0	0	0	0	0	0	0	0	0	0	0	0	0	0	0	0	0	0	0	0	0	0	0	0	0	0	0	0	0	0	0	0	0	0	0	0	0	0	0	0	0	0	0	0	0	0	0	0	0	0	0	0	0	0	0	0	0	0	0	0	0	0	0	0	0	0	0	0	0	0	0	0	0	0	0	0	0	0	0	0	0	0	0	0	0	0	0	0	0	0	0	0	0	0	3	1	0	0	0	0	0	0	0	0	0	0	0	0	0	0	0	0	0	0	0	0	0	0	0	0	0	0	0	0	0	0	0	0	0	0	0	0	0	0	0	0	0	0	0	0	0	0	0	0	0	0
52	52	3	1	3	3	1	2	3	1	2	2	2	3	1	4	2	3	3	1	2	2	1	4	4	2	3	4	2	1	0	3	0	1	3	3	2	2	1	2	3	4	3	1	2	1	3	2	3	1	1	3	1	3	0	2	2	4	2	0	1	0	1	1	2	4	1	4	1	3	1	3	4	1	1	2	3	1	4	1	4	1	2	1	3	4	3	1	1	3	2	2	1	1	1	2	4	4	0	4	1	4	2	4	2	2	1	2	3	1	2	3	1	1	4	4	0	1	0	3	2	4	2	3	1	4	1	4	4	1	1	3	1	0	2	1	2	4	3	1	1	4	3	1	4	3	1	2	1	4	1
98	98	0	1	0	3	0	0	0	0	4	0	0	0	0	0	0	0	0	0	0	0	0	0	0	0	0	0	0	0	0	0	0	0	0	0	0	0	0	0	0	0	0	0	0	0	0	0	0	0	0	0	0	0	0	0	0	0	0	0	0	0	0	0	0	0	0	0	0	0	0	0	0	0	0	0	0	0	0	0	0	0	0	0	0	0	0	0	0	0	0	0	0	0	0	0	0	0	0	3	3	2	0	0	0	0	0	0	0	0	0	0	0	0	0	0	0	0	0	0	0	0	0	0	0	0	0	0	0	0	0	0	0	0	0	0	0	0	0	0	0	0	0	0	0	0	0	0	0	0	0
420	420	0	0	0	0	0	0	0	0	0	0	0	0	0	0	0	0	0	0	0	0	0	0	0	0	0	0	0	0	0	0	0	0	0	0	0	0	0	0	0	0	0	0	0	0	0	0	0	0	0	0	0	0	0	0	0	0	0	0	0	0	0	0	0	0	0	0	0	0	0	0	0	0	0	0	0	0	0	0	0	0	0	0	0	0	0	0	0	0	0	0	0	0	0	0	0	0	0	0	0	0	0	0	0	0	0	0	0	0	0	0	0	0	0	0	0	0	0	0	0	0	0	0	0	0	0	0	0	0	0	0	0	0	0	0	0	0	0	0	0	0	0	0	0	0	0	0	0	0	0
421	421	0	0	0	0	0	0	0	0	0	0	0	0	0	0	0	0	0	0	0	0	0	0	0	0	0	0	0	0	0	0	0	0	0	0	0	0	0	0	0	0	0	0	0	0	0	0	0	0	0	0	0	0	0	0	0	0	0	0	0	0	0	0	0	0	0	0	0	0	0	0	0	0	0	0	0	0	0	0	0	0	0	0	0	0	0	0	0	0	0	0	0	0	0	0	0	0	0	0	0	0	0	0	0	0	0	0	0	0	0	0	0	0	0	0	0	0	0	0	0	0	0	0	0	0	0	0	0	0	0	0	0	0	0	0	0	0	0	0	0	0	0	0	0	0	0	0	0	0	0
329	329	0	0	0	0	0	0	0	0	0	0	0	0	0	0	0	0	0	0	0	0	0	0	0	0	0	0	0	0	0	0	0	0	0	0	0	0	0	0	0	0	0	0	0	0	0	0	0	0	0	0	0	0	0	0	0	0	0	0	0	0	0	0	0	0	0	0	0	0	0	0	0	0	0	0	0	0	0	0	0	0	0	0	0	0	0	0	0	0	0	0	0	0	0	0	0	0	0	3	0	4	0	0	0	0	0	0	0	0	0	0	0	0	0	0	0	0	0	0	0	0	0	0	0	0	0	0	0	0	0	0	0	0	0	0	0	0	0	0	0	0	0	0	0	0	0	0	0	0	0
77	77	3	1	1	4	3	2	1	4	2	2	2	3	1	1	2	3	3	2	2	4	1	2	2	4	3	4	3	1	2	3	0	3	3	3	2	4	0	2	0	4	3	3	2	3	3	2	3	1	1	1	3	3	3	0	2	4	1	0	2	0	1	1	2	2	1	3	1	3	0	3	0	1	1	2	1	2	1	3	2	1	4	3	3	3	1	3	2	1	2	4	1	1	1	2	4	4	2	3	1	4	4	4	4	2	3	4	3	3	2	3	1	2	4	1	2	1	0	3	3	2	2	3	3	4	3	3	4	3	3	1	0	0	3	1	2	2	3	3	3	4	2	3	2	3	3	4	3	1	3
72	72	3	2	3	4	3	4	1	1	4	2	2	1	1	1	4	4	4	1	3	2	1	2	-1	4	3	2	2	4	2	1	1	3	3	3	2	4	4	4	3	4	1	3	3	3	3	4	1	3	3	1	1	3	3	4	4	2	1	4	1	2	1	1	2	4	0	3	1	1	0	1	1	4	1	2	1	1	4	1	4	4	4	1	3	4	1	3	2	1	2	4	1	1	1	1	2	4	0	4	3	2	0	4	4	3	1	4	3	1	0	0	1	2	2	4	2	1	2	3	2	2	2	3	3	4	3	4	3	1	1	3	3	3	3	3	1	2	1	3	3	4	2	3	4	1	3	2	3	0	0
92	92	3	2	1	4	3	2	1	4	2	2	2	1	3	4	4	3	4	1	2	4	1	4	2	2	1	2	2	1	4	3	0	1	3	3	4	4	1	2	1	4	3	1	0	1	3	4	0	3	1	1	3	4	3	4	4	4	1	2	1	4	0	1	2	4	2	3	1	1	3	6	4	4	1	2	3	2	4	0	4	1	2	3	1	3	1	0	2	3	2	2	1	6	1	2	0	4	0	0	0	0	2	4	2	2	1	2	3	3	2	0	4	1	2	4	0	6	0	3	3	2	4	3	3	0	3	0	4	3	3	1	3	3	2	3	2	4	1	1	1	3	2	3	4	1	3	2	1	4	1
79	79	1	1	1	3	3	4	3	1	2	2	4	3	1	4	0	3	3	1	2	2	1	2	2	0	1	0	2	4	2	1	1	1	1	3	4	2	1	4	0	2	3	3	3	3	1	4	3	1	0	3	0	3	1	4	4	2	2	2	2	2	1	1	0	2	2	3	2	3	0	3	4	4	4	2	1	1	1	1	2	1	2	3	3	4	1	3	1	3	4	2	3	1	1	1	2	4	2	4	1	4	2	4	4	3	3	4	4	1	0	0	4	1	4	4	1	1	0	0	2	2	4	3	3	4	3	3	3	3	1	1	1	3	2	1	2	2	3	1	1	3	3	3	4	1	3	2	1	1	3
73	73	3	2	1	3	3	4	1	1	2	0	4	3	1	4	2	4	4	1	2	2	2	2	4	4	1	4	3	4	2	1	1	1	1	3	2	4	1	2	3	2	3	3	3	3	3	2	3	1	3	1	0	3	3	0	4	4	2	2	1	4	1	3	4	2	2	3	1	1	1	3	1	4	1	2	1	1	1	1	4	4	2	1	3	3	3	3	1	3	2	4	1	1	2	2	2	3	4	3	3	4	2	4	4	3	3	4	3	1	2	0	4	2	4	0	1	1	2	4	2	2	4	3	3	3	3	3	3	3	1	1	1	0	2	3	2	4	3	1	1	3	3	1	2	1	3	2	3	1	0
58	58	1	1	1	4	3	4	3	4	2	2	2	1	3	4	4	3	4	1	2	4	1	2	2	2	1	4	2	4	0	3	0	1	3	3	4	4	0	4	3	4	3	0	2	1	3	2	3	3	1	3	1	4	3	0	4	4	1	2	2	4	1	1	4	4	2	3	2	1	1	3	4	4	4	2	1	2	4	1	4	1	4	3	1	4	3	3	2	1	4	2	3	3	2	0	4	4	4	3	3	4	2	4	2	2	1	4	3	3	2	0	4	1	2	0	0	3	2	0	3	2	4	3	3	4	3	3	3	1	3	0	1	3	3	3	2	4	1	1	1	3	3	3	4	1	3	4	3	1	3
330	330	0	0	0	0	0	0	0	0	0	0	0	0	0	0	0	0	0	0	0	0	0	0	0	0	0	0	0	0	0	0	0	0	0	0	0	0	0	0	0	0	0	0	0	0	0	0	0	0	0	0	0	0	0	0	0	0	0	0	0	0	0	0	0	0	0	0	0	0	0	0	0	0	0	0	0	0	0	0	0	0	0	0	0	0	0	0	0	0	0	0	0	0	0	0	0	0	0	4	3	4	0	0	0	0	0	0	0	0	0	0	0	0	0	0	0	0	0	0	0	0	0	0	0	0	0	0	0	0	0	0	0	0	0	0	0	0	0	0	0	0	0	0	0	0	0	0	0	0	0
294	294	0	0	0	0	0	0	0	0	0	0	0	0	0	0	0	0	0	0	0	0	0	0	0	0	0	0	0	0	0	0	0	0	0	0	0	0	0	0	0	0	0	0	0	0	0	0	0	0	0	0	0	0	0	0	0	0	0	0	0	0	0	0	0	0	0	0	0	0	0	0	0	0	0	0	0	0	0	0	0	0	0	0	0	0	0	0	0	0	0	0	0	0	0	0	0	0	0	4	3	4	0	0	0	0	0	0	0	0	0	0	0	0	0	0	0	0	0	0	0	0	0	0	0	0	0	0	0	0	0	0	0	0	0	0	0	0	0	0	0	0	0	0	0	0	0	0	0	0	0
422	422	0	0	0	0	0	0	0	0	0	0	0	0	0	0	0	0	0	0	0	0	0	0	0	0	0	0	0	0	0	0	0	0	0	0	0	0	0	0	0	0	0	0	0	0	0	0	0	0	0	0	0	0	0	0	0	0	0	0	0	0	0	0	0	0	0	0	0	0	0	0	0	0	0	0	0	0	0	0	0	0	0	0	0	0	0	0	0	0	0	0	0	0	0	0	0	0	0	0	0	0	0	0	0	0	0	0	0	0	0	0	0	0	0	0	0	0	0	0	0	0	0	0	0	0	0	0	0	0	0	0	0	0	0	0	0	0	0	0	0	0	0	0	0	0	0	0	0	0	0
56	56	1	1	1	4	3	2	3	1	2	2	2	1	1	4	2	3	3	1	2	4	2	2	4	4	1	2	2	1	2	1	0	1	1	4	4	2	1	4	1	4	3	3	2	3	3	2	1	3	3	1	3	3	1	2	2	2	2	4	1	2	3	3	4	2	1	3	1	1	1	1	1	4	1	2	1	1	1	1	4	1	2	1	1	4	3	3	1	3	2	2	3	1	2	2	4	4	0	4	0	4	4	4	2	3	1	4	4	1	4	2	4	0	4	0	1	1	2	0	2	2	2	3	1	4	1	3	3	3	3	1	1	3	2	1	1	2	1	3	1	3	3	3	4	3	3	2	1	1	3
36	36	3	2	3	4	3	4	1	4	4	2	2	3	1	4	2	3	4	1	2	2	2	2	4	4	3	4	2	1	2	3	0	3	3	4	2	2	4	4	0	4	1	0	2	1	3	4	3	3	1	3	3	3	1	4	4	4	1	4	1	2	3	1	2	2	2	3	1	3	1	3	4	1	1	2	3	1	4	3	2	4	2	1	1	4	3	1	1	1	2	2	3	1	2	2	4	4	4	3	1	4	4	4	4	3	1	4	3	3	4	2	1	2	4	4	0	3	0	3	3	4	2	1	1	3	1	4	4	1	3	1	3	3	2	3	2	2	3	3	1	4	3	1	4	1	1	2	3	1	1
35	35	3	2	3	3	1	2	3	4	4	2	0	3	1	4	2	3	4	1	2	2	1	2	4	4	3	4	2	1	2	3	2	3	1	4	2	2	4	2	3	4	1	0	2	3	3	4	1	1	1	3	3	3	3	0	4	2	1	2	2	2	3	3	4	2	0	4	2	1	3	3	4	4	1	2	3	1	4	1	4	4	0	3	1	3	3	1	2	3	2	2	3	1	1	2	4	3	4	3	3	2	4	1	4	2	1	2	3	3	4	2	4	2	4	4	2	3	2	4	3	4	2	1	1	3	1	4	4	1	1	1	1	1	2	3	2	4	3	3	1	4	3	1	4	1	1	2	3	1	1
423	423	0	0	0	0	0	0	0	0	0	0	0	0	0	0	0	0	0	0	0	0	0	0	0	0	0	0	0	0	0	0	0	0	0	0	0	0	0	0	0	0	0	0	0	0	0	0	0	0	0	0	0	0	0	0	0	0	0	0	0	0	0	0	0	0	0	0	0	0	0	0	0	0	0	0	0	0	0	0	0	0	0	0	0	0	0	0	0	0	0	0	0	0	0	0	0	0	0	0	0	0	0	0	0	0	0	0	0	0	0	0	0	0	0	0	0	0	0	0	0	0	0	0	0	0	0	0	0	0	0	0	0	0	0	0	0	0	0	0	0	0	0	0	0	0	0	0	0	0	0
80	80	1	1	1	3	3	4	3	4	2	3	2	3	1	1	4	3	3	2	3	4	1	4	2	2	1	4	3	1	2	1	1	1	3	3	4	4	1	2	3	2	3	3	2	3	1	4	3	1	1	1	1	4	3	4	4	2	2	2	1	4	3	3	4	4	2	3	1	3	0	3	4	4	1	2	3	1	4	1	4	1	2	3	1	3	3	3	1	1	2	2	1	1	2	2	4	3	0	4	1	2	2	1	4	3	1	4	4	1	0	0	0	0	4	0	1	3	2	0	2	2	2	1	3	4	3	4	4	1	1	1	1	1	4	3	2	4	3	3	3	3	3	3	4	1	1	2	1	1	1
331	331	0	0	0	0	0	0	0	0	0	0	0	0	0	0	0	0	0	0	0	0	0	0	0	0	0	0	0	0	0	0	0	0	0	0	0	0	0	0	0	0	0	0	0	0	0	0	0	0	0	0	0	0	0	0	0	0	0	0	0	0	0	0	0	0	0	0	0	0	0	0	0	0	0	0	0	0	0	0	0	0	0	0	0	0	0	0	0	0	0	0	0	0	0	0	0	0	0	4	0	0	0	0	0	0	0	0	0	0	0	0	0	0	0	0	0	0	0	0	0	0	0	0	0	0	0	0	0	0	0	0	0	0	0	0	0	0	0	0	0	0	0	0	0	0	0	0	0	0	0
424	424	0	0	0	0	0	0	0	0	0	0	0	0	0	0	0	0	0	0	0	0	0	0	0	0	0	0	0	0	0	0	0	0	0	0	0	0	0	0	0	0	0	0	0	0	0	0	0	0	0	0	0	0	0	0	0	0	0	0	0	0	0	0	0	0	0	0	0	0	0	0	0	0	0	0	0	0	0	0	0	0	0	0	0	0	0	0	0	0	0	0	0	0	0	0	0	0	0	0	0	0	0	0	0	0	0	0	0	0	0	0	0	0	0	0	0	0	0	0	0	0	0	0	0	0	0	0	0	0	0	0	0	0	0	0	0	0	0	0	0	0	0	0	0	0	0	0	0	0	0
375	375	0	0	0	0	0	0	0	0	0	0	0	0	0	0	0	0	0	0	0	0	0	0	0	0	0	0	0	0	0	0	0	0	0	0	0	0	0	0	0	0	0	0	0	0	0	0	0	0	0	0	0	0	0	0	0	0	0	0	0	0	0	0	0	0	0	0	0	0	0	0	0	0	0	0	0	0	0	0	0	0	0	0	0	0	0	0	0	0	0	0	0	0	0	0	0	0	0	3	3	0	0	0	0	0	0	0	0	0	0	0	0	0	0	0	0	0	0	0	0	0	0	0	0	0	0	0	0	0	0	0	0	0	0	0	0	0	0	0	0	0	0	0	0	0	0	0	0	0	0
425	425	0	0	0	0	0	0	0	0	0	0	0	0	0	0	0	0	0	0	0	0	0	0	0	0	0	0	0	0	0	0	0	0	0	0	0	0	0	0	0	0	0	0	0	0	0	0	0	0	0	0	0	0	0	0	0	0	0	0	0	0	0	0	0	0	0	0	0	0	0	0	0	0	0	0	0	0	0	0	0	0	0	0	0	0	0	0	0	0	0	0	0	0	0	0	0	0	0	0	0	0	0	0	0	0	0	0	0	0	0	0	0	0	0	0	0	0	0	0	0	0	0	0	0	0	0	0	0	0	0	0	0	0	0	0	0	0	0	0	0	0	0	0	0	0	0	0	0	0	0
21	21	1	1	0	4	3	4	1	4	2	3	2	1	1	4	2	3	4	2	3	2	1	0	4	4	1	4	3	4	2	3	0	3	3	4	4	4	4	2	3	4	1	0	2	3	3	4	1	3	0	1	3	3	3	2	2	4	2	2	1	4	1	3	4	4	2	3	1	3	1	3	4	4	1	2	3	1	1	1	4	4	2	1	3	3	3	3	2	1	2	4	1	1	2	2	4	4	2	4	1	4	2	4	4	2	0	4	4	3	4	3	1	1	2	4	1	3	0	3	3	4	2	3	3	4	3	4	3	3	1	1	3	0	3	3	2	4	0	1	1	3	3	1	2	3	3	2	3	1	3
22	22	1	2	3	3	1	4	1	4	2	3	2	1	3	4	2	3	4	1	3	4	1	4	4	2	3	4	2	4	2	1	2	3	1	3	4	4	4	4	3	2	1	3	2	1	3	4	3	3	3	1	3	3	1	2	2	4	2	2	1	4	3	1	2	4	2	3	0	1	3	3	4	1	1	2	1	1	4	3	4	4	2	3	3	4	3	3	2	1	2	4	3	1	2	1	2	3	2	3	3	2	2	4	4	2	3	4	4	1	4	2	4	1	4	1	2	1	2	3	3	4	2	3	1	4	3	4	3	3	1	1	0	1	2	3	2	4	0	1	1	3	2	3	2	3	1	2	3	4	0
426	426	0	0	0	0	0	0	0	0	0	0	0	0	0	0	0	0	0	0	0	0	0	0	0	0	0	0	0	0	0	0	0	0	0	0	0	0	0	0	0	0	0	0	0	0	0	0	0	0	0	0	0	0	0	0	0	0	0	0	0	0	0	0	0	0	0	0	0	0	0	0	0	0	0	0	0	0	0	0	0	0	0	0	0	0	0	0	0	0	0	0	0	0	0	0	0	0	0	0	0	0	0	0	0	0	0	0	0	0	0	0	0	0	0	0	0	0	0	0	0	0	0	0	0	0	0	0	0	0	0	0	0	0	0	0	0	0	0	0	0	0	0	0	0	0	0	0	0	0	0
364	364	0	0	0	0	0	0	0	0	0	0	0	0	0	0	0	0	0	0	0	0	0	0	0	0	0	0	0	0	0	0	0	0	0	0	0	0	0	0	0	0	0	0	0	0	0	0	0	0	0	0	0	0	0	0	0	0	0	0	0	0	0	0	0	0	0	0	0	0	0	0	0	0	0	0	0	0	0	0	0	0	0	0	0	0	0	0	0	0	0	0	0	0	0	0	0	0	0	4	3	4	0	0	0	0	0	0	0	0	0	0	0	0	0	0	0	0	0	0	0	0	0	0	0	0	0	0	0	0	0	0	0	0	0	0	0	0	0	0	0	0	0	0	0	0	0	0	0	0	0
332	332	0	0	0	0	0	0	0	0	0	0	0	0	0	0	0	0	0	0	0	0	0	0	0	0	0	0	0	0	0	0	0	0	0	0	0	0	0	0	0	0	0	0	0	0	0	0	0	0	0	0	0	0	0	0	0	0	0	0	0	0	0	0	0	0	0	0	0	0	0	0	0	0	0	0	0	0	0	0	0	0	0	0	0	0	0	0	0	0	0	0	0	0	0	0	0	0	0	3	3	0	0	0	0	0	0	0	0	0	0	0	0	0	0	0	0	0	0	0	0	0	0	0	0	0	0	0	0	0	0	0	0	0	0	0	0	0	0	0	0	0	0	0	0	0	0	0	0	0	0
95	95	1	2	1	3	3	4	3	4	4	2	4	1	1	1	2	3	4	1	3	2	2	2	2	2	3	2	2	1	4	1	1	1	1	3	2	4	1	2	3	4	3	3	3	3	3	2	1	1	1	0	3	3	3	2	2	4	2	2	1	2	1	1	2	2	2	3	0	1	0	3	0	4	4	2	3	1	4	0	4	4	2	3	3	3	3	3	1	1	2	2	1	1	1	2	4	4	2	3	3	2	2	4	4	3	1	2	4	1	2	0	4	1	2	0	2	1	4	4	2	2	4	3	1	4	3	4	0	3	3	0	1	1	2	3	2	2	3	1	1	4	3	1	2	1	1	2	1	1	0
333	333	0	0	0	0	0	0	0	0	0	0	0	0	0	0	0	0	0	0	0	0	0	0	0	0	0	0	0	0	0	0	0	0	0	0	0	0	0	0	0	0	0	0	0	0	0	0	0	0	0	0	0	0	0	0	0	0	0	0	0	0	0	0	0	0	0	0	0	0	0	0	0	0	0	0	0	0	0	0	0	0	0	0	0	0	0	0	0	0	0	0	0	0	0	0	0	0	0	4	3	4	0	0	0	0	0	0	0	0	0	0	0	0	0	0	0	0	0	0	0	0	0	0	0	0	0	0	0	0	0	0	0	0	0	0	0	0	0	0	0	0	0	0	0	0	0	0	0	0	0
334	334	0	0	0	0	0	0	0	0	0	0	0	0	0	0	0	0	0	0	0	0	0	0	0	0	0	0	0	0	0	0	0	0	0	0	0	0	0	0	0	0	0	0	0	0	0	0	0	0	0	0	0	0	0	0	0	0	0	0	0	0	0	0	0	0	0	0	0	0	0	0	0	0	0	0	0	0	0	0	0	0	0	0	0	0	0	0	0	0	0	0	0	0	0	0	0	0	0	0	1	2	0	0	0	0	0	0	0	0	0	0	0	0	0	0	0	0	0	0	0	0	0	0	0	0	0	0	0	0	0	0	0	0	0	0	0	0	0	0	0	0	0	0	0	0	0	0	0	0	0
335	335	0	0	0	0	0	0	0	0	0	0	0	0	0	0	0	0	0	0	0	0	0	0	0	0	0	0	0	0	0	0	0	0	0	0	0	0	0	0	0	0	0	0	0	0	0	0	0	0	0	0	0	0	0	0	0	0	0	0	0	0	0	0	0	0	0	0	0	0	0	0	0	0	0	0	0	0	0	0	0	0	0	0	0	0	0	0	0	0	0	0	0	0	0	0	0	0	0	3	1	2	0	0	0	0	0	0	0	0	0	0	0	0	0	0	0	0	0	0	0	0	0	0	0	0	0	0	0	0	0	0	0	0	0	0	0	0	0	0	0	0	0	0	0	0	0	0	0	0	0
313	313	0	0	0	0	0	0	0	0	0	0	0	0	0	0	0	0	0	0	0	0	0	0	0	0	0	0	0	0	0	0	0	0	0	0	0	0	0	0	0	0	0	0	0	0	0	0	0	0	0	0	0	0	0	0	0	0	0	0	0	0	0	0	0	0	0	0	0	0	0	0	0	0	0	0	0	0	0	0	0	0	0	0	0	0	0	0	0	0	0	0	0	0	0	0	0	0	0	4	0	0	0	0	0	0	0	0	0	0	0	0	0	0	0	0	0	0	0	0	0	0	0	0	0	0	0	0	0	0	0	0	0	0	0	0	0	0	0	0	0	0	0	0	0	0	0	0	0	0	0
304	304	0	0	0	0	0	0	0	0	0	0	0	0	0	0	0	0	0	0	0	0	0	0	0	0	0	0	0	0	0	0	0	0	0	0	0	0	0	0	0	0	0	0	0	0	0	0	0	0	0	0	0	0	0	0	0	0	0	0	0	0	0	0	0	0	0	0	0	0	0	0	0	0	0	0	0	0	0	0	0	0	0	0	0	0	0	0	0	0	0	0	0	0	0	0	0	0	0	4	3	4	0	0	0	0	0	0	0	0	0	0	0	0	0	0	0	0	0	0	0	0	0	0	0	0	0	0	0	0	0	0	0	0	0	0	0	0	0	0	0	0	0	0	0	0	0	0	0	0	0
336	336	0	0	0	0	0	0	0	0	0	0	0	0	0	0	0	0	0	0	0	0	0	0	0	0	0	0	0	0	0	0	0	0	0	0	0	0	0	0	0	0	0	0	0	0	0	0	0	0	0	0	0	0	0	0	0	0	0	0	0	0	0	0	0	0	0	0	0	0	0	0	0	0	0	0	0	0	0	0	0	0	0	0	0	0	0	0	0	0	0	0	0	0	0	0	0	0	0	4	3	2	0	0	0	0	0	0	0	0	0	0	0	0	0	0	0	0	0	0	0	0	0	0	0	0	0	0	0	0	0	0	0	0	0	0	0	0	0	0	0	0	0	0	0	0	0	0	0	0	0
337	337	0	0	0	0	0	0	0	0	0	0	0	0	0	0	0	0	0	0	0	0	0	0	0	0	0	0	0	0	0	0	0	0	0	0	0	0	0	0	0	0	0	0	0	0	0	0	0	0	0	0	0	0	0	0	0	0	0	0	0	0	0	0	0	0	0	0	0	0	0	0	0	0	0	0	0	0	0	0	0	0	0	0	0	0	0	0	0	0	0	0	0	0	0	0	0	0	0	4	0	0	0	0	0	0	0	0	0	0	0	0	0	0	0	0	0	0	0	0	0	0	0	0	0	0	0	0	0	0	0	0	0	0	0	0	0	0	0	0	0	0	0	0	0	0	0	0	0	0	0
8	8	3	2	0	3	1	2	1	1	2	2	4	1	1	4	2	0	4	0	2	4	2	2	4	4	1	4	3	1	2	3	2	1	3	0	2	4	1	4	3	4	1	3	2	3	1	4	1	1	3	1	1	3	3	2	4	2	1	4	1	4	3	3	4	2	1	3	0	3	3	1	0	1	4	2	1	1	4	1	4	4	2	1	1	4	3	3	1	1	4	2	0	1	1	1	4	3	2	3	1	4	4	4	2	3	1	0	4	3	4	0	0	0	0	0	1	3	4	4	3	4	4	1	3	3	3	4	4	3	1	3	1	3	2	1	1	2	3	0	3	3	3	3	4	1	1	2	3	1	0
7	7	3	0	0	0	3	2	1	1	0	2	4	3	1	1	0	3	4	1	3	4	2	2	4	4	1	4	3	1	2	1	0	3	1	3	4	2	1	2	3	2	3	0	3	3	3	2	3	3	0	1	1	3	3	2	4	2	1	4	1	4	3	0	4	2	2	3	2	3	3	3	1	1	4	2	1	1	1	1	4	4	2	1	3	3	3	3	1	1	4	2	3	1	1	1	4	3	2	3	1	4	4	4	2	3	1	2	4	3	4	2	1	1	4	1	1	1	2	4	2	0	4	1	3	0	1	4	0	1	3	3	3	0	3	1	1	4	3	1	1	3	3	1	4	1	1	2	3	1	0
427	427	0	0	0	0	0	0	0	0	0	0	0	0	0	0	0	0	0	0	0	0	0	0	0	0	0	0	0	0	0	0	0	0	0	0	0	0	0	0	0	0	0	0	0	0	0	0	0	0	0	0	0	0	0	0	0	0	0	0	0	0	0	0	0	0	0	0	0	0	0	0	0	0	0	0	0	0	0	0	0	0	0	0	0	0	0	0	0	0	0	0	0	0	0	0	0	0	0	0	0	0	0	0	0	0	0	0	0	0	0	0	0	0	0	0	0	0	0	0	0	0	0	0	0	0	0	0	0	0	0	0	0	0	0	0	0	0	0	0	0	0	0	0	0	0	0	0	0	0	0
86	86	1	1	1	3	3	4	3	4	4	3	0	3	3	1	2	3	3	0	2	4	1	2	4	2	1	2	3	1	2	3	0	3	3	3	4	2	0	2	3	4	1	3	3	3	1	2	1	3	3	1	1	4	1	4	2	2	1	0	2	2	3	3	4	4	2	4	1	1	3	3	4	4	0	4	3	1	1	1	4	4	4	1	1	3	1	3	2	3	4	2	3	1	2	1	2	3	4	3	3	2	4	4	2	3	1	4	3	1	4	3	1	1	4	4	0	3	2	0	3	4	2	1	1	0	3	4	3	1	3	3	3	1	2	1	1	2	0	3	1	3	3	1	2	1	1	2	1	1	1
30	30	1	2	1	4	3	4	1	4	4	2	4	0	3	4	4	3	4	2	3	2	1	4	4	4	1	4	2	1	4	1	1	1	3	3	4	2	4	2	3	2	3	3	2	1	3	4	1	3	3	3	3	4	3	4	2	4	1	2	1	2	2	1	2	2	2	3	1	3	1	3	4	4	4	2	1	2	4	1	4	1	2	3	3	4	1	3	2	1	2	4	1	3	2	2	0	4	0	3	3	4	4	4	4	2	1	2	3	1	2	2	4	1	2	1	2	1	2	4	3	2	4	3	1	4	1	3	3	3	1	3	0	0	3	3	2	4	3	1	3	4	2	1	4	1	1	4	1	4	3
29	29	3	2	1	4	3	4	3	4	2	2	4	3	3	1	4	3	3	1	2	2	1	4	4	4	1	4	3	-1	4	1	1	1	1	4	4	4	1	4	1	4	3	1	3	3	3	4	3	3	3	3	3	4	3	4	2	4	2	2	2	4	1	3	4	2	2	3	1	1	3	1	4	4	4	4	3	1	4	1	4	1	2	1	3	3	1	3	1	1	2	4	1	1	2	2	4	4	2	4	3	4	4	1	4	2	0	2	3	1	2	2	4	1	4	4	0	1	0	4	3	2	4	1	1	4	3	3	3	3	3	3	3	3	3	1	2	4	3	1	1	3	2	1	2	3	3	2	1	4	1
296	296	0	0	0	0	0	0	0	0	0	0	0	0	0	0	0	0	0	0	0	0	0	0	0	0	0	0	0	0	0	0	0	0	0	0	0	0	0	0	0	0	0	0	0	0	0	0	0	0	0	0	0	0	0	0	0	0	0	0	0	0	0	0	0	0	0	0	0	0	0	0	0	0	0	0	0	0	0	0	0	0	0	0	0	0	0	0	0	0	0	0	0	0	0	0	0	0	0	4	3	4	0	0	0	0	0	0	0	0	0	0	0	0	0	0	0	0	0	0	0	0	0	0	0	0	0	0	0	0	0	0	0	0	0	0	0	0	0	0	0	0	0	0	0	0	0	0	0	0	0
69	69	1	1	3	3	1	2	1	1	2	2	2	3	1	4	2	3	3	2	2	2	2	4	2	2	3	2	3	1	2	1	1	3	1	3	2	2	1	4	3	2	1	3	2	1	3	2	1	3	0	3	3	3	0	2	4	4	2	0	1	0	1	3	4	4	2	3	2	1	3	3	1	1	1	2	3	1	4	1	4	1	2	3	3	3	3	1	1	3	4	4	3	3	1	2	2	3	2	4	1	4	2	4	2	2	3	2	3	1	4	3	0	1	4	4	1	1	0	0	2	2	2	1	1	3	3	4	4	3	1	3	0	0	2	3	2	4	3	3	3	3	3	1	2	1	1	2	1	1	3
338	338	0	0	0	0	0	0	0	0	0	0	0	0	0	0	0	0	0	0	0	0	0	0	0	0	0	0	0	0	0	0	0	0	0	0	0	0	0	0	0	0	0	0	0	0	0	0	0	0	0	0	0	0	0	0	0	0	0	0	0	0	0	0	0	0	0	0	0	0	0	0	0	0	0	0	0	0	0	0	0	0	0	0	0	0	0	0	0	0	0	0	0	0	0	0	0	0	0	4	0	4	0	0	0	0	0	0	0	0	0	0	0	0	0	0	0	0	0	0	0	0	0	0	0	0	0	0	0	0	0	0	0	0	0	0	0	0	0	0	0	0	0	0	0	0	0	0	0	0	0
312	312	0	0	0	0	0	0	0	0	0	0	0	0	0	0	0	0	0	0	0	0	0	0	0	0	0	0	0	0	0	0	0	0	0	0	0	0	0	0	0	0	0	0	0	0	0	0	0	0	0	0	0	0	0	0	0	0	0	0	0	0	0	0	0	0	0	0	0	0	0	0	0	0	0	0	0	0	0	0	0	0	0	0	0	0	0	0	0	0	0	0	0	0	0	0	0	0	0	4	1	4	0	0	0	0	0	0	0	0	0	0	0	0	0	0	0	0	0	0	0	0	0	0	0	0	0	0	0	0	0	0	0	0	0	0	0	0	0	0	0	0	0	0	0	0	0	0	0	0	0
47	47	3	2	1	4	3	4	3	4	2	2	2	3	1	4	4	4	3	0	2	4	2	2	4	2	1	4	2	4	2	3	2	1	3	3	4	4	1	2	0	2	1	0	3	3	1	2	1	3	1	1	3	3	0	0	2	4	2	4	1	2	2	3	4	4	2	4	2	3	3	3	1	4	1	2	3	1	1	1	4	4	2	1	1	3	3	3	2	1	2	2	3	1	2	2	4	3	2	3	3	2	4	4	2	2	3	2	4	1	0	2	1	2	4	4	0	3	0	4	2	4	2	3	1	3	3	4	4	1	3	1	1	3	2	3	1	2	1	1	1	4	3	3	2	1	1	2	0	1	1
48	48	3	2	1	4	3	4	3	4	4	2	0	3	1	1	2	4	4	0	2	4	2	4	4	2	1	4	3	1	2	1	2	1	1	4	2	2	1	2	3	4	1	3	3	1	1	4	3	3	0	1	3	3	0	4	4	2	2	4	1	2	2	3	4	4	2	4	1	3	3	3	1	4	1	2	3	1	4	3	4	1	4	1	1	3	1	3	1	3	2	2	0	1	2	2	4	10	2	3	3	0	4	4	9	2	1	4	3	1	2	2	1	2	4	4	2	3	2	0	2	4	2	3	1	3	3	4	4	1	3	1	1	3	2	3	1	2	3	3	1	4	2	1	2	1	1	2	3	1	1
347	347	0	0	0	0	0	0	0	0	0	0	0	0	0	0	0	0	0	0	0	0	0	0	0	0	0	0	0	0	0	0	0	0	0	0	0	0	0	0	0	0	0	0	0	0	0	0	0	0	0	0	0	0	0	0	0	0	0	0	0	0	0	0	0	0	0	0	0	0	0	0	0	0	0	0	0	0	0	0	0	0	0	0	0	0	0	0	0	0	0	0	0	0	0	0	0	0	0	3	1	4	0	0	0	0	0	0	0	0	0	0	0	0	0	0	0	0	0	0	0	0	0	0	0	0	0	0	0	0	0	0	0	0	0	0	0	0	0	0	0	0	0	0	0	0	0	0	0	0	0
428	428	0	0	0	0	0	0	0	0	0	0	0	0	0	0	0	0	0	0	0	0	0	0	0	0	0	0	0	0	0	0	0	0	0	0	0	0	0	0	0	0	0	0	0	0	0	0	0	0	0	0	0	0	0	0	0	0	0	0	0	0	0	0	0	0	0	0	0	0	0	0	0	0	0	0	0	0	0	0	0	0	0	0	0	0	0	0	0	0	0	0	0	0	0	0	0	0	0	0	0	0	0	0	0	0	0	0	0	0	0	0	0	0	0	0	0	0	0	0	0	0	0	0	0	0	0	0	0	0	0	0	0	0	0	0	0	0	0	0	0	0	0	0	0	0	0	0	0	0	0
5	5	3	2	1	3	1	0	1	1	2	2	4	1	1	4	2	3	4	1	2	4	2	2	4	0	1	4	3	1	2	3	0	1	3	4	2	4	1	4	3	4	1	3	2	3	0	4	1	1	0	1	1	3	3	2	4	2	1	4	1	4	3	3	4	2	1	3	2	3	3	1	4	1	4	2	1	1	4	1	4	4	2	1	1	3	3	1	1	3	4	2	3	1	1	1	4	3	0	3	3	4	2	4	0	2	0	2	3	1	4	2	1	2	2	4	1	0	4	4	3	4	4	1	3	3	3	4	0	3	1	3	0	3	2	0	1	2	0	3	1	3	3	1	0	1	0	2	3	1	0
6	6	1	1	1	3	3	2	3	0	2	3	2	3	1	4	2	3	4	2	2	2	2	2	4	4	1	4	3	1	2	3	2	1	3	4	2	4	1	4	3	4	1	3	2	3	3	4	1	1	3	3	3	3	0	4	4	4	0	2	1	2	3	0	0	4	1	4	0	1	3	3	4	4	1	2	3	1	4	1	4	4	2	3	1	3	3	0	2	3	4	2	3	1	2	1	4	3	0	4	3	4	2	4	0	2	3	2	3	1	4	2	1	2	2	4	1	0	4	4	2	4	2	1	1	0	3	4	0	3	1	3	1	0	2	3	2	4	3	3	1	3	3	1	4	1	1	2	1	1	1
2	2	3	2	0	3	1	2	1	1	2	2	4	1	1	4	2	3	4	1	2	4	2	2	4	0	1	4	3	1	2	3	2	1	3	4	2	4	1	4	3	4	1	3	2	3	1	4	1	1	0	1	1	3	3	2	4	0	2	0	1	4	3	3	4	2	1	3	2	0	3	1	4	1	4	2	1	1	4	1	4	4	2	1	0	4	3	3	1	1	4	2	3	1	1	1	4	3	2	3	1	0	4	0	2	3	1	2	4	3	4	2	1	2	4	4	1	3	4	4	3	4	4	1	3	0	3	4	0	3	1	3	1	3	2	1	1	2	0	3	3	3	3	3	4	1	1	2	3	1	1
1	1	1	2	0	4	3	4	3	1	4	2	4	3	3	4	0	3	4	1	3	4	1	2	4	4	1	4	3	1	2	1	1	1	3	0	4	4	4	2	3	4	1	0	2	0	3	2	3	3	0	3	3	3	3	0	2	4	2	4	1	4	1	0	4	0	0	4	2	3	0	3	1	1	1	2	1	2	4	1	4	4	2	3	3	4	1	1	1	3	2	4	0	1	2	1	4	4	0	4	0	0	4	4	4	2	0	0	3	1	2	3	4	1	2	1	1	1	2	4	2	4	2	1	1	3	1	4	0	1	1	3	3	0	3	3	2	4	3	1	1	3	3	1	4	1	1	2	3	1	3
290	290	0	0	0	0	0	0	0	0	0	0	0	0	0	0	0	0	0	0	0	0	0	0	0	0	0	0	0	0	0	0	0	0	0	0	0	0	0	0	0	0	0	0	0	0	0	0	0	0	0	0	0	0	0	0	0	0	0	0	0	0	0	0	0	0	0	0	0	0	0	0	0	0	0	0	0	0	0	0	0	0	0	0	0	0	0	0	0	0	0	0	0	0	0	0	0	0	0	4	3	4	0	0	0	0	0	0	0	0	0	0	0	0	0	0	0	0	0	0	0	0	0	0	0	0	0	0	0	0	0	0	0	0	0	0	0	0	0	0	0	0	0	0	0	0	0	0	0	0	0
339	339	0	0	0	0	0	0	0	0	0	0	0	0	0	0	0	0	0	0	0	0	0	0	0	0	0	0	0	0	0	0	0	0	0	0	0	0	0	0	0	0	0	0	0	0	0	0	0	0	0	0	0	0	0	0	0	0	0	0	0	0	0	0	0	0	0	0	0	0	0	0	0	0	0	0	0	0	0	0	0	0	0	0	0	0	0	0	0	0	0	0	0	0	0	0	0	0	0	3	0	0	0	0	0	0	0	0	0	0	0	0	0	0	0	0	0	0	0	0	0	0	0	0	0	0	0	0	0	0	0	0	0	0	0	0	0	0	0	0	0	0	0	0	0	0	0	0	0	0	0
349	349	0	0	0	0	0	0	0	0	0	0	0	0	0	0	0	0	0	0	0	0	0	0	0	0	0	0	0	0	0	0	0	0	0	0	0	0	0	0	0	0	0	0	0	0	0	0	0	0	0	0	0	0	0	0	0	0	0	0	0	0	0	0	0	0	0	0	0	0	0	0	0	0	0	0	0	0	0	0	0	0	0	0	0	0	0	0	0	0	0	0	0	0	0	0	0	0	0	3	1	4	0	0	0	0	0	0	0	0	0	0	0	0	0	0	0	0	0	0	0	0	0	0	0	0	0	0	0	0	0	0	0	0	0	0	0	0	0	0	0	0	0	0	0	0	0	0	0	0	0
376	376	0	0	0	0	0	0	0	0	0	0	0	0	0	0	0	0	0	0	0	0	0	0	0	0	0	0	0	0	0	0	0	0	0	0	0	0	0	0	0	0	0	0	0	0	0	0	0	0	0	0	0	0	0	0	0	0	0	0	0	0	0	0	0	0	0	0	0	0	0	0	0	0	0	0	0	0	0	0	0	0	0	0	0	0	0	0	0	0	0	0	0	0	0	0	0	0	0	4	1	0	0	0	0	0	0	0	0	0	0	0	0	0	0	0	0	0	0	0	0	0	0	0	0	0	0	0	0	0	0	0	0	0	0	0	0	0	0	0	0	0	0	0	0	0	0	0	0	0	0
340	340	0	0	0	0	0	0	0	0	0	0	0	0	0	0	0	0	0	0	0	0	0	0	0	0	0	0	0	0	0	0	0	0	0	0	0	0	0	0	0	0	0	0	0	0	0	0	0	0	0	0	0	0	0	0	0	0	0	0	0	0	0	0	0	0	0	0	0	0	0	0	0	0	0	0	0	0	0	0	0	0	0	0	0	0	0	0	0	0	0	0	0	0	0	0	0	0	0	4	0	4	0	0	0	0	0	0	0	0	0	0	0	0	0	0	0	0	0	0	0	0	0	0	0	0	0	0	0	0	0	0	0	0	0	0	0	0	0	0	0	0	0	0	0	0	0	0	0	0	0
341	341	0	0	0	0	0	0	0	0	0	0	0	0	0	0	0	0	0	0	0	0	0	0	0	0	0	0	0	0	0	0	0	0	0	0	0	0	0	0	0	0	0	0	0	0	0	0	0	0	0	0	0	0	0	0	0	0	0	0	0	0	0	0	0	0	0	0	0	0	0	0	0	0	0	0	0	0	0	0	0	0	0	0	0	0	0	0	0	0	0	0	0	0	0	0	0	0	0	4	0	4	0	0	0	0	0	0	0	0	0	0	0	0	0	0	0	0	0	0	0	0	0	0	0	0	0	0	0	0	0	0	0	0	0	0	0	0	0	0	0	0	0	0	0	0	0	0	0	0	0
83	83	1	1	1	3	3	4	1	4	4	2	2	3	3	4	2	4	3	1	3	2	1	4	4	0	3	4	2	1	0	1	2	1	3	3	2	4	1	2	1	4	3	1	3	3	3	4	1	1	1	3	0	3	1	0	2	4	1	4	1	2	3	3	4	4	2	4	1	1	3	3	4	1	1	4	3	1	4	1	4	1	4	3	3	4	3	1	1	3	4	2	1	1	2	1	4	4	2	4	3	2	4	4	4	3	3	4	3	1	0	0	4	2	2	4	0	1	2	0	3	2	2	1	3	4	1	3	3	3	3	3	1	3	3	1	1	4	3	1	3	3	3	3	2	1	1	4	3	1	3
395	395	0	0	0	0	0	0	0	0	0	0	0	0	0	0	0	0	0	0	0	0	0	0	0	0	0	0	0	0	0	0	0	0	0	0	0	0	0	0	0	0	0	0	0	0	0	0	0	0	0	0	0	0	0	0	0	0	0	0	0	0	0	0	0	0	0	0	0	0	0	0	0	0	0	0	0	0	0	0	0	0	0	0	0	0	0	0	0	0	0	0	0	0	0	0	0	0	0	0	0	0	0	0	0	0	0	0	0	0	0	0	0	0	0	0	0	0	0	0	0	0	0	0	0	0	0	0	0	0	0	0	0	0	0	0	0	0	0	0	0	0	0	0	0	0	0	0	0	0	0
314	314	0	0	0	0	0	0	0	0	0	0	0	0	0	0	0	0	0	0	0	0	0	0	0	0	0	0	0	0	0	0	0	0	0	0	0	0	0	0	0	0	0	0	0	0	0	0	0	0	0	0	0	0	0	0	0	0	0	0	0	0	0	0	0	0	0	0	0	0	0	0	0	0	0	0	0	0	0	0	0	0	0	0	0	0	0	0	0	0	0	0	0	0	0	0	0	0	0	4	0	2	0	0	0	0	0	0	0	0	0	0	0	0	0	0	0	0	0	0	0	0	0	0	0	0	0	0	0	0	0	0	0	0	0	0	0	0	0	0	0	0	0	0	0	0	0	0	0	0	0
300	300	0	0	0	0	0	0	0	0	0	0	0	0	0	0	0	0	0	0	0	0	0	0	0	0	0	0	0	0	0	0	0	0	0	0	0	0	0	0	0	0	0	0	0	0	0	0	0	0	0	0	0	0	0	0	0	0	0	0	0	0	0	0	0	0	0	0	0	0	0	0	0	0	0	0	0	0	0	0	0	0	0	0	0	0	0	0	0	0	0	0	0	0	0	0	0	0	0	3	1	4	0	0	0	0	0	0	0	0	0	0	0	0	0	0	0	0	0	0	0	0	0	0	0	0	0	0	0	0	0	0	0	0	0	0	0	0	0	0	0	0	0	0	0	0	0	0	0	0	0
429	429	0	0	0	0	0	0	0	0	0	0	0	0	0	0	0	0	0	0	0	0	0	0	0	0	0	0	0	0	0	0	0	0	0	0	0	0	0	0	0	0	0	0	0	0	0	0	0	0	0	0	0	0	0	0	0	0	0	0	0	0	0	0	0	0	0	0	0	0	0	0	0	0	0	0	0	0	0	0	0	0	0	0	0	0	0	0	0	0	0	0	0	0	0	0	0	0	0	0	0	0	0	0	0	0	0	0	0	0	0	0	0	0	0	0	0	0	0	0	0	0	0	0	0	0	0	0	0	0	0	0	0	0	0	0	0	0	0	0	0	0	0	0	0	0	0	0	0	0	0
89	89	3	2	1	4	1	4	3	4	2	2	2	1	3	4	2	3	4	1	3	2	1	4	2	2	1	2	3	1	0	1	2	1	1	3	2	2	1	2	1	4	3	0	2	1	3	2	1	0	1	3	0	3	1	4	4	4	1	2	1	4	1	1	2	0	2	3	1	3	0	3	0	4	4	4	3	1	4	1	2	1	2	3	3	3	1	3	2	3	2	2	1	1	-1	2	2	4	0	3	1	2	2	4	2	2	3	4	4	3	2	0	4	1	2	0	1	3	4	0	2	2	4	3	3	4	3	4	4	1	3	1	0	1	2	3	2	4	1	1	3	4	2	1	4	1	3	4	3	1	0
90	90	1	2	1	4	1	4	1	4	2	2	2	1	3	4	2	3	4	0	3	2	1	0	2	2	1	2	2	1	2	1	0	1	1	3	2	4	1	2	1	2	1	1	2	1	3	2	1	3	1	3	1	3	3	0	4	4	0	0	1	4	0	1	2	4	1	3	1	0	1	3	4	4	4	4	3	2	1	0	2	1	2	3	3	3	1	3	2	1	2	2	0	1	-1	0	2	4	0	3	3	4	2	1	2	2	3	4	4	3	2	2	4	1	2	0	0	3	4	0	2	2	4	3	3	4	3	4	4	1	3	1	0	3	2	1	2	4	1	1	3	3	2	3	2	1	3	0	3	1	1
19	19	1	2	3	4	3	4	3	4	4	2	0	3	1	1	0	4	3	1	3	4	2	2	4	4	1	4	2	1	2	1	0	3	1	3	4	2	1	2	3	4	1	3	2	3	3	2	1	3	3	1	0	4	1	2	2	4	2	2	1	4	3	3	4	4	2	3	1	1	3	3	4	4	1	2	3	1	1	1	4	1	2	3	0	4	1	3	1	1	2	2	1	1	-1	2	2	4	4	3	3	4	4	4	4	3	3	4	4	3	4	2	1	1	2	1	2	1	2	4	2	2	2	3	3	4	3	4	3	3	3	1	1	3	3	3	2	2	3	3	1	3	2	1	2	3	3	2	1	4	0
20	20	1	1	0	3	3	4	1	4	2	3	4	3	3	4	2	4	4	1	3	2	1	2	2	4	3	2	2	4	4	1	2	1	3	3	4	4	0	4	1	2	1	0	3	3	1	4	1	3	0	3	3	3	1	2	2	4	2	2	1	2	1	3	-1	4	2	3	2	1	3	3	4	4	1	2	3	1	4	3	4	1	2	3	3	3	1	1	1	3	4	2	1	1	2	1	2	4	2	3	3	2	0	1	2	2	1	4	4	3	2	2	1	1	4	4	0	1	0	3	2	2	4	3	3	4	3	4	3	3	3	3	3	3	3	1	2	2	3	1	1	3	2	1	2	1	3	2	3	4	3
37	37	3	2	1	4	3	2	3	1	4	2	2	3	1	4	4	3	3	2	3	2	1	2	4	4	3	4	2	1	2	1	1	3	3	4	2	2	1	2	3	2	3	3	3	3	3	2	1	1	1	3	3	3	3	4	4	2	1	2	2	2	3	1	2	4	2	4	1	1	1	3	4	1	1	4	3	1	4	3	2	4	4	3	1	3	3	1	1	1	2	4	3	1	1	2	4	4	2	3	3	2	4	4	4	2	1	2	3	3	4	2	4	2	4	1	2	3	0	4	2	4	2	1	1	3	1	4	4	1	3	1	1	0	3	3	2	2	3	3	1	4	3	1	4	1	1	2	1	1	1
38	38	3	2	1	4	1	2	1	4	2	2	4	3	1	1	2	3	4	1	2	4	2	4	4	4	1	4	2	4	2	3	2	3	1	3	4	4	0	2	1	4	3	0	2	3	3	2	1	1	1	1	1	3	3	4	2	4	2	2	0	2	1	3	4	2	2	4	2	3	3	3	1	1	1	2	3	1	4	1	4	4	2	3	0	4	1	1	1	1	2	2	1	1	2	1	4	4	2	3	1	4	2	4	4	2	1	2	3	1	4	3	4	2	2	4	1	3	4	4	3	2	4	1	1	4	3	3	4	1	1	1	1	0	2	1	2	2	1	1	3	3	3	3	2	1	3	2	1	1	0
377	377	0	0	0	0	0	0	0	0	0	0	0	0	0	0	0	0	0	0	0	0	0	0	0	0	0	0	0	0	0	0	0	0	0	0	0	0	0	0	0	0	0	0	0	0	0	0	0	0	0	0	0	0	0	0	0	0	0	0	0	0	0	0	0	0	0	0	0	0	0	0	0	0	0	0	0	0	0	0	0	0	0	0	0	0	0	0	0	0	0	0	0	0	0	0	0	0	0	4	0	4	0	0	0	0	0	0	0	0	0	0	0	0	0	0	0	0	0	0	0	0	0	0	0	0	0	0	0	0	0	0	0	0	0	0	0	0	0	0	0	0	0	0	0	0	0	0	0	0	0
342	342	0	0	0	0	0	0	0	0	0	0	0	0	0	0	0	0	0	0	0	0	0	0	0	0	0	0	0	0	0	0	0	0	0	0	0	0	0	0	0	0	0	0	0	0	0	0	0	0	0	0	0	0	0	0	0	0	0	0	0	0	0	0	0	0	0	0	0	0	0	0	0	0	0	0	0	0	0	0	0	0	0	0	0	0	0	0	0	0	0	0	0	0	0	0	0	0	0	3	3	4	0	0	0	0	0	0	0	0	0	0	0	0	0	0	0	0	0	0	0	0	0	0	0	0	0	0	0	0	0	0	0	0	0	0	0	0	0	0	0	0	0	0	0	0	0	0	0	0	0
430	430	0	0	0	0	0	0	0	0	0	0	0	0	0	0	0	0	0	0	0	0	0	0	0	0	0	0	0	0	0	0	0	0	0	0	0	0	0	0	0	0	0	0	0	0	0	0	0	0	0	0	0	0	0	0	0	0	0	0	0	0	0	0	0	0	0	0	0	0	0	0	0	0	0	0	0	0	0	0	0	0	0	0	0	0	0	0	0	0	0	0	0	0	0	0	0	0	0	0	0	0	0	0	0	0	0	0	0	0	0	0	0	0	0	0	0	0	0	0	0	0	0	0	0	0	0	0	0	0	0	0	0	0	0	0	0	0	0	0	0	0	0	0	0	0	0	0	0	0	0
363	363	0	0	0	0	0	0	0	0	0	0	0	0	0	0	0	0	0	0	0	0	0	0	0	0	0	0	0	0	0	0	0	0	0	0	0	0	0	0	0	0	0	0	0	0	0	0	0	0	0	0	0	0	0	0	0	0	0	0	0	0	0	0	0	0	0	0	0	0	0	0	0	0	0	0	0	0	0	0	0	0	0	0	0	0	0	0	0	0	0	0	0	0	0	0	0	0	0	3	3	2	0	0	0	0	0	0	0	0	0	0	0	0	0	0	0	0	0	0	0	0	0	0	0	0	0	0	0	0	0	0	0	0	0	0	0	0	0	0	0	0	0	0	0	0	0	0	0	0	0
343	343	0	0	0	0	0	0	0	0	0	0	0	0	0	0	0	0	0	0	0	0	0	0	0	0	0	0	0	0	0	0	0	0	0	0	0	0	0	0	0	0	0	0	0	0	0	0	0	0	0	0	0	0	0	0	0	0	0	0	0	0	0	0	0	0	0	0	0	0	0	0	0	0	0	0	0	0	0	0	0	0	0	0	0	0	0	0	0	0	0	0	0	0	0	0	0	0	0	4	0	4	0	0	0	0	0	0	0	0	0	0	0	0	0	0	0	0	0	0	0	0	0	0	0	0	0	0	0	0	0	0	0	0	0	0	0	0	0	0	0	0	0	0	0	0	0	0	0	0	0
344	344	0	0	0	0	0	0	0	0	0	0	0	0	0	0	0	0	0	0	0	0	0	0	0	0	0	0	0	0	0	0	0	0	0	0	0	0	0	0	0	0	0	0	0	0	0	0	0	0	0	0	0	0	0	0	0	0	0	0	0	0	0	0	0	0	0	0	0	0	0	0	0	0	0	0	0	0	0	0	0	0	0	0	0	0	0	0	0	0	0	0	0	0	0	0	0	0	0	4	0	4	0	0	0	0	0	0	0	0	0	0	0	0	0	0	0	0	0	0	0	0	0	0	0	0	0	0	0	0	0	0	0	0	0	0	0	0	0	0	0	0	0	0	0	0	0	0	0	0	0
41	41	3	2	1	4	1	4	1	4	2	3	4	3	1	1	2	3	3	2	3	2	1	2	2	0	3	2	3	4	2	1	2	3	1	3	4	4	1	2	1	4	1	1	2	3	3	2	1	3	1	1	0	3	3	4	2	4	1	2	1	2	1	1	2	4	0	3	2	3	3	1	4	4	4	4	1	2	1	3	2	4	4	1	3	3	3	3	1	1	4	4	1	1	2	1	4	4	4	4	3	4	2	4	4	3	3	4	3	3	2	3	4	1	4	4	1	3	4	3	3	4	4	3	3	4	1	3	3	3	3	0	0	3	2	1	2	2	3	1	1	3	3	1	2	1	1	4	1	4	3
42	42	3	2	0	4	1	4	1	4	2	0	4	3	1	1	0	3	3	2	3	2	1	2	2	0	3	2	3	4	2	1	2	3	1	3	4	0	1	2	1	4	1	1	2	3	3	2	1	3	1	1	1	3	3	0	2	4	1	2	1	2	1	1	2	4	2	3	2	3	3	1	0	4	4	4	1	2	1	3	2	4	4	1	3	3	3	3	1	1	4	4	1	1	2	0	4	4	4	4	3	4	2	4	4	3	3	4	3	3	2	3	4	1	4	4	0	3	4	3	3	4	4	3	3	4	1	3	3	3	3	0	1	3	2	1	2	2	3	1	1	3	3	1	2	1	1	4	1	4	0
431	431	0	0	0	0	0	0	0	0	0	0	0	0	0	0	0	0	0	0	0	0	0	0	0	0	0	0	0	0	0	0	0	0	0	0	0	0	0	0	0	0	0	0	0	0	0	0	0	0	0	0	0	0	0	0	0	0	0	0	0	0	0	0	0	0	0	0	0	0	0	0	0	0	0	0	0	0	0	0	0	0	0	0	0	0	0	0	0	0	0	0	0	0	0	0	0	0	0	0	0	0	0	0	0	0	0	0	0	0	0	0	0	0	0	0	0	0	0	0	0	0	0	0	0	0	0	0	0	0	0	0	0	0	0	0	0	0	0	0	0	0	0	0	0	0	0	0	0	0	0
432	432	0	0	0	0	0	0	0	0	0	0	0	0	0	0	0	0	0	0	0	0	0	0	0	0	0	0	0	0	0	0	0	0	0	0	0	0	0	0	0	0	0	0	0	0	0	0	0	0	0	0	0	0	0	0	0	0	0	0	0	0	0	0	0	0	0	0	0	0	0	0	0	0	0	0	0	0	0	0	0	0	0	0	0	0	0	0	0	0	0	0	0	0	0	0	0	0	0	0	0	0	0	0	0	0	0	0	0	0	0	0	0	0	0	0	0	0	0	0	0	0	0	0	0	0	0	0	0	0	0	0	0	0	0	0	0	0	0	0	0	0	0	0	0	0	0	0	0	0	0
370	370	0	0	0	0	0	0	0	0	0	0	0	0	0	0	0	0	0	0	0	0	0	0	0	0	0	0	0	0	0	0	0	0	0	0	0	0	0	0	0	0	0	0	0	0	0	0	0	0	0	0	0	0	0	0	0	0	0	0	0	0	0	0	0	0	0	0	0	0	0	0	0	0	0	0	0	0	0	0	0	0	0	0	0	0	0	0	0	0	0	0	0	0	0	0	0	0	0	4	3	4	0	0	0	0	0	0	0	0	0	0	0	0	0	0	0	0	0	0	0	0	0	0	0	0	0	0	0	0	0	0	0	0	0	0	0	0	0	0	0	0	0	0	0	0	0	0	0	0	0
84	84	1	1	3	3	1	4	3	1	4	3	2	1	3	4	4	3	3	2	3	4	1	4	4	4	3	4	3	1	0	3	0	3	3	4	2	2	1	2	1	4	3	1	2	1	3	4	3	1	1	1	3	3	1	4	4	2	1	4	2	0	3	3	4	2	0	4	1	1	3	0	1	1	4	4	3	2	4	1	4	1	4	3	3	4	3	1	1	3	2	2	1	1	2	2	4	4	2	4	1	4	4	4	4	2	3	4	3	3	4	0	4	1	4	4	0	0	0	4	2	2	2	1	3	4	3	4	3	3	3	3	3	0	2	1	1	2	1	3	1	4	3	3	2	1	1	4	3	1	3
85	85	3	1	3	3	1	4	3	1	4	2	2	3	3	1	0	4	3	1	3	2	1	4	4	4	3	4	3	4	2	1	1	3	1	4	4	4	1	2	1	4	1	1	2	3	3	4	3	1	1	3	3	3	1	2	2	2	2	0	2	0	1	1	2	2	2	4	1	1	1	1	4	1	1	4	3	1	4	1	4	1	4	3	3	4	3	1	2	3	4	2	1	1	2	2	4	4	2	4	3	4	4	1	4	2	3	4	3	1	4	2	4	2	4	4	1	1	0	4	3	2	2	3	1	3	3	3	3	3	3	1	3	3	3	3	1	2	0	3	1	4	2	3	2	1	3	4	3	1	1
78	78	1	2	3	3	3	4	1	4	4	2	2	3	1	4	2	3	4	1	2	2	2	2	4	2	1	4	2	1	2	1	2	3	1	3	4	4	0	2	3	4	3	1	2	3	1	2	1	3	3	1	3	3	3	2	2	2	1	2	1	4	1	3	4	2	1	3	1	1	1	3	1	4	0	2	3	2	4	1	4	1	2	1	3	3	3	1	1	3	4	2	1	3	2	2	4	4	2	3	3	2	4	4	4	3	1	4	4	1	2	3	4	2	4	4	2	1	2	4	2	4	2	3	3	4	3	3	4	3	3	3	0	3	2	3	2	2	3	1	1	3	2	3	4	1	1	4	1	1	3
345	345	0	0	0	0	0	0	0	0	0	0	0	0	0	0	0	0	0	0	0	0	0	0	0	0	0	0	0	0	0	0	0	0	0	0	0	0	0	0	0	0	0	0	0	0	0	0	0	0	0	0	0	0	0	0	0	0	0	0	0	0	0	0	0	0	0	0	0	0	0	0	0	0	0	0	0	0	0	0	0	0	0	0	0	0	0	0	0	0	0	0	0	0	0	0	0	0	0	3	0	0	0	0	0	0	0	0	0	0	0	0	0	0	0	0	0	0	0	0	0	0	0	0	0	0	0	0	0	0	0	0	0	0	0	0	0	0	0	0	0	0	0	0	0	0	0	0	0	0	0
433	433	0	0	0	0	0	0	0	0	0	0	0	0	0	0	0	0	0	0	0	0	0	0	0	0	0	0	0	0	0	0	0	0	0	0	0	0	0	0	0	0	0	0	0	0	0	0	0	0	0	0	0	0	0	0	0	0	0	0	0	0	0	0	0	0	0	0	0	0	0	0	0	0	0	0	0	0	0	0	0	0	0	0	0	0	0	0	0	0	0	0	0	0	0	0	0	0	0	0	0	0	0	0	0	0	0	0	0	0	0	0	0	0	0	0	0	0	0	0	0	0	0	0	0	0	0	0	0	0	0	0	0	0	0	0	0	0	0	0	0	0	0	0	0	0	0	0	0	0	0
434	434	0	0	0	0	0	0	0	0	0	0	0	0	0	0	0	0	0	0	0	0	0	0	0	0	0	0	0	0	0	0	0	0	0	0	0	0	0	0	0	0	0	0	0	0	0	0	0	0	0	0	0	0	0	0	0	0	0	0	0	0	0	0	0	0	0	0	0	0	0	0	0	0	0	0	0	0	0	0	0	0	0	0	0	0	0	0	0	0	0	0	0	0	0	0	0	0	0	0	0	0	0	0	0	0	0	0	0	0	0	0	0	0	0	0	0	0	0	0	0	0	0	0	0	0	0	0	0	0	0	0	0	0	0	0	0	0	0	0	0	0	0	0	0	0	0	0	0	0	0
24	24	1	2	3	4	3	4	1	4	2	3	2	1	1	1	2	4	4	1	2	2	1	4	4	4	1	4	2	4	2	1	2	1	3	3	4	2	0	2	3	4	1	3	3	3	1	2	3	3	0	3	1	3	1	4	4	4	1	4	2	2	1	3	4	4	2	3	0	1	3	3	0	4	1	2	1	1	4	1	4	1	2	1	1	4	1	3	1	1	2	2	1	1	2	2	4	3	2	3	3	4	4	4	4	3	3	2	3	1	2	2	1	0	0	0	1	0	4	3	2	2	4	3	3	4	3	4	3	3	1	1	3	1	3	3	2	2	3	1	1	3	3	3	4	1	1	2	3	1	3
23	23	1	2	1	4	3	2	1	1	4	3	2	1	3	4	4	3	4	2	2	2	0	2	2	4	3	4	3	1	4	1	1	1	1	0	4	2	0	4	0	4	1	0	3	3	3	4	1	3	1	1	3	3	3	0	2	4	1	2	0	2	1	1	2	4	2	3	1	1	0	1	4	4	4	2	3	1	4	1	4	0	2	3	3	3	3	3	1	1	2	4	3	1	2	1	4	4	0	4	1	4	2	1	2	2	3	4	3	1	4	0	4	2	4	4	1	1	4	4	3	4	2	1	3	4	3	3	0	3	3	3	1	3	0	3	2	4	1	3	1	3	3	3	2	3	1	4	1	1	3
49	49	3	2	3	4	3	2	1	1	2	2	2	1	3	1	2	4	3	1	3	2	2	2	-1	0	1	2	2	1	4	1	2	1	3	4	4	4	4	2	3	2	1	3	2	1	3	4	1	3	3	3	3	3	3	0	4	4	1	2	2	2	3	3	4	4	1	3	1	3	3	3	0	4	1	2	3	1	1	1	2	1	2	1	3	3	3	1	2	1	2	2	1	1	2	2	4	4	0	3	3	2	2	1	4	2	1	4	4	1	4	2	4	2	2	4	1	1	4	4	2	2	4	3	3	4	1	3	3	3	3	1	1	3	3	3	2	2	3	1	3	3	2	1	2	3	1	2	1	4	3
50	50	3	1	1	4	3	4	1	1	2	2	2	3	3	4	2	3	4	1	3	2	1	2	2	4	3	4	3	1	4	3	1	1	3	4	4	4	4	4	3	2	1	0	2	1	3	4	1	3	3	0	3	0	3	0	4	4	2	4	1	2	1	3	4	2	2	3	2	3	1	3	4	4	1	2	3	2	1	1	4	4	2	1	3	3	3	1	2	3	2	4	1	3	2	0	2	3	2	3	1	4	4	4	4	3	1	4	4	3	4	2	1	1	2	4	0	1	0	0	2	0	4	3	3	4	1	3	4	1	3	1	3	3	3	3	2	2	3	1	1	3	2	1	2	1	3	2	1	1	1
64	64	3	1	6	4	3	9	3	1	2	2	4	3	1	7	2	3	4	2	2	4	1	4	0	4	3	4	8	0	2	1	5	6	3	3	2	4	1	9	3	9	1	3	8	1	6	4	6	1	3	1	3	3	6	4	4	2	2	0	2	2	0	0	4	2	2	4	1	1	0	3	4	4	1	9	3	1	7	6	4	7	2	6	3	3	3	1	1	3	9	9	3	1	2	5	4	10	9	4	3	4	2	4	9	2	3	4	3	1	4	0	1	1	4	4	1	6	4	3	2	4	2	1	1	3	3	10	3	1	1	3	0	0	8	3	2	9	3	1	6	10	2	3	2	3	1	4	6	1	3
17	17	1	1	0	3	3	4	1	4	2	3	4	3	1	4	0	4	3	2	3	2	2	4	4	4	1	2	2	1	2	1	2	3	1	3	4	2	4	0	3	2	1	3	3	1	1	4	3	3	3	1	3	3	3	2	2	2	1	2	2	2	1	3	4	4	2	3	2	3	3	3	0	1	1	4	1	2	1	1	2	1	2	3	0	3	1	3	2	1	4	2	1	1	2	2	2	4	0	4	3	4	2	1	4	2	3	2	4	1	4	2	1	2	4	1	2	1	4	0	2	2	2	3	3	4	3	3	3	3	3	3	3	3	2	3	1	4	1	1	1	3	3	1	2	3	3	4	1	1	3
18	18	1	1	1	3	3	2	1	4	2	3	4	3	1	4	0	3	3	2	3	2	2	4	4	4	1	2	2	1	2	1	2	3	1	3	2	4	1	4	3	4	3	3	3	3	3	4	3	3	3	1	3	4	3	2	2	2	1	2	2	4	1	1	2	4	2	3	2	3	3	3	4	1	1	4	3	1	1	1	2	1	2	3	1	3	1	3	1	3	4	2	0	3	2	0	2	4	0	4	3	4	2	1	4	2	3	2	4	1	4	2	1	0	4	1	2	1	2	3	3	4	2	3	3	4	3	4	3	1	3	3	3	3	2	1	2	4	3	3	1	3	3	1	2	3	3	4	1	1	0
295	295	0	0	0	0	0	0	0	0	0	0	0	0	0	0	0	0	0	0	0	0	0	0	0	0	0	0	0	0	0	0	0	0	0	0	0	0	0	0	0	0	0	0	0	0	0	0	0	0	0	0	0	0	0	0	0	0	0	0	0	0	0	0	0	0	0	0	0	0	0	0	0	0	0	0	0	0	0	0	0	0	0	0	0	0	0	0	0	0	0	0	0	0	0	0	0	0	0	3	1	2	0	0	0	0	0	0	0	0	0	0	0	0	0	0	0	0	0	0	0	0	0	0	0	0	0	0	0	0	0	0	0	0	0	0	0	0	0	0	0	0	0	0	0	0	0	0	0	0	0
81	81	3	2	1	4	3	4	1	4	2	0	2	3	3	4	4	3	4	1	2	4	1	2	2	0	1	4	2	1	2	3	0	3	3	3	4	4	4	4	1	4	1	1	3	3	3	4	1	3	1	1	3	4	3	4	4	4	1	4	2	0	3	3	4	4	2	3	2	1	0	3	0	4	4	2	1	1	1	0	4	1	2	3	3	3	3	3	2	1	2	4	1	3	2	0	2	4	2	4	3	4	2	4	4	3	1	4	3	3	2	2	4	0	4	4	2	1	2	3	2	2	4	3	3	4	1	4	4	3	3	3	0	3	3	1	2	4	3	1	1	3	2	1	4	1	3	2	3	4	0
435	435	0	0	0	0	0	0	0	0	0	0	0	0	0	0	0	0	0	0	0	0	0	0	0	0	0	0	0	0	0	0	0	0	0	0	0	0	0	0	0	0	0	0	0	0	0	0	0	0	0	0	0	0	0	0	0	0	0	0	0	0	0	0	0	0	0	0	0	0	0	0	0	0	0	0	0	0	0	0	0	0	0	0	0	0	0	0	0	0	0	0	0	0	0	0	0	0	0	0	0	0	0	0	0	0	0	0	0	0	0	0	0	0	0	0	0	0	0	0	0	0	0	0	0	0	0	0	0	0	0	0	0	0	0	0	0	0	0	0	0	0	0	0	0	0	0	0	0	0	0
59	59	1	2	0	4	3	4	1	4	2	2	2	1	3	4	4	3	3	1	2	2	1	4	4	0	3	2	2	1	4	1	2	1	1	3	4	4	1	4	3	2	3	3	3	3	1	2	1	1	1	3	0	3	3	0	4	2	1	4	2	2	1	3	4	4	0	3	2	3	1	3	0	1	1	2	1	1	1	1	4	1	2	3	3	3	3	3	1	1	2	2	3	1	2	0	2	4	4	4	1	2	4	4	2	3	3	4	3	1	4	0	1	2	2	4	2	1	0	3	2	2	2	1	3	3	3	4	3	3	1	1	0	3	3	3	2	2	1	3	1	4	2	3	2	1	1	2	1	4	3
384	384	0	0	0	0	0	0	0	0	0	0	0	0	0	0	0	0	0	0	0	0	0	0	0	0	0	0	0	0	0	0	0	0	0	0	0	0	0	0	0	0	0	0	0	0	0	0	0	0	0	0	0	0	0	0	0	0	0	0	0	0	0	0	0	0	0	0	0	0	0	0	0	0	0	0	0	0	0	0	0	0	0	0	0	0	0	0	0	0	0	0	0	0	0	0	0	0	0	4	3	4	0	0	0	0	0	0	0	0	0	0	0	0	0	0	0	0	0	0	0	0	0	0	0	0	0	0	0	0	0	0	0	0	0	0	0	0	0	0	0	0	0	0	0	0	0	0	0	0	0
60	60	3	1	1	3	3	4	1	4	2	2	2	1	3	1	4	3	4	1	2	4	1	4	2	2	1	2	3	4	2	3	0	1	3	3	2	4	4	4	3	4	3	0	2	1	3	4	3	3	1	1	3	4	1	2	4	4	1	0	1	0	1	3	4	2	2	4	1	1	3	1	1	4	1	2	3	2	1	1	4	1	2	1	3	3	3	3	1	1	4	2	1	3	1	2	4	4	2	3	3	2	0	1	4	2	3	4	4	3	2	3	1	1	4	4	0	3	0	4	3	2	2	3	3	4	1	3	3	3	3	1	1	0	3	3	2	4	3	1	1	4	3	1	4	1	3	4	3	4	3
96	96	1	0	1	0	3	2	3	4	0	2	2	1	1	4	4	3	3	0	3	2	2	2	4	4	1	4	2	4	4	1	1	3	1	3	4	2	1	4	3	4	1	0	3	0	3	2	0	3	3	3	3	3	3	0	2	4	2	0	1	4	3	3	4	4	1	3	0	1	0	3	0	4	4	4	1	2	1	0	4	4	2	1	3	4	1	3	1	1	4	4	0	3	1	2	4	3	4	4	0	4	2	4	4	2	3	0	3	1	0	2	0	2	4	0	2	3	2	0	2	2	4	3	3	4	3	3	3	1	3	1	3	3	3	1	2	4	3	1	3	3	2	1	4	1	3	4	3	1	0
436	436	0	0	0	0	0	0	0	0	0	0	0	0	0	0	0	0	0	0	0	0	0	0	0	0	0	0	0	0	0	0	0	0	0	0	0	0	0	0	0	0	0	0	0	0	0	0	0	0	0	0	0	0	0	0	0	0	0	0	0	0	0	0	0	0	0	0	0	0	0	0	0	0	0	0	0	0	0	0	0	0	0	0	0	0	0	0	0	0	0	0	0	0	0	0	0	0	0	0	0	0	0	0	0	0	0	0	0	0	0	0	0	0	0	0	0	0	0	0	0	0	0	0	0	0	0	0	0	0	0	0	0	0	0	0	0	0	0	0	0	0	0	0	0	0	0	0	0	0	0
74	74	1	2	1	4	1	2	1	4	4	2	2	1	1	4	4	4	3	1	3	2	1	2	4	2	1	4	2	1	0	1	1	1	3	4	4	2	1	2	3	4	1	0	2	3	3	2	3	1	1	3	0	3	3	0	2	4	0	0	2	4	1	1	2	2	2	3	2	3	1	1	0	4	4	4	1	1	4	3	4	1	2	1	3	4	3	1	2	3	2	2	1	1	0	2	4	3	0	4	3	2	0	4	4	3	3	2	3	3	2	0	4	2	4	1	0	1	2	0	2	4	2	3	3	3	3	3	3	3	1	0	3	0	2	3	1	2	3	1	1	3	3	1	2	1	3	2	3	1	0
61	61	3	2	3	3	3	4	1	4	2	2	2	3	1	1	2	3	4	1	2	2	2	2	4	4	1	4	3	1	2	1	0	1	1	4	2	4	1	4	3	4	1	3	2	3	1	4	1	1	3	1	1	3	3	2	4	2	2	0	1	0	3	1	0	2	2	4	2	3	3	3	1	4	4	2	1	1	1	3	4	1	2	1	3	3	3	3	1	1	4	2	3	1	1	1	4	3	2	4	3	4	4	1	4	3	3	2	4	3	4	0	1	1	4	4	1	3	0	4	3	4	4	1	3	3	3	4	3	3	1	1	3	1	2	1	1	2	0	3	3	3	3	3	4	1	1	2	3	1	1
25	25	3	2	1	4	3	4	3	4	4	2	4	3	3	1	2	4	3	1	2	2	1	2	2	2	1	4	3	1	4	1	1	1	3	3	4	4	1	2	3	2	3	0	2	1	3	4	1	3	1	1	3	3	3	4	2	4	1	2	2	4	1	1	2	4	2	3	2	3	1	3	4	4	1	2	3	2	4	1	4	4	2	3	3	4	1	3	1	1	2	2	1	3	2	2	4	4	2	3	1	0	4	4	4	3	1	4	4	1	2	2	4	1	4	4	2	1	4	4	2	2	2	3	3	4	3	0	4	1	3	3	0	3	2	3	2	2	3	1	3	4	2	1	4	1	3	2	1	4	3
26	26	1	2	1	3	1	4	3	4	4	2	2	3	3	4	2	3	3	2	3	2	1	4	2	4	1	2	2	1	2	1	0	1	3	3	4	2	1	4	3	4	1	0	2	1	3	4	3	3	3	3	3	4	3	4	2	4	0	0	2	4	1	1	2	2	2	3	2	1	1	1	4	4	1	4	3	0	1	1	4	1	4	3	3	4	3	3	2	1	2	4	1	3	2	0	2	4	2	4	3	4	2	4	2	2	1	4	4	1	2	0	1	1	4	4	2	3	2	3	2	2	4	3	3	4	1	4	3	3	3	1	1	3	2	1	2	2	3	3	3	3	2	1	4	3	1	2	1	4	1
437	437	0	0	0	0	0	0	0	0	0	0	0	0	0	0	0	0	0	0	0	0	0	0	0	0	0	0	0	0	0	0	0	0	0	0	0	0	0	0	0	0	0	0	0	0	0	0	0	0	0	0	0	0	0	0	0	0	0	0	0	0	0	0	0	0	0	0	0	0	0	0	0	0	0	0	0	0	0	0	0	0	0	0	0	0	0	0	0	0	0	0	0	0	0	0	0	0	0	0	0	0	0	0	0	0	0	0	0	0	0	0	0	0	0	0	0	0	0	0	0	0	0	0	0	0	0	0	0	0	0	0	0	0	0	0	0	0	0	0	0	0	0	0	0	0	0	0	0	0	0
