AEA-Pool1_D05	AEA-Pool	1	2.40958470447e-26
AEA-Pool3_F05	AEA-Pool	2	2.74043055401e-21
CS6150_H02	CS	19	0.999880207713
CS6718_F02	CS	19	0.999886175973
CS6795_H05	CS	0	1.03845547676e-38
CS6876_H01	CS	6	0.00223798011989
CS6893_H03	CS	5	2.79725021697e-05
CS6903_G03	CS	6	0.00264009371016
FR150_F01	FR	3	1.19032174313e-11
KN1.12_E03	KN	3	5.71605743611e-13
KN1.37_F04	KN	3	1.31001195355e-12
KN1.58_F03	KN	19	0.999884695823
KN2.65_H03	KN	19	0.999881138827
LAK-2_E02	LAK	5	3.88385925027e-05
L-R-14_D01	L-R	6	0.00299486411027
MAP-42_D09	MAP	19	0.999883664297
MAP-43_E09	MAP	6	0.00309203546495
MDN-1_H04	MDN	19	0.999894280406
MDN-29_C07	MDN	3	1.03169201222e-12
MDN-31_D07	MDN	19	0.999880207713
ME3.31_A04	ME	4	5.25983659389e-10
ME3.51_G04	ME	19	0.999881004752
ME4.10_B04	ME	19	0.999882086906
MNF-PIN-2_C01	MNF-PIN	19	0.999880971502
MNF-PIN-23_A03	MNF-PIN	6	0.00357729326975
MNF-PIN-29_D03	MNF-PIN	4	8.96760933245e-07
MNF-PIN-31_F03	MNF-PIN	5	3.5389466809e-05
MNF-PIN-38_B04	MNF-PIN	2	1.97167344926e-19
MNF-PIN-39_C04	MNF-PIN	5	2.52822364143e-05
MNF-PIN-41_E04	MNF-PIN	2	2.23831222067e-17
MNF-PIN-43_F04	MNF-PIN	4	3.56098997075e-07
MNF-PIN-44_G04	MNF-PIN	19	0.999883749099
MNF-PIN-52_A05	MNF-PIN	5	3.94736812558e-05
MNF-POT-15_G07	MNF-POT	2	1.48775518509e-19
MNF-POT-21_H07	MNF-POT	6	0.00236175092886
MNF-POT-23_A08	MNF-POT	1	2.69159270708e-30
MNF-POT-37_B08	MNF-POT	19	0.999882985308
MNF-POT-46_D08	MNF-POT	6	0.00235177940711
MNF-POT-47_E08	MNF-POT	3	6.09855020296e-14
MNF-POT-48_F08	MNF-POT	3	2.95719968171e-16
MNF-POT-56_A09	MNF-POT	19	0.999906776602
MNF-POT-60_C09	MNF-POT	6	0.00274068188943
MNF-POT-61_D09	MNF-POT	19	0.999884275057
MNF-POT-66_E09	MNF-POT	19	0.999882086906
MNF-POT-68_F09	MNF-POT	3	4.54715282565e-13
MNF-POT-69_G09	MNF-POT	19	0.999893766762
MNF-POT-73_A10	MNF-POT	19	0.999881063817
MNF-POT-75_B10	MNF-POT	4	1.0172867915e-08
MNF-POT-76_C10	MNF-POT	19	0.999881155869
MNF-POT-79_D10	MNF-POT	6	0.00291220582515
MNF-POT-8_E07	MNF-POT	19	0.999881994933
MNF-POT-80_E10	MNF-POT	3	1.54688493164e-17
MNF-POT-81_F10	MNF-POT	19	0.999881138827
MNF-POT-82_G10	MNF-POT	19	0.999881155869
MNF-RIV-21_E12	MNF-RIV	6	0.00227281220205
MNF-RIV-8_E11	MNF-RIV	19	0.99988587139
MSGA-57_E07	MSGA	5	3.64966206064e-05
MUSKSP-57_C12	MUSKSP	19	0.999912274676
PAW-1_G08	PAW	19	0.999880207713
PAW-12_A10	PAW	19	0.999881063817
PAW-14_C10	PAW	2	6.8396801856e-25
PAW-26_F11	PAW	5	3.50168894538e-05
PAW-3_A09	PAW	19	0.999886095138
PAW-31_B12	PAW	19	0.999881994933
PAW-40_G12	PAW	4	4.51584691118e-07
PAW-42_H12	PAW	4	4.97663922075e-07
PAW-43_A01	PAW	6	0.00275793460379
PAW-45_C01	PAW	19	0.999881994933
PAW-48_D01	PAW	3	2.0416696562e-16
PAW-5_C09	PAW	19	0.999880971502
PAW-9_F09	PAW	4	1.23740714855e-08
PENT-1_F01	PENT	19	0.999882084819
PENT-15_A03	PENT	6	0.00269399397662
PENT-16_B03	PENT	2	7.59415319726e-19
PENT-22_D03	PENT	6	0.00299593313854
PENT-24_F03	PENT	6	0.00237014920323
PENT-30_G03	PENT	3	1.07425936755e-12
PENT-38_C04	PENT	19	0.999881138827
PENT-39_D04	PENT	19	0.99988294849
PENT-49_A05	PENT	4	1.41357933767e-08
PENT-57_F05	PENT	19	0.999880207713
PENT-61_B06	PENT	3	3.29612790197e-15
PENT-63_C06	PENT	19	0.999882017374
PNA3.50_C02	PNA	19	0.999881121158
PNA4.40_C04	PNA	4	5.75195233601e-07
PT1.12_D04	PT	19	0.999881138827
PT1.29_A05	PT	2	5.65051742429e-20
PT2.21_G02	PT	5	3.06072509421e-05
RIV-16_E07	RIV	6	0.00265831358657
RIV-19_F07	RIV	19	0.999883019363
RIV-53_E11	RIV	6	0.00267924508199
RMX3.11_H02	RMX	19	0.999881063817
RMX3.54_A03	RMX	6	0.00267922228358
RMX4.118_E04	RMX	19	0.999880207713
RMX5.13_C05	RMX	4	1.34581177143e-08
SLSP-30_F12	SLSP	5	5.0420102295e-05
SLSP-31_G12	SLSP	4	1.33041210283e-08
TV17_H01	TV	6	0.002757507296
UK74_C01	UK	19	0.9998856892
CS1070_E01	CS	19	0.999881138827
CS1080_F08	CS	19	0.999884593368
CS1316_C12	CS	19	0.999881064687
CS1362_E12	CS	19	0.999880207713
CS22171_A09	CS	6	0.00272921837057
CS22178_A12	CS	19	0.999880207713
CS22179_B01	CS	6	0.00238851830258
CS22181_B03	CS	19	0.999881138827
CS22216_H05	CS	6	0.00280197904209
CS22221_E03	CS	5	3.14358266173e-05
CS22223_E04	CS	19	0.999881149863
CS22224_E05	CS	19	0.99988191113
CS22226_E08	CS	19	0.999882019001
CS22230_E10	CS	1	2.11546217573e-31
CS22234_F01	CS	4	5.81890384471e-07
CS22235_F02	CS	6	0.00308588168813
CS22237_F05	CS	19	0.999880207713
CS22238_F06	CS	19	0.999881026819
CS22239_F07	CS	19	0.999881974976
CS22253_E12	CS	6	0.0031085312762
CS22255_F02	CS	4	5.30000971796e-10
CS22271_F04	CS	19	0.999882782719
CS22272_F05	CS	19	0.999882722261
CS22275_H07	CS	19	0.999882680835
CS22336_C03	CS	4	9.59008950915e-07
CS22339_C07	CS	6	0.00269662787836
CS22340_C08	CS	19	0.999881026819
CS22345_G10	CS	5	4.80972339864e-05
CS22346_A06	CS	19	0.999881026819
CS22349_A08	CS	19	0.99988273276
CS22362_H08	CS	6	0.00282288801309
CS22380_E08	CS	6	0.0023692182071
CS22405_B10	CS	19	0.999880207713
CS22411_C02	CS	19	0.999881064687
CS22413_C03	CS	3	4.01352209574e-15
CS22422_G01	CS	6	0.00308463638566
CS22425_A11	CS	19	0.999881957934
CS22431_G07	CS	19	0.999881106113
CS22432_G08	CS	19	0.999883606987
CS22435_C06	CS	2	6.0053114177e-25
CS22438_C11	CS	6	0.00274822468499
CS22440_D01	CS	2	2.03244017173e-19
CS22444_D06	CS	19	0.999881104581
CS22446_C02	CS	19	0.999881026819
CS22448_C03	CS	19	0.999882663393
CS22450_C05	CS	5	3.26989974975e-05
CS22452_C07	CS	19	0.999881026819
CS22453_D06	CS	19	0.999880207713
CS22454_C08	CS	19	0.999882037229
CS22455_C09	CS	6	0.00275724435209
CS22465_E11	CS	19	0.999881957934
CS22480_E02	CS	19	0.999881106113
CS22481_F11	CS	19	0.999880207713
CS22484_F12	CS	19	0.99988113469
CS22488_E04	CS	19	0.999880207713
CS22489_G01	CS	19	0.999880207713
CS22490_G02	CS	19	0.999888469738
CS22493_E07	CS	19	0.999880207713
CS22520_C09	CS	19	0.999884799527
CS22523_D09	CS	0	2.17690270565e-40
CS22524_C11	CS	19	0.999881026819
CS22525_F09	CS	19	0.999881972811
CS22526_G06	CS	19	0.999883629893
CS22529_C11	CS	19	0.999881138827
CS22530_C12	CS	19	0.999883663984
CS22531_G09	CS	19	0.99988189256
CS22536_C10	CS	19	0.999880207713
CS22537_F07	CS	19	0.999881106113
CS22538_C12	CS	19	0.999882835252
CS22539_D01	CS	19	0.999880981497
CS22541_D02	CS	19	0.99988284213
CS22542_D03	CS	19	0.999881957934
CS22543_D04	CS	19	0.99988113469
CS22547_C10	CS	19	0.999880207713
CS22549_F08	CS	19	0.999881026819
CS22557_B08	CS	19	0.999881155869
CS22564_E12	CS	19	0.999880207713
CS22577_D11	CS	19	0.99988192522
CS22584_B06	CS	6	0.00235177940711
CS22594_E02	CS	6	0.00238684209631
CS22596_B03	CS	6	0.00267768961455
CS22600_H10	CS	19	0.999881883794
CS22610_F01	CS	6	0.0029914618724
CS22636_F10	CS	6	0.00242110986828
CS22671_G01	CS	19	0.999881026819
CS22672_G02	CS	19	0.999883562293
CS22673_G03	CS	19	0.999881157274
CS22674_G04	CS	19	0.999885715969
CS24597_G03	CS	6	0.00267928522471
CS3180_F09	CS	19	0.999881882924
CS3886_B04	CS	5	4.38343269598e-05
CS3888_B07	CS	19	0.999881026819
CS3964_B09	CS	19	0.999881026819
CS6055_B10	CS	19	0.99988189256
CS6081_B11	CS	19	0.999883824683
CS6083_G11	CS	19	0.999881106113
CS6085_B12	CS	19	0.999881155869
CS6086_G10	CS	19	0.999881971854
CS6088_C01	CS	19	0.999881138827
CS6100_A01	CS	3	1.21057846167e-12
CS6102_A02	CS	19	0.999881026819
CS6103_A03	CS	6	0.00279970285442
CS6105_A04	CS	2	5.38562055871e-19
CS6180_G05	CS	19	0.999884706725
CS6181_H11	CS	19	0.999882066091
CS6185_E08	CS	19	0.999881073453
CS6186_E09	CS	19	0.999881026819
CS6621_D05	CS	19	0.999882772444
CS6652_D08	CS	19	0.999882906092
CS6657_A09	CS	19	0.999883530547
CS6662_D10	CS	19	0.999882985342
CS6671_G12	CS	19	0.999887007616
CS6691_F09	CS	19	0.999880207713
CS6696_F08	CS	4	6.35768756165e-07
CS6699_F07	CS	19	0.999884373919
CS6756_A08	CS	19	0.999882019783
CS6757_A09	CS	19	0.999880207713
CS6760_A11	CS	19	0.999881026819
CS6762_B01	CS	19	0.999880207713
CS6764_B02	CS	19	0.999882827053
CS6765_B10	CS	19	0.999880207713
CS6766_B03	CS	19	0.999882831873
CS6767_B11	CS	19	0.999881026819
CS6768_B12	CS	6	0.00264994260343
CS6769_C02	CS	4	5.88250393753e-07
CS6770_C03	CS	2	3.44255568165e-21
CS6772_C11	CS	19	0.999881026819
CS6778_D02	CS	6	0.00265857479239
CS6779_D03	CS	19	0.999881963611
CS6780_D06	CS	19	0.999884650629
CS6786_D12	CS	19	0.99988374189
CS6787_E01	CS	4	6.68943153052e-07
CS6789_E10	CS	4	6.56818926682e-07
CS6792_F02	CS	19	0.999881136395
CS6793_F03	CS	19	0.999881994933
CS6794_F04	CS	19	0.999881138827
CS6795_D05	CS	19	0.999880207713
CS6799_F07	CS	19	0.9998975303
CS6801_G03	CS	19	0.999881974897
CS6835_E10	CS	19	0.999880207713
CS6843_G09	CS	19	0.999881026819
CS6859_G06	CS	19	0.999880207713
CS6864_H07	CS	19	0.99989505679
CS6892_G10	CS	19	0.999880207713
CS6902_E03	CS	6	0.00273368486173
CS6905_G08	CS	6	0.00224929157605
CS6921_G11	CS	19	0.999881064687
CS6928_C07	CS	5	3.80035086249e-05
CS925_D07	CS	19	0.999881026819
CS927_G08	CS	19	0.99989350524
CS932_G08	CS	19	0.999880207713
GR6/27X1_C10	GR	6	0.0024884054712
GR6/27X5_E09	GR	19	0.999881003915
GR6/27X6_B07	GR	19	0.99988186002
ME6/271B1_B09	ME	19	0.999881063817
ME6/274MI1_H09	ME	19	0.999882657061
PNA6/271Y1_F09	PNA	6	0.00247217293884
PNA6/272B1_F08	PNA	0	1.25591242374e-39
PNA6/272B3_F07	PNA	19	0.99988199901
PNA6/273M6_H07	PNA	19	0.999882795214
RMX6/27X4_E08	RMX	19	0.999882808178
UK 102 Hart1_A06	UK	19	0.99988199988
UK 103 Cht1_H01	UK	19	0.999895371762
UK 117 ChK1_G08	UK	19	0.999881920792
UK 118 Ken1_F03	UK	19	0.999884779517
UK 119 Mal1_G03	UK	19	0.999883740164
UK 122 Bad1_A08	UK	19	0.99991155989
UK 126 War1_G07	UK	6	0.00238778881348
UK 14 Cam1_F12	UK	19	0.999883653275
UK 140 Bod1_C06	UK	19	0.99988286895
UK 15 Chi1_F10	UK	19	0.999885572895
UK 17 Chs1_H02	UK	5	3.11787072552e-05
UK 18 Ci1_F09	UK	19	0.999884793651
UK 19 Cnt1_C03	UK	6	0.00271257601467
UK 21 Cnt3_H05	UK	19	0.999885499512
UK 26 Cul-1_A05	UK	19	0.999885678
UK 28 Dun1_G05	UK	19	0.99988199901
UK 29 Edi1_F02	UK	6	0.00280240882782
UK 30 Edi2_H08	UK	19	0.999888344758
UK 31  Ema1_A02	UK	19	0.999883303355
UK 33 Fab1_B06	UK	19	0.999881142905
UK 34 Far1_A12	UK	19	0.999881962219
UK 35 Fav1_F05	UK	19	0.999885690059
UK 36 For1_D02	UK	19	0.999890167887
UK 37 Frd 1_D12	UK	19	0.999883693617
UK 4 Asp1_E08	UK	6	0.0028337999033
UK 40 Hil1_C11	UK	19	0.99988199901
UK 41 Igt1_D10	UK	5	3.50416003756e-05
UK 43 Kil1_B05	UK	1	8.49614730315e-32
UK 46 Kyl1_F11	UK	2	1.42010976241e-18
UK 48 Laz1_E05	UK	19	0.999884696542
UK 53 Mit 1_C01	UK	5	3.3920511157e-05
UK 54 Nor1_A11	UK	6	0.00303856579456
UK 55 Not1_D08	UK	19	0.999881939108
UK 57 Pdw1_E06	UK	19	0.999883831401
UK 58 Pee1_B01	UK	19	0.999887488215
UK 64 Roc1_A07	UK	19	0.999881106113
UK 65 Rot1_B07	UK	19	0.99988276133
UK 67 Set1_F08	UK	6	0.00297107619071
UK 68 Ser 1_A09	UK	19	0.999881063817
UK 69 Sis1_D07	UK	3	1.17265421045e-12
UK 72 Sma 1_H06	UK	19	0.999887649183
UK 75 Sou1_H09	UK	6	0.00286664879951
UK 78 Tea 1_C02	UK	0	1.29489183049e-39
UK 80 Unt1_F04	UK	19	0.999884671111
UK 82 Wig1_D01	UK	19	0.999889186971
UK 83 Wim1_E09	UK	19	0.99988199901
UK 84 Wis 1_H03	UK	6	0.00256533929295
UK 86 Wye1_F03	UK	5	3.67673874837e-05
UK 87 Bog2_G04	UK	19	0.999883671869
UK 88 Lee1_A04	UK	19	0.999885284464
UK 9 Big1_F07	UK	19	0.999881906695
UK 91 Roy 1_E02	UK	19	0.999881142905
UK 99 Sou1_A02	UK	19	0.99988294309
UK125 Bat 1_E01	UK	19	0.999887251592
UKKT06062_B04	UKKT	6	0.00291917948322
UKKT06069_A05	UKKT	6	0.00269742789514
UKKT06072_D05	UKKT	5	2.79578901077e-05
UKKT06075_F05	UKKT	2	2.86499435487e-18
UKKT06076_G05	UKKT	19	0.999887233428
UKKT06113_H06	UKKT	4	9.7701724518e-07
UKKT06118_C07	UKKT	6	0.00240547078376
UKKT06142_H07	UKKT	2	7.13540238192e-22
UKKT06143_A08	UKKT	1	9.36802618378e-24
UKKT06145_C08	UKKT	2	1.87067958432e-26
UKKT06153_F08	UKKT	0	2.11194200166e-35
UKKT06154_G08	UKKT	0	8.95844040458e-40
UKKT06155_H08	UKKT	4	2.59065430236e-08
UKKT06161_A09	UKKT	6	0.00289503598084
UKKT06175_A10	UKKT	6	0.00257937250139
UKKT06178_D10	UKKT	6	0.00279081276081
UKKT06214_C12	UKKT	4	5.1357683825e-07
UKKT06216_E12	UKKT	2	7.34735786633e-21
UKKT06217_F12	UKKT	6	0.00264186540929
1-3a_A04	1-3	19	0.999884303641
2-1a_A05	2-1	19	0.999881139287
2-2a_A06	2-2	19	0.999891430959
2-3a_A07	2-3	19	0.999900780698
4-1a_A11	4-1	19	0.999881864311
5-3a_B02	5-3	19	0.999884546827
5-3a_C04	5-3	6	0.00303639270836
5-4a_B03	5-4	19	0.999887015118
6-7a_B04	6-7	19	0.999881864311
7-1a_B05	7-1	19	0.999885403892
8-1a_B06	8-1	19	0.999883634148
Bas-1_F11	Bas	4	2.29207413881e-08
Cha-1_G02	Cha	19	0.99988276118
Cha-2_G03	Cha	3	3.04413360905e-15
EC48_42_H12	EC	19	0.999886447921
Esc-0_H08	Esc	19	0.999889834502
Fe-1_C02	Fe	19	0.999882052147
Kend-L_H07	Kend-L	2	9.6545756803e-14
Kly-1_E07	Kly	19	0.999881864311
Kly-3_E08	Kly	6	0.00288175960106
Koz-3_F03	Koz	19	0.999882036155
Leb-1_F04	Leb	6	0.00269737924571
Leb-3_F05	Leb	19	0.99988276118
Ll-2_E05	Ll	19	0.999883002692
Nc-1_C01	Nc	19	0.999881139287
NIL_H04	NIL	19	0.999883634148
Nov_1_F06	Nov	19	0.999901781441
Nov_3_F07	Nov	19	0.999885460237
Noz_F08	Noz	6	0.00267672594572
Pan_G04	Pan	19	0.999883626922
Pf-0_E06	Pf	19	0.999884584695
Rak-1_F09	Rak	19	0.999884524585
Rak-3_F10	Rak	2	1.7625476901e-17
SER_G01	SER	6	0.00271580330699
Sij-3_G08	Sij	19	0.99988276118
Tamm-2_C08	Tamm	0	1.5201779017e-32
Ts-1_D04	Ts	6	0.00240199304192
Uk-1_H02	Uk	19	0.999882814857
Uk-3_H03	Uk	19	0.999892270874
Wc-1_E01	Wc	19	0.999881139287
DM1.10	DM	19	0.999915067394
DM2.06	DM	1	1.33168694011e-30
DM2.54	DM	19	0.999915562871
DM2.76	DM	19	0.999881864311
DM2.81	DM	6	0.00332402321264
DM2.84	DM	6	0.00335725692128
DN-1B	DN	0	3.84505062709e-40
Fab-3	Fab	4	2.50424192501e-10
FN-1B	FN	0	1.77121821392e-39
FN-4B	FN	1	5.47513625872e-35
FN-4c	FN	0	1.80125095183e-40
FN-4D	FN	1	6.76793433724e-29
Fn-5	Fn	1	6.17653633406e-31
GS-2A	GS	0	1.46961106169e-40
GS-2C	GS	0	5.51672853265e-38
KN1.06	KN	19	0.99989155989
KN1.08	KN	19	0.99989399014
KN1.10	KN	19	0.999898905192
KN1.27	KN	19	0.999900720259
KN1.33	KN	1	4.79595749359e-32
KN1.35	KN	4	8.97252086047e-07
KN1.36	KN	19	0.999885307768
KN1.37	KN	2	9.79750996177e-25
KN1.38	KN	19	0.999906512919
KN1.42	KN	1	1.86102812585e-30
KN1.53	KN	19	0.999902555173
KN1.55	KN	19	0.999909635868
KN1.56	KN	0	1.78952186491e-39
KN1.57	KN	19	0.999901756245
KN2.19	KN	6	0.00218557308946
KN2.20	KN	19	0.999922943964
KN2.26	KN	19	0.999881864311
KN2.35	KN	4	9.5547607797e-07
KN2.43	KN	19	0.999887034076
KN2.44	KN	19	0.999890540172
KN2.56	KN	19	0.999895719893
KN2.58	KN	3	4.91799459942e-08
KN2.59	KN	19	0.999920219745
KN2.63	KN	1	3.06294318388e-27
KN2.66	KN	19	0.999924413455
KN2.70	KN	19	0.999915855552
KN2.74	KN	19	0.999891341807
KN2.77	KN	5	3.92284952471e-05
KN-2A	KN	2	1.37503178516e-26
KN-3B	KN	0	6.3669663208e-39
LN-3B	LN	1	5.37630727431e-32
LN-3C	LN	1	2.13260965191e-30
Lov-2	Lov	19	0.999882940221
ME3.10	ME	19	0.999884447084
ME3.13	ME	6	0.00342033660652
ME3.14	ME	19	0.999914113189
ME3.17	ME	19	0.999890675075
ME3.19	ME	19	0.999892390293
ME3.20	ME	4	2.03483629236e-08
ME3.22	ME	19	0.999903529863
ME3.23	ME	19	0.999907986548
ME3.24	ME	3	4.92415471845e-11
ME3.27	ME	19	0.99990296519
ME3.28	ME	5	2.57912990831e-05
ME3.29	ME	19	0.999899058273
ME3.32	ME	19	0.9998880725
ME3.33	ME	19	0.999900556283
ME3.36	ME	6	0.00270629912561
ME3.42	ME	19	0.999889808216
ME3.47	ME	19	0.999901628865
ME3.48	ME	19	0.999913116
ME3.49	ME	6	0.00338332632439
ME3.51	ME	2	1.19043608409e-18
ME4.01	ME	19	0.999882773977
ME4.04	ME	6	0.00326917660008
ME4.06	ME	19	0.999908053452
ME4.13	ME	5	0.00432933123822
ME4.20	ME	19	0.999886154177
ME4.23	ME	5	4.56560650491e-05
ME4.30	ME	19	0.999894608356
ME4.31	ME	19	0.999914682874
ME4.33	ME	19	0.999914861918
ME4.44	ME	5	0.00418947814326
ME4.46	ME	19	0.999911365796
ME4.49	ME	4	1.50828407811e-06
MN-3F	MN	2	2.09576866744e-24
MS-1B	MS	0	5.30317765837e-42
ON-1	ON	0	5.09300302148e-40
ON-5	ON	1	7.19322096309e-28
PNA3.04	PNA	19	0.999886295729
PNA3.05	PNA	4	9.30290691844e-07
PNA3.17	PNA	19	0.999897255003
PNA3.20	PNA	19	0.999889780408
PNA3.25	PNA	5	3.39918606386e-05
PNA3.36	PNA	4	6.19881023882e-07
PNA3.45	PNA	3	1.81904344158e-12
PNA4.02	PNA	19	0.999886180957
PNA4.07	PNA	1	5.8621897474e-21
PNA4.09	PNA	2	8.59808183687e-18
PNA4.11	PNA	6	0.0030118341835
PNA4.16	PNA	6	0.0030534221572
PNA4.18	PNA	2	6.03570008958e-18
PNA4.23	PNA	4	1.56820596552e-06
PNA4.27	PNA	19	0.999913168896
PNA4.30	PNA	19	0.99991956303
PNA4.31	PNA	2	2.31850177873e-16
PNA4.32	PNA	2	1.63199864766e-20
PNA4.36	PNA	6	0.00309308479177
PNA4.42	PNA	4	4.22520613441e-08
PNA4.43	PNA	19	0.999884882798
PNA4.48	PNA	4	6.28495666409e-07
PT1.01	PT	19	0.9998834676
PT1.14	PT	19	0.999884411866
PT1.24	PT	19	0.999896672265
PT1.28	PT	19	0.999881864311
PT1.29	PT	0	4.96830788964e-34
PT1.50	PT	19	0.999885223258
PT2.12	PT	19	0.999887259066
PT2.17	PT	1	7.59838358541e-28
PT2.22	PT	2	2.19454491804e-15
PT2.31	PT	6	0.0032267883034
PT2.42	PT	1	6.2001457999e-32
PT2.43	PT	1	1.37285771716e-26
PT2.53	PT	19	0.999891389797
PT2.54	PT	19	0.999884184272
RMX3.02	RMX	19	0.9998871956
RMX3.03	RMX	1	7.20031303419e-27
RMX3.04	RMX	19	0.999895658311
RMX3.09	RMX	19	0.999890539712
RMX3.12	RMX	5	3.95847388868e-05
RMX3.16	RMX	3	3.68161330701e-11
RMX3.17	RMX	19	0.99990310744
RMX3.21	RMX	19	0.999922851408
RMX3.25	RMX	19	0.999903949728
RMX3.29	RMX	6	0.00353019861559
RMX3.30	RMX	19	0.999897412007
RMX3.34	RMX	19	0.999891261481
RMX3.36	RMX	19	0.999890540172
RMX3.39	RMX	2	2.62920214069e-17
RMX3.40	RMX	1	1.69240867359e-20
RMX3.44	RMX	6	0.00291596445659
RMX3.47	RMX	1	1.6269747804e-28
RMX3.48	RMX	2	5.14374959067e-17
RMX3.49	RMX	19	0.99988595308
RMX3.50	RMX	19	0.999907634056
RMX4.05	RMX	19	0.999893110265
RMX4.12	RMX	19	0.999898067624
RMX4.14	RMX	5	0.00427772160217
RMX4.31	RMX	19	0.999899060674
RMX4.37	RMX	19	0.99989406216
RMX4.40	RMX	19	0.999906888508
RMX4.56	RMX	19	0.999893936211
RMX4.57	RMX	19	0.999886220841
RMX4.58	RMX	19	0.999887583121
RMX5.02	RMX	19	0.999883499003
RMX5.09	RMX	19	0.999888898165
RMX5.10	RMX	19	0.999896312958
RMX5.11	RMX	6	0.0034414235708
RMX5.12	RMX	19	0.999884297707
RMX5.13	RMX	3	1.18946622339e-11
RMX5.15	RMX	4	1.27973912734e-08
RMX5.28	RMX	19	0.999914029322
RMX5.29	RMX	19	0.99989389608
RMX5.30	RMX	3	2.51372995511e-11
RMX5.33	RMX	19	0.99989898572
SN-2	SN	0	3.90292100688e-30
TAA09	TAA	19	0.999882777172
THO-3	THO	19	0.99988700512
Var-1-12	Var	19	0.999887229455
Amajino1_#1 Sf-1/Sue_G10	Amajino	3	3.47867176245e-15
Amajino1_#2 Sf-1/Sue_H10	Amajino	2	4.73148386078e-18
Amajino1_#3 Sf-1/Sue_G11	Amajino	4	3.72000626634e-10
Amajino1_#4 Sf-1/Sue_H11	Amajino	3	1.5212391191e-12
Amajino1_#5 Sf-1/Sue_G12	Amajino	3	1.87106360878e-16
Amajino1_#6 Sf-1/Sue_H12	Amajino	3	5.39522136911e-14
Amajino1_Co-4_E04	Amajino	19	0.999880118735
Amajino1_Col_B10	Amajino	3	3.89816813801e-15
Amajino1_Cross (var)_G02	Amajino	3	4.20140879341e-15
Amajino1_Cross (var)_G03	Amajino	4	3.11246291523e-10
Amajino1_Cross (var)_G04	Amajino	2	3.11514917685e-18
Amajino1_Cross (var)_H02	Amajino	4	4.05429564241e-07
Amajino1_Cross (var)_H03	Amajino	4	4.3238546118e-10
Amajino1_Et_E06	Amajino	6	0.00290666552605
Amajino1_Et-0_A04	Amajino	19	0.999878305373
Amajino1_Fl/Hau_G08	Amajino	3	2.64015966315e-11
Amajino1_Fl/Hau_G09	Amajino	2	2.69382586587e-18
Amajino1_Fl/Hau_H08	Amajino	3	2.2464600084e-15
Amajino1_Fl/Hau_H09	Amajino	2	2.42071565961e-19
Amajino1_Fl_H05	Amajino	19	0.999878305373
Amajino1_Fl-1_A01	Amajino	6	0.00216196327604
Amajino1_Fl-1_D10	Amajino	19	0.999879236945
Amajino1_FT Col_E02	Amajino	3	1.54825421347e-11
Amajino1_Hau-0_B01	Amajino	6	0.00303934464166
Amajino1_Hodja-Obi-Garm_B06	Amajino	5	3.22313441537e-05
Amajino1_Ll-1_F05	Amajino	19	0.999879777837
Amajino1_Mir-0_A06	Amajino	19	0.999878305373
Amajino1_NIL_F01	Amajino	5	2.91283720418e-05
Amajino1_NIL_F02	Amajino	19	0.999883480725
Amajino1_RRS-10_G01	Amajino	1	1.73987223983e-26
Amajino1_Sah_E07	Amajino	5	2.54487115912e-05
Amajino1_Set-0_D02	Amajino	19	0.999878305373
Amajino1_Sf-1_A05	Amajino	19	0.999909198424
Amajino1_Sue_A09	Amajino	0	4.3538584399e-40
Amajino1_Sue_B12	Amajino	19	0.999878305373
Amajino1_Sue_G05	Amajino	19	0.999880165627
Amajino1_Var 2-6_B09	Amajino	6	0.00169473527818
Amajino1_Ws-0_F06	Amajino	6	0.00231526776992
Diane2__G06	Diane	2	2.44200553119e-22
Diane2_KBS-MAC-15_A03	Diane	19	0.999878342032
Diane2_KBS-MAC-16_B03	Diane	19	0.999877406842
Diane2_KBS-MAC-17_C03	Diane	19	0.999877406842
Diane2_KBS-MAC-22_D03	Diane	19	0.999877406842
Diane2_KBS-MAC-23_E03	Diane	3	4.03637535609e-15
Diane2_KBS-MAC-28_G03	Diane	19	0.999878305373
Diane2_KBS-MAC-3_E02	Diane	19	0.999878305373
Diane2_KBS-MAC-33_A04	Diane	19	0.999877406842
Diane2_KBS-MAC-36_C04	Diane	19	0.999877406842
Diane2_KBS-MAC-41_D04	Diane	19	0.999877406842
Diane2_KBS-MAC-43_E04	Diane	5	3.21880922211e-05
Diane2_KBS-MAC-48_F04	Diane	19	0.999878305373
Diane2_KBS-MAC-54_A05	Diane	19	0.999908299865
Diane2_KBS-MAC-56_B05	Diane	19	0.999878305373
Diane2_KBS-MAC-58_C05	Diane	19	0.999878305373
Diane2_KBS-MAC-64_E05	Diane	19	0.999878305373
Diane2_KBS-MAC-72_G05	Diane	19	0.999878305373
Diane2_KBS-MAC-73_H05	Diane	19	0.999877406842
Diane2_KBS-MAC-76_C06	Diane	19	0.999879223684
Diane2_KBS-MAC-78_D06	Diane	19	0.999878305373
Diane2_KBS-MAC-8_G02	Diane	19	0.999878305373
Diane2_KBS-MAC-80_F06	Diane	19	0.999877406842
Diane2_KBS-MAC-88_H06	Diane	6	0.00228519263264
Diane2_KBS-MAC-89_A07	Diane	19	0.999877406842
Diane2_KBS-MAC-91_B07	Diane	19	0.999883790003
Diane2_KBS-MAC-95_C07	Diane	19	0.999878305373
Diane2_KBS-MAC-96_D07	Diane	19	0.999879191361
Diane2_KER-39_B11	Diane	19	0.999877406842
Diane2_KER-43_F11	Diane	6	0.00266250475228
Diane2_L-R-9_G12	Diane	19	0.999878325794
Diane2_ME62713Y1_B06	Diane	19	0.999878305373
Diane2_ME6274Y1_A12	Diane	2	2.70039247606e-17
Diane4_MNF-CHE-2_H04	Diane	6	0.00231526776992
Diane4_MNF-CHE-3_A05	Diane	19	0.999879069161
Diane4_MNF-CHE-34_B06	Diane	19	0.999879236945
Diane4_MNF-CHE-36_C06	Diane	3	1.33206342491e-11
Diane4_MNF-CHE-41_E06	Diane	2	1.08264397699e-18
Diane4_MNF-CHE-45_H06	Diane	1	1.02418030759e-30
Diane4_MNF-CHE-50_C07	Diane	1	4.34102501419e-36
Diane4_MNF-CHE-51_D07	Diane	19	0.999878338414
Diane4_MNF-CHE-52_E07	Diane	0	1.72690756782e-41
Diane4_MNF-CHE-58_G07	Diane	19	0.999878305373
Diane4_MNF-JAC-12_E08	Diane	19	0.999879236945
Diane4_MNF-JAC-14_F08	Diane	6	0.00275626487398
Diane4_MNF-JAC-18_H08	Diane	4	5.7488277406e-09
Diane4_MNF-JAC-2_H07	Diane	19	0.999877406842
Diane4_MNF-JAC-21_B09	Diane	2	6.24940368721e-28
Diane4_MNF-JAC-22_C09	Diane	3	8.50083677101e-14
Diane4_MNF-JAC-24_D09	Diane	19	0.999878338414
Diane4_MNF-JAC-26_F09	Diane	19	0.999880000734
Diane4_MNF-JAC-30_H09	Diane	3	1.3766221518e-16
Diane4_MNF-JAC-31_A10	Diane	1	2.46687364022e-31
Diane4_MNF-JAC-32_B10	Diane	6	0.00295544644649
Diane4_MNF-JAC-34_C10	Diane	3	5.68725734441e-13
Diane4_MNF-JAC-38_D10	Diane	6	0.00231526776992
Diane4_MNF-JAC-42_F10	Diane	6	0.0028321343208
Diane4_MNF-JAC-45_G10	Diane	19	0.999880935926
Diane4_MNF-JAC-61_E11	Diane	19	0.999880833595
Diane4_MNF-JAC-63_F11	Diane	19	0.999880000734
Diane4_MNF-JAC-68_H11	Diane	19	0.999878170629
Diane4_MNF-JAC-79_F12	Diane	19	0.999878170629
Diane4_MNF-JAC-81_G12	Diane	19	0.999878170629
Diane4_MNF-JAC-82_H12	Diane	19	0.999877406842
Diane4_MNF-JAC-9_C08	Diane	19	0.999882832638
Diane4_MNF-RIV-30_D01	Diane	6	0.00283049584542
Diane4_MNF-RIV-33_E01	Diane	6	0.00163659497862
Diane8_SLSP-35_A01	Diane	19	0.999878305373
Diane8_SLSP-58_C01	Diane	19	0.999878305373
Diane8_SLSP-60_D01	Diane	5	3.33890891322e-05
Diane8_SLSP-72_H01	Diane	19	0.999877406842
Diane8_SLSP-77_B02	Diane	19	0.999877406842
Diane8_STE-15_G03	Diane	4	3.49929062671e-10
Diane8_STE-26_F04	Diane	19	0.999878305373
Diane8_STE-29_G04	Diane	19	0.999879236945
Diane8_STE-3_E02	Diane	19	0.999878846265
Diane8_STE-32_B05	Diane	19	0.999878305373
Diane8_STE-35_E05	Diane	19	0.999879236945
Diane8_STE-36_F05	Diane	19	0.999878305373
Diane8_STE-37_G05	Diane	19	0.999878305373
Diane8_STE-40_H05	Diane	6	0.00231625373136
Diane8_STE-7_H02	Diane	19	0.999877947733
Diane8_STE-9_A03	Diane	19	0.999879236945
Diane8_WILCOX-64_B10	Diane	6	0.00218218519738
Diane8_WILCOX-96_A12	Diane	19	0.999908299865
Plate11b_CS163_F02	Plate	5	2.06815198935e-05
Plate11b_CS22269_G03	Plate	19	0.99987820388
Plate11b_CS22273_G04	Plate	19	0.999879211632
Plate11b_CS22485_H10	Plate	4	7.49886056017e-07
Plate11b_CS22491_H11	Plate	6	0.00347222043903
Plate11b_CS22518_D07	Plate	19	0.999879010371
Plate11b_CS22540_E03	Plate	19	0.999877406842
Plate11b_CS22545_F06	Plate	5	4.88230891449e-05
Plate11b_CS22560_E01	Plate	19	0.999878305373
Plate11b_CS22611_G02	Plate	19	0.99987834899
Plate11b_CS3177_F03	Plate	3	1.29959991154e-10
Plate11b_CS6042_A01	Plate	19	0.999884821815
Plate11b_CS6044_A02	Plate	4	4.42744438959e-07
Plate11b_CS6071_A11	Plate	19	0.999879067114
Plate11b_CS6073_A12	Plate	19	0.999919316866
Plate11b_CS6075_B01	Plate	19	0.9998788927
Plate11b_CS6077_B02	Plate	19	0.999879199004
Plate11b_CS6078_B03	Plate	19	0.999877406842
Plate11b_CS6079_B04	Plate	19	0.999877947733
Plate11b_CS6090_F07	Plate	19	0.999879207591
Plate11b_CS6092_B06	Plate	19	0.99987919375
Plate11b_CS6096_B08	Plate	19	0.999888353625
Plate11b_CS6099_B09	Plate	19	0.999886369442
Plate11b_CS6832_F08	Plate	6	0.00282720516408
Plate11b_CS6840_F11	Plate	19	0.999878859123
Plate11b_CS6841_B11	Plate	19	0.999877406842
Plate11b_CS6842_F12	Plate	19	0.999879187836
Plate11b_CS6846_G01	Plate	19	0.999878170629
Plate11b_CS6847_C03	Plate	19	0.999879102201
Plate11b_CS6848_C04	Plate	19	0.999880002686
Plate11b_CS6852_G06	Plate	6	0.00319936323341
Plate11b_CS6855_C06	Plate	19	0.999879878038
Plate11b_CS6857_C07	Plate	4	5.73562332976e-05
Plate11b_CS6860_G07	Plate	5	0.00317525656227
Plate11b_CS6861_C08	Plate	19	0.999880179094
Plate11b_CS6862_G08	Plate	19	0.999879255915
Plate11b_CS6863_G09	Plate	6	0.00345274201492
Plate11b_CS6873_D06	Plate	19	0.99988105653
Plate11b_CS6878_H03	Plate	19	0.999881558457
Plate11b_CS6880_D10	Plate	6	0.00286324624075
Plate11b_CS6881_H05	Plate	19	0.999883748862
Plate11b_CS6882_D11	Plate	19	0.999909198424
Plate11b_CS6883_H07	Plate	19	0.999923579428
Plate11b_CS6894_E04	Plate	19	0.999878335522
Plate11b_CS6895_E05	Plate	19	0.999877406842
Plate11b_CS6897_E08	Plate	19	0.999877406842
Plate11b_CS6898_E09	Plate	6	0.00214345006659
Plate11b_CS6899_E10	Plate	6	0.0032071565225
Plate11b_CS6900_E11	Plate	5	3.70444881762e-05
Plate11b_CS6901_E12	Plate	5	0.00396283920001
Plate11b_CS6906_F04	Plate	19	0.999878305373
Plate11b_CS6917_C05	Plate	19	0.999880788956
Plate11b_CS6918_C12	Plate	19	0.999916980596
Plate11b_CS8020_D01	Plate	5	3.24053438676e-05
Plate11b_CS8021_G10	Plate	6	0.00345175954981
Plate11b_CS8029_G11	Plate	19	0.999907563788
Plate11b_CS914_G05	Plate	19	0.999878305373
Plate4a_CS1328_F06	Plate	19	0.999880033984
Plate4a_CS1352_F11	Plate	2	5.54490864264e-26
Plate4a_CS22196_H12	Plate	19	0.99988018864
Plate4a_CS22289_B01	Plate	6	0.00163659497862
Plate4a_CS22354_D04	Plate	19	0.999878305373
Plate4a_CS22402_D12	Plate	19	0.999878305373
Plate4a_CS22403_E01	Plate	19	0.999908462346
Plate4a_CS22412_E05	Plate	1	1.03058918588e-30
Plate4a_CS22414_E06	Plate	19	0.999878305373
Plate4a_CS22416_E08	Plate	19	0.999878305373
Plate4a_CS22417_E09	Plate	3	2.15360361546e-11
Plate4a_CS22479_G03	Plate	19	0.999879069161
Plate4a_CS22482_G04	Plate	19	0.999879195284
Plate4a_CS22483_G05	Plate	6	0.00320122755649
Plate4a_CS22486_G06	Plate	19	0.999879610053
Plate4a_CS22487_G07	Plate	2	1.14642582117e-18
Plate4a_CS22492_G08	Plate	19	0.999879162346
Plate4a_CS22494_G09	Plate	19	0.999878305373
Plate4a_CS22495_G10	Plate	19	0.999878305373
Plate4a_CS22496_G11	Plate	19	0.999878846265
Plate4a_CS22630_A01	Plate	6	0.0022930595927
Plate4a_CS22655_G01	Plate	19	0.999879202239
Plate4a_CS6734_D08	Plate	19	0.999879242614
Plate4a_CS6735_D09	Plate	19	0.999879247521
Plate4a_CS6763_E12	Plate	19	0.999877406842
Plate4a_CS6776_F04	Plate	19	0.999878305373
Plate4a_CS6777_F05	Plate	6	0.0027682979933
Plate4a_CS6797_F12	Plate	4	4.60103014153e-10
Plate4a_CS6908_F01	Plate	19	0.999909198424
Plate4a_CS6909_F03	Plate	19	0.999880138176
Plate4a_CS6911_F07	Plate	19	0.999879240564
Plate4a_CS6914_G02	Plate	0	7.64052270768e-40
Plate4a_EMPTY_A05	Plate	19	0.999923306276
Plate6a_CS22423_G08	Plate	4	3.29763147373e-10
Plate6a_CS22460_H04	Plate	19	0.999880102618
Plate6a_CS22521_F05	Plate	19	0.999878305373
Plate6a_CS22528_A06	Plate	19	0.999878305373
Plate6a_CS22550_A01	Plate	6	0.00167427821506
Plate6a_CS22551_C04	Plate	19	0.999878305373
Plate6a_CS6600_H05	Plate	19	0.999878305373
Plate6a_CS6602_H06	Plate	6	0.00286190308909
Plate6a_CS6604_A02	Plate	19	0.99989788331
Plate6a_CS6605_A03	Plate	6	0.001649182128
Plate6a_CS6607_A07	Plate	19	0.999878305373
Plate6a_CS6609_A11	Plate	4	2.89388133324e-07
Plate6a_CS6610_A12	Plate	19	0.999877947733
Plate6a_CS6611_B01	Plate	19	0.999878264899
Plate6a_CS6612_B02	Plate	19	0.999878305373
Plate6a_CS6614_B04	Plate	19	0.999879236945
Plate6a_CS6620_B11	Plate	19	0.999878846265
Plate6a_CS6622_B12	Plate	6	0.00164968127124
Plate6a_CS6623_C01	Plate	19	0.999878305373
Plate6a_CS6628_C08	Plate	19	0.999879236945
Plate6a_CS6629_C09	Plate	19	0.999880103089
Plate6a_CS6630_C10	Plate	19	0.999879240564
Plate6a_CS6631_C11	Plate	19	0.999878305373
Plate6a_CS6634_D02	Plate	19	0.999878305373
Plate6a_CS6635_D03	Plate	19	0.999878305373
Plate6a_CS6636_D04	Plate	19	0.999878305373
Plate6a_CS6637_D05	Plate	19	0.999879236945
Plate6a_CS6638_D06	Plate	19	0.999878305373
Plate6a_CS6639_D07	Plate	3	3.53274583166e-14
Plate6a_CS6640_D08	Plate	19	0.999878305373
Plate6a_CS6641_D09	Plate	19	0.999881758948
Plate6a_CS6642_D10	Plate	19	0.999880153436
Plate6a_CS6646_D11	Plate	2	1.83225741263e-18
Plate6a_CS6647_D12	Plate	19	0.999878305373
Plate6a_CS6648_E01	Plate	6	0.00290080580014
Plate6a_CS6649_E02	Plate	19	0.999879102411
Plate6a_CS6650_E03	Plate	19	0.999878305373
Plate6a_CS6651_E04	Plate	19	0.999879234054
Plate6a_CS6653_E05	Plate	19	0.999879961969
Plate6a_CS6654_E06	Plate	19	0.999878305373
Plate6a_CS6655_E07	Plate	19	0.999878305373
Plate6a_CS6656_E08	Plate	19	0.999878305373
Plate6a_CS6658_H10	Plate	19	0.999879610053
Plate6a_CS6665_F02	Plate	19	0.999878846265
Plate6a_CS6666_F06	Plate	19	0.999878305373
Plate6a_CS6668_F07	Plate	19	0.999880000734
Plate6a_CS6669_F08	Plate	6	0.00293343455983
Plate6a_CS6670_H12	Plate	19	0.999879243262
Plate6a_CS6677_G11	Plate	19	0.999878305373
Plate6a_CS919_H01	Plate	6	0.00231526776992
Plate7a_CS1244_G08	Plate	19	0.999880019082
Plate7a_CS22522_A02	Plate	19	0.999911763789
Plate7a_CS22532_B04	Plate	19	0.999878305373
Plate7a_CS22533_E05	Plate	19	0.999879236945
Plate7a_CS22534_F11	Plate	19	0.999878846265
Plate7a_CS22548_C09	Plate	19	0.999879236945
Plate7a_CS22554_G11	Plate	19	0.999879236945
Plate7a_CS6672_A01	Plate	1	6.84320605363e-28
Plate7a_CS6676_A06	Plate	19	0.999881504238
Plate7a_CS6679_A07	Plate	6	0.00234946236669
Plate7a_CS6681_B08	Plate	19	0.999879236945
Plate7a_CS6683_A09	Plate	19	0.999879236945
Plate7a_CS6684_A10	Plate	19	0.999877406842
Plate7a_CS6685_A11	Plate	6	0.00231526776992
Plate7a_CS6686_A12	Plate	19	0.999878305373
Plate7a_CS6687_B01	Plate	19	0.999878305373
Plate7a_CS6690_B09	Plate	5	2.99620819267e-05
Plate7a_CS6692_B10	Plate	19	0.999878305373
Plate7a_CS6693_B11	Plate	19	0.9998801851
Plate7a_CS6694_B12	Plate	19	0.99987925812
Plate7a_CS6697_C07	Plate	19	0.999878305373
Plate7a_CS6698_C08	Plate	6	0.00233307463214
Plate7a_CS6700_C11	Plate	19	0.999880088227
Plate7a_CS6703_D02	Plate	19	0.999909198424
Plate7a_CS6704_D04	Plate	19	0.999879236945
Plate7a_CS6705_D05	Plate	19	0.999879236945
Plate7a_CS6708_D06	Plate	19	0.999879236945
Plate7a_CS6710_D08	Plate	19	0.999879069161
Plate7a_CS6711_D09	Plate	19	0.999879236945
Plate7a_CS6712_D10	Plate	5	2.86322492431e-05
Plate7a_CS6713_D11	Plate	19	0.999880155256
Plate7a_CS6715_E02	Plate	19	0.999877406842
Plate7a_CS6716_E03	Plate	2	4.58356814744e-25
Plate7a_CS6719_E04	Plate	4	4.38125957169e-08
Plate7a_CS6720_E06	Plate	19	0.999877406842
Plate7a_CS6721_E07	Plate	19	0.999878305373
Plate7a_CS6722_E08	Plate	19	0.99987805686
Plate7a_CS6724_E09	Plate	19	0.999879159617
Plate7a_CS6726_E11	Plate	19	0.999878993867
Plate7a_CS6727_E12	Plate	19	0.999878305373
Plate7a_CS6728_F01	Plate	6	0.00278466675766
Plate7a_CS6731_F05	Plate	19	0.999879236945
Plate7a_CS6733_F10	Plate	4	4.14646219272e-07
Plate7a_CS6736_F12	Plate	19	0.999879240564
Plate7a_CS6737_G01	Plate	19	0.999879240564
Plate7a_CS6738_G02	Plate	19	0.99989366394
Plate7a_CS6739_G04	Plate	19	0.999880170833
Plate7a_CS6740_G07	Plate	19	0.999879777837
Plate7a_CS6741_H06	Plate	5	4.25815654624e-05
Plate7a_CS6742_G09	Plate	19	0.999879240564
Plate7a_CS6743_G12	Plate	19	0.999878305373
Plate7a_CS6744_H01	Plate	19	0.999882888249
Plate7a_CS6745_H02	Plate	19	0.999883620008
Plate7a_CS6746_H03	Plate	4	1.56413693785e-08
Plate7a_CS6747_H04	Plate	6	0.00311699198401
Plate7a_CS6749_H07	Plate	19	0.999879942022
Plate7a_CS6750_H08	Plate	19	0.999879240564
Plate7a_CS6753_H12	Plate	19	0.999878292829
Plate7a_CS6904_G03	Plate	6	0.00286013615098
Plate7a_CS8141_C06	Plate	2	1.21196664512e-25
Plate7a_CS903_H10	Plate	6	0.00292672724292
Plate7a_CS924_G10	Plate	19	0.999878305373
Plate9a_CS1636_A04	Plate	5	3.59347804131e-05
Plate9a_CS22263_E12	Plate	4	5.37879467154e-07
Plate9a_CS22276_F01	Plate	19	0.999878305373
Plate9a_CS22456_F10	Plate	19	0.999879236945
Plate9a_CS22535_E11	Plate	19	0.999879236945
Plate9a_CS22544_G12	Plate	19	0.999911643998
Plate9a_CS22546_H07	Plate	6	0.0022265155437
Plate9a_CS22559_E09	Plate	19	0.999879236945
Plate9a_CS22593_E07	Plate	6	0.00231526776992
Plate9a_CS22622_H05	Plate	6	0.00236747722848
Plate9a_CS22661_B08	Plate	19	0.999879236945
Plate9a_CS3081_A10	Plate	19	0.999878305373
Plate9a_CS6060_D06	Plate	6	0.00288213362835
Plate9a_CS6068_D10	Plate	6	0.00274730766745
Plate9a_CS6098_D11	Plate	19	0.999878305373
Plate9a_CS6182_H04	Plate	6	0.00277054757894
Plate9a_CS6804_A09	Plate	19	0.999877406842
Plate9a_CS6805_A11	Plate	19	0.999909198424
Plate9a_CS6806_B02	Plate	6	0.00233314433042
Plate9a_CS6809_B01	Plate	19	0.999878305373
Plate9a_CS6811_B03	Plate	19	0.999879959016
Plate9a_CS6812_B04	Plate	19	0.999878305373
Plate9a_CS6813_B05	Plate	19	0.999879777837
Plate9a_CS6814_B06	Plate	19	0.999878305373
Plate9a_CS6815_B07	Plate	19	0.999878305373
Plate9a_CS6816_B09	Plate	19	0.999891720299
Plate9a_CS6817_B10	Plate	6	0.00233314433042
Plate9a_CS6818_B11	Plate	19	0.999878305373
Plate9a_CS6819_B12	Plate	19	0.999878305373
Plate9a_CS6820_C01	Plate	19	0.999878846265
Plate9a_CS6821_C02	Plate	19	0.999879236945
Plate9a_CS6822_C03	Plate	19	0.999880000734
Plate9a_CS6823_C05	Plate	6	0.00284899749382
Plate9a_CS6825_C09	Plate	5	2.8740672745e-05
Plate9a_CS6826_C10	Plate	19	0.999879236945
Plate9a_CS6828_C12	Plate	19	0.999879240564
Plate9a_CS6829_D01	Plate	19	0.99988411731
Plate9a_CS6830_D02	Plate	19	0.999878305373
Plate9a_CS6831_D04	Plate	19	0.999878305373
Plate9a_CS6833_D12	Plate	19	0.999878305373
Plate9a_CS6834_E01	Plate	3	1.49085915005e-16
Plate9a_CS6836_E03	Plate	6	0.00199840118251
Plate9a_CS6837_E04	Plate	19	0.999879191361
Plate9a_CS6838_E05	Plate	19	0.999879236945
Plate9a_CS6851_F07	Plate	19	0.999880172136
Plate9a_CS6853_G02	Plate	19	0.999879777837
Plate9a_CS6854_F09	Plate	19	0.99988089716
Plate9a_CS6856_F11	Plate	19	0.999878305373
Plate9a_CS6858_G03	Plate	19	0.999882748199
Plate9a_CS6886_H02	Plate	6	0.00326115804455
Plate9a_CS6887_H03	Plate	19	0.999877406842
Plate9a_CS6889_H09	Plate	19	0.999878303708
Plate9a_CS6890_H10	Plate	6	0.00233240632302
Plate9a_CS6916_E02	Plate	4	5.18825313013e-07
Plate9a_CS6920_H11	Plate	19	0.999878342032
Plate9a_CS6925_H06	Plate	19	0.999880222252
Plate9a_CS6927_F03	Plate	19	0.999878305373
Plate9a_CS8143_H01	Plate	19	0.999879814496
Plate9a_CS913_F02	Plate	19	0.999878305373
1ST 96_Ag-Oa 6601_C09	1ST	19	0.999902690604
1ST 96_An-1A 6603_G08	1ST	19	0.999904579581
1ST 96_Bay-Oa 6608_F09	1ST	19	0.999901572943
1ST 96_Bor-1a_C04	1ST	19	0.999899182958
1ST 96_Bor-4a_D04	1ST	19	0.999898270083
1ST 96_Br-Oa 6626_A09	1ST	19	0.999909774859
1ST 96_Bur-Oa 6643_E12	1ST	19	0.9999027514
1ST 96_C24a 906_A08	1ST	19	0.999903794275
1ST 96_Cibc-17a_H05	1ST	19	0.999898415413
1ST 96_cs22491 a_B08	1ST	19	0.999903646451
1ST 96_Cvi-Oa 6675_C07	1ST	19	0.99990164871
1ST 96_Eden 2b_B02	1ST	19	0.999903691906
1ST 96_Edi-Oa 6688_F12	1ST	19	0.999902780692
1ST 96_Ei-2b 6689_E07	1ST	19	0.999901841299
1ST 96_EMPTY_A01	1ST	6	0.00276925970359
1ST 96_Fab 2c_E02	1ST	19	0.999901056628
1ST 96_Fab 4c_F02	1ST	6	0.00262937556401
1ST 96_Fei-Oa_B11	1ST	19	0.999901676256
1ST 96_Ga-Oa 6714_G09	1ST	19	0.999900089535
1ST 96_GOT-7b_E06	1ST	19	0.999899168632
1ST 96_Gu-Oa 6730_F07	1ST	19	0.999899168632
1ST 96_Gy-Oa 6732_D09	1ST	19	0.99990623933
1ST 96_HR10a_B05	1ST	19	0.999905523866
1ST 96_KAS-1a 6751_C10	1ST	19	0.999902547263
1ST 96_KNO 18a_D01	1ST	19	0.999901002413
1ST 96_Kondara 6175_H11	1ST	19	0.999899166966
1ST 96_KZ-1a_C06	1ST	19	0.999904355193
1ST 96_KZ-9a_D06	1ST	19	0.999902804947
1ST 96_LL-Oa_G11	1ST	19	0.999906389628
1ST 96_LP2-2a_G04	1ST	19	0.999904361395
1ST 96_LP2-6a_H04	1ST	19	0.999901042302
1ST 96_LZ-Oa 6788_D07	1ST	19	0.999900054638
1ST 96_Mrk-Oa 6796_H09	1ST	19	0.999902740802
1ST 96_Mr-Ob 10E_E10	1ST	19	0.999897334874
1ST 96_MS-Ob 6797_D12	1ST	19	0.999902852068
1ST 96_Mt-Oa 6799_G10	1ST	6	0.00240740406896
1ST 96_Mz-Oa 6800_A10	1ST	19	0.999899168632
1ST 96_Nd-1a 6922_H07	1ST	19	0.999899321989
1ST 96_NFA 10a_D05	1ST	19	0.99990188842
1ST 96_NOK-3a 6810_H10	1ST	19	0.999900105892
1ST 96_Omo 2-1a_E03	1ST	19	0.999901842249
1ST 96_Omo 2-3a_F03	1ST	19	0.999899190985
1ST 96_OY-Oa 6824_G12	1ST	19	0.999900955292
1ST 96_PNA 17a_G01	1ST	19	0.999904381829
1ST 96_Pro-Oa_F11	1ST	6	0.00334449070722
1ST 96_Pu 2-7a_E04	1ST	19	0.999900103861
1ST 96_Pu2-23a_F04	1ST	19	0.999901838521
1ST 96_Ra-Oa 6844_E09	1ST	19	0.999902480502
1ST 96_REN 1a_G06	1ST	6	0.00317685341359
1ST 96_RMX A02a_E01	1ST	19	0.999900885753
1ST 96_RMX A180a_F01	1ST	19	0.999900885753
1ST 96_RRS10a_B01	1ST	19	0.999899329786
1ST 96_Se-Oa 6852_C11	1ST	19	0.999900850856
1ST 96_Sorbo 931_B12	1ST	19	0.999903433947
1ST 96_Spr1-2a_C03	1ST	19	0.9999000769
1ST 96_Spr1-6a_D03	1ST	19	0.999904346152
1ST 96_SQ-1a_E05	1ST	19	0.999901825977
1ST 96_SQ-8a_F05	1ST	19	0.999900817594
1ST 96_TAMM 2a_A06	1ST	19	0.99990270428
1ST 96_Ts-1a 6868_D11	1ST	19	0.999900967515
1ST 96_Ts-5a 6871_E11	1ST	19	0.999902629493
1ST 96_Ull 2-3a_H03	1ST	19	0.999899182958
1ST 96_Ull 2-5a_G03	1ST	19	0.999900089535
1ST 96_Uod 1a_A07	1ST	19	0.999900054638
1ST 96_Van-Oa 6884_H08	1ST	19	0.999899066299
1ST 96_Var2-6a_B03	1ST	19	0.999901756202
1ST 96_Wa-1a 6885_A11	1ST	19	0.99990872635
1ST 96_Wei-Oa 6182_C08	1ST	19	0.999905196219
1ST 96_Ws-Oa 6891_D08	1ST	19	0.999900885753
1ST 96_Wt-5a 6896_B10	1ST	19	0.999904503169
1ST 96_Yo-Oa 6901_E08	1ST	19	0.999901798632
1ST 96_Zdr-1a_A04	1ST	19	0.999900081509
1ST 96_Zdr-6a_B04	1ST	19	0.999900852491
2ND 96_Ba 1-2_E04	2ND	19	0.999899182958
2ND 96_Bg-2_H01	2ND	19	0.999899158751
2ND 96_Blh-1_B02	2ND	19	0.999899200515
2ND 96_Bro 1-6_C04	2ND	19	0.999905091091
2ND 96_cs 1007 Bu-0_C07	2ND	19	0.999898423439
2ND 96_cs 1065 Can-0_D07	2ND	6	0.00233823087542
2ND 96_cs 1067 Cen-0_E07	2ND	19	0.999901624122
2ND 96_cs 1137 En-1_F07	2ND	19	0.999896392631
2ND 96_cs 1185 Gd-1_G07	2ND	19	0.999898415413
2ND 96_cs 1187 Ge-0_H07	2ND	19	0.999899033885
2ND 96_cs 1199 Gr-1_A08	2ND	6	0.00337279500458
2ND 96_cs 1227 Hi-0_B08	2ND	19	0.999898237849
2ND 96_cs 1237 Hs-0_C08	2ND	19	0.999922102298
2ND 96_cs 1239 In-0_D08	2ND	6	0.00272758849506
2ND 96_cs 1241 Is-0_E08	2ND	19	0.999899007194
2ND 96_cs 1259 Jm-0_F08	2ND	19	0.999900109529
2ND 96_cs 1267 Ka-0_G08	2ND	19	0.99989899505
2ND 96_cs 923 H55_E06	2ND	19	0.999904626548
2ND 96_cs 926 Petergof_F06	2ND	19	0.999901838521
2ND 96_cs 927 Rubezhnoe_G06	2ND	19	0.999900918729
2ND 96_cs 971 Bla-1_A07	2ND	19	0.999899979176
2ND 96_cs 997  Bs-1_B07	2ND	19	0.999896741439
2ND 96_cs1307 Lc-0_H08	2ND	19	0.99989841247
2ND 96_cs1337 Lip-0_A09	2ND	19	0.999908053101
2ND 96_cs1345 Lm-2_B09	2ND	19	0.999899212249
2ND 96_cs1353 Lu-1_C09	2ND	19	0.999898237849
2ND 96_cs1379 Mir-0_D09	2ND	6	0.00283112117193
2ND 96_cs1385Na-1_E09	2ND	6	0.00290908294402
2ND 96_cs1431 Ost-0_F09	2ND	19	0.999900847066
2ND 96_cs1439 Pa-1_G09	2ND	19	0.999901824711
2ND 96_cs1445 Per-1_H09	2ND	6	0.00284433295857
2ND 96_cs1455 Pi-0_A10	2ND	19	0.999896563875
2ND 96_cs1459 Pla-0_B10	2ND	19	0.999897324974
2ND 96_cs1483 Rd-0_D10	2ND	19	0.999897324974
2ND 96_cs1485 Rak-2_E10	2ND	19	0.999898237849
2ND 96_cs1494 Rsch-4_F10	2ND	19	0.999900513423
2ND 96_cs1507 Sap-0_G10	2ND	19	0.999896741439
2ND 96_cs1535 St-0_A11	2ND	19	0.999895457424
2ND 96_cs1539 Stw-0_B11	2ND	19	0.999900783846
2ND 96_cs1549 Ta-0_C11	2ND	19	0.999898415413
2ND 96_cs1567 Tu-0_D11	2ND	19	0.999895628669
2ND 96_cs1595Wil-1_E11	2ND	19	0.999898350633
2ND 96_cs1656 Alc-0_F11	2ND	19	0.999901765127
2ND 96_cs6002_H11	2ND	19	0.999897452
2ND 96_cs6003 Koln_A12	2ND	19	0.999899937998
2ND 96_cs6033 Lisse_B12	2ND	19	0.999898237849
2ND 96_cs6034_C12	2ND	19	0.999897367048
2ND 96_cs6041_D12	2ND	19	0.999898239649
2ND 96_cs6187_E12	2ND	19	0.999895697792
2ND 96_Dra 3-1_A05	2ND	6	0.00338183232045
2ND 96_DraII-1_A04	2ND	3	3.36758825738e-12
2ND 96_Duk_F03	2ND	6	0.00276423115053
2ND 96_EMPTY_A01	2ND	19	0.999899190985
2ND 96_Fja 1-1_A03	2ND	19	0.999908042134
2ND 96_Gul 1-2_D04	2ND	4	7.37681749536e-07
2ND 96_Hod _G03	2ND	19	0.999899155257
2ND 96_Hov 2-1_D02	2ND	1	1.2811889393e-32
2ND 96_Hov 4-1_E02	2ND	19	0.999898237849
2ND 96_Hovdala 2_F05	2ND	19	0.999898270083
2ND 96_HSm_H03	2ND	19	0.999898245875
2ND 96_Kavlinge-1_C06	2ND	19	0.999900989868
2ND 96_Kulturen 1_B06	2ND	19	0.999901022048
2ND 96_Kz-13_G01	2ND	1	2.74214352883e-28
2ND 96_Liarum_H05	2ND	19	0.999899182958
2ND 96_Lillo-1_B03	2ND	19	0.999897324974
2ND 96_Lis-1_D05	2ND	19	0.999897324974
2ND 96_Lom 1-1_G02	2ND	19	0.999898253672
2ND 96_Lund_B01	2ND	19	0.999899182958
2ND 96_NC-6_C01	2ND	6	0.00368846945841
2ND 96_Pu 2-8_E01	2ND	19	0.999898250614
2ND 96_Rev-1_C02	2ND	19	0.999898270083
2ND 96_San-2_F02	2ND	19	0.999899182958
2ND 96_Tottarp 2_G05	2ND	19	0.999900956875
2ND 96_Ull 1-1_H02	2ND	6	0.00301594397703
2ND 96_Vastervik_A02	2ND	19	0.999899182958
2ND 96_Vimmerby_D01	2ND	19	0.999898237849
2ND 96_Vinslov_A06	2ND	19	0.999899189916
French Eco#1_Fr 100 CAM45_G02	French	19	0.999895665301
French Eco#1_Fr 11 ALL2-3_D07	French	6	0.00325650747684
French Eco#1_Fr 116 CAM61_D04	French	19	0.999893959338
French Eco#1_Fr 118 CAM63_F04	French	19	0.999895796068
French Eco#1_Fr 132 MOG-37_B04	French	19	0.999910625494
French Eco#1_Fr 143 MOG-57_A04	French	0	2.25002364275e-30
French Eco#1_Fr 150 MIB-10_H12	French	3	5.57216513203e-10
French Eco#1_Fr 154 MIB-15_C11	French	2	6.34701748498e-19
French Eco#1_Fr 16 CUR-3_G12	French	19	0.999899204356
French Eco#1_Fr 164 MIB-27_C08	French	19	0.999893130085
French Eco#1_Fr 165 MIB-28_B03	French	19	0.999896741439
French Eco#1_Fr 171 MIB-34_B08	French	19	0.999896773777
French Eco#1_Fr 18 CUR-5_G06	French	19	0.999894687922
French Eco#1_Fr 182 MIB-47_B05	French	1	5.55487460169e-28
French Eco#1_Fr 184 MIB-50_D05	French	19	0.999895700657
French Eco#1_Fr 189 MIB-58_A05	French	19	0.999899319942
French Eco#1_Fr 191 MIB-61_H05	French	19	0.999898558842
French Eco#1_Fr 196 MIB-67_G05	French	19	0.999894907771
French Eco#1_Fr 208 MIB-83_H09	French	19	0.99989677684
French Eco#1_Fr 209 MIB-84_D10	French	3	4.08266372735e-11
French Eco#1_Fr 22 CUR-9_H06	French	6	0.00331218271542
French Eco#1_Fr 23 CUR-10_C02	French	19	0.999898423439
French Eco#1_Fr 26 VOU-1_F02	French	6	0.00336282074219
French Eco#1_Fr 28 VOU-4_H02	French	19	0.999898200414
French Eco#1_Fr 29 VOU-5_A02	French	6	0.00298438111483
French Eco#1_Fr 297 TOU-A1-23_H08	French	19	0.999903630708
French Eco#1_Fr 30 VOU-6_B02	French	3	7.2471641902e-10
French Eco#1_Fr 305 TOU-A1-39_B11	French	3	9.23612494267e-10
French Eco#1_Fr 309 TOU-A1-47_B12	French	6	0.00348613391276
French Eco#1_Fr 325 TOU-A1-77_F09	French	3	2.45158056746e-13
French Eco#1_Fr 33 VOU-9_C04	French	19	0.999902062767
French Eco#1_Fr 330 TOU-A1-82_E08	French	19	0.999899219656
French Eco#1_Fr 35 PAR-3_C07	French	19	0.999893145913
French Eco#1_Fr 351 TOU-A1-114_D11	French	19	0.999898274546
French Eco#1_Fr 358 TOU-A1-122_E11	French	19	0.999899219656
French Eco#1_Fr 36 PAR-4_D02	French	19	0.99989768878
French Eco#1_Fr 366 TOU-A1-134_B10	French	19	0.999899931459
French Eco#1_Fr 373 TOU-C3_A09	French	19	0.999896894108
French Eco#1_Fr 377 TOU-E2_A10	French	1	1.50086700187e-33
French Eco#1_Fr 379 TOU-E-11_C12	French	19	0.999896653945
French Eco#1_Fr 382 TOU-G1_D08	French	19	0.999897513447
French Eco#1_Fr 385 TOU-H-10_G08	French	4	7.85576171366e-07
French Eco#1_Fr 386 TOU-H-12_G09	French	19	0.99990097246
French Eco#1_Fr 388 TOU-I-1_E12	French	19	0.999898455254
French Eco#1_Fr 389 TOU-I-2_B09	French	5	3.73050506837e-05
French Eco#1_Fr 390 TOU-I-6_C09	French	5	4.29845493794e-05
French Eco#1_Fr 392 TOU-J3_D09	French	6	0.00306837600129
French Eco#1_Fr 397 TOU-K3_C10	French	19	0.99990376191
French Eco#1_Fr 40 PAR-9_G01	French	19	0.999899732546
French Eco#1_Fr 43 ROM-2_E09	French	19	0.999899406729
French Eco#1_Fr 58 JEA_H03	French	4	3.57474495794e-08
French Eco#1_Fr 63 PON_B07	French	19	0.999894042409
French Eco#1_Fr 7 ALL1-8_A03	French	19	0.999897564535
French Eco#1_Fr 78 CAM17_H01	French	4	9.09416757447e-07
French Eco#1_Fr 97 CAM42_G04	French	2	1.57182976561e-15
French Eco#2_Fr 146 MIB-1_A02	French	19	0.999899222848
French Eco#2_Fr 155 MIB-16_B06	French	19	0.99990164871
French Eco#2_Fr 157 MIB-19_F02	French	19	0.999902737726
French Eco#2_Fr 158 MIB-20_F10	French	0	2.58396098054e-27
French Eco#2_Fr 177 MIB-40_E01	French	6	0.00248350403399
French Eco#2_Fr 180 MIB-43_B01	French	19	0.999900969628
French Eco#2_Fr 19 CUR-6_G12	French	19	0.999899190985
French Eco#2_Fr 190 MIB-60_H12	French	3	4.30285344647e-11
French Eco#2_Fr 194 MIB-64_C01	French	19	0.999899066299
French Eco#2_Fr 199 MIB-70_C04	French	19	0.999900939969
French Eco#2_Fr 2 ALL1-3_B02	French	19	0.999902382124
French Eco#2_Fr 20 CUR-7_D02	French	19	0.999900939969
French Eco#2_Fr 201 MIB-75_F05	French	19	0.999900939969
French Eco#2_Fr 202 MIB-76_C09	French	4	7.01612151221e-07
French Eco#2_Fr 203 MIB-77_A10	French	6	0.00327203520542
French Eco#2_Fr 205 MIB-80_H03	French	3	1.93104164168e-13
French Eco#2_Fr 210 MIB-86_E03	French	3	1.17856581613e-09
French Eco#2_Fr 211 MIB-87_E07	French	19	0.999901838521
French Eco#2_Fr 214 MIB-90_A05	French	19	0.999897502538
French Eco#2_Fr 215 MIB-92_A08	French	19	0.999895784355
French Eco#2_Fr 226 LDV-6_G05	French	19	0.999901886497
French Eco#2_Fr 229 LDV-9_D06	French	19	0.999901838521
French Eco#2_Fr 260 LDV-40_D04	French	4	2.5375431842e-08
French Eco#2_Fr 264 LDV-44_G06	French	19	0.999900939969
French Eco#2_Fr 275 LDV-58_A03	French	6	0.00207470439405
French Eco#2_Fr 288 TOU-A1-10_H08	French	19	0.999898810985
French Eco#2_Fr 298 TOU-A1-26_D07	French	19	0.999899219656
French Eco#2_Fr 306 TOU-A1-41_F09	French	19	0.999900728654
French Eco#2_Fr 307 TOU-A1-43_D01	French	19	0.999900939969
French Eco#2_Fr 308 TOU-A1-45_H06	French	19	0.999901814122
French Eco#2_Fr 316 TOU-A1-65_C07	French	19	0.999902786698
French Eco#2_Fr 319 TOU-A1-67_A04	French	19	0.999899987202
French Eco#2_Fr 320 TOU-A1-69_C03	French	19	0.999902780692
French Eco#2_Fr 321 TOU-A1-70_F08	French	19	0.99990164871
French Eco#2_Fr 329 TOU-A1-81_G03	French	19	0.99990344377
French Eco#2_Fr 332 TOU-A1-85_H01	French	19	0.999900939969
French Eco#2_Fr 333 TOU-A1-88_C06	French	19	0.999903489434
French Eco#2_Fr 334 TOU-A1-89_H05	French	6	0.00346970751025
French Eco#2_Fr 34 VOU-10_B03	French	3	2.69904845845e-12
French Eco#2_Fr 348 TOU-A1-111_C11	French	19	0.999900695942
French Eco#2_Fr 353 TOU-A1-116_E04	French	19	0.999900555376
French Eco#2_Fr 361 TOU-A1-125_G10	French	4	7.90669889904e-07
French Eco#2_Fr 362 TOU-A1-128_F04	French	19	0.999902547263
French Eco#2_Fr 364 TOU-A1-131_E09	French	19	0.999900559969
French Eco#2_Fr 37 PAR-5_A01	French	6	0.0034612625645
French Eco#2_Fr 376 TOU-D-9_G02	French	19	0.999900888452
French Eco#2_Fr 380 TOU-F1_A06	French	19	0.99990164871
French Eco#2_Fr 383 TOU-H-3_F03	French	6	0.00200068953792
French Eco#2_Fr 396 TOU-K-2_G11	French	19	0.999902586287
French Eco#2_Fr 398 TOU-L-5_D09	French	4	1.06378958367e-06
French Eco#2_Fr 399 TOU-L-10_D12	French	1	3.40995858674e-26
French Eco#2_Fr 400 TOU-L-17_C05	French	3	8.13521493338e-10
French Eco#2_Fr 54 RAN_B08	French	19	0.999901838521
French Eco#2_Fr 62 NOG_G01	French	0	6.76638154958e-34
French Eco#2_Fr387 TOU-H-13_D05	French	3	2.59559532891e-12
French Eco#3_Fr 112 CAM-57_D10	French	19	0.999905320695
French Eco#3_Fr 120 CAM-66_E11	French	6	0.00338870079863
French Eco#3_Fr 134 MOG-40_G04	French	19	0.999902608036
French Eco#3_Fr 14 ALL2-6_C06	French	19	0.999901838521
French Eco#3_Fr 147 MIB-2_F10	French	19	0.999900917617
French Eco#3_Fr 151 MIB-11_E06	French	6	0.00315877900344
French Eco#3_Fr 153 MIB-14_H02	French	4	7.87847493147e-07
French Eco#3_Fr 156 MIB-17_C03	French	19	0.999900885753
French Eco#3_Fr 161 MIB-23_D03	French	19	0.99990350278
French Eco#3_Fr 162 MIB-24_E04	French	3	6.25451467142e-11
French Eco#3_Fr 169 MIB-32_B11	French	6	0.00314883041672
French Eco#3_Fr 170 MIB-33_F07	French	19	0.999902735028
French Eco#3_Fr 172 MIB-35_B08	French	19	0.999901838521
French Eco#3_Fr 187 MIB-55_H04	French	4	1.97836718557e-08
French Eco#3_Fr 188 MIB-57_H12	French	19	0.999901882139
French Eco#3_Fr 197 MIB-68_G06	French	6	0.00278887557591
French Eco#3_Fr 198 MIB-69_A05	French	3	5.07680446133e-11
French Eco#3_Fr 200 MIB-73_A11	French	19	0.999899066299
French Eco#3_Fr 216 MIB-93_E12	French	6	0.00335152195426
French Eco#3_Fr 220 MIB-100_D09	French	6	0.00270594880425
French Eco#3_Fr 223 LDV-3_G11	French	19	0.999900939969
French Eco#3_Fr 236 LDV-16_F05	French	2	8.10081720989e-22
French Eco#3_Fr 24 CLA-7_E08	French	19	0.999900121399
French Eco#3_Fr 245 LDV-25_G08	French	19	0.999901638111
French Eco#3_Fr 250 LDV-30_F08	French	19	0.999900939969
French Eco#3_Fr 254 LDV-34_B06	French	19	0.999901882139
French Eco#3_Fr 272 LDV-53_A06	French	19	0.999903489434
French Eco#3_Fr 278 LDV-68_C05	French	19	0.999903088167
French Eco#3_Fr 299 TOU-A1-27_D11	French	19	0.999899987202
French Eco#3_Fr 301 TOU-A1-33_B09	French	19	0.999907152762
French Eco#3_Fr 31 VOU-7_G02	French	3	1.00079725656e-09
French Eco#3_Fr 311 TOU-A1-60_H07	French	6	0.00281070977676
French Eco#3_Fr 317 TOU-A1-66_H09	French	19	0.999905347942
French Eco#3_Fr 318 TOU-A1-67_F09	French	19	0.999901838521
French Eco#3_Fr 323 TOU-A1-74_C11	French	2	8.01218281938e-22
French Eco#3_Fr 327 TOU-A1-79_C04	French	19	0.999902424231
French Eco#3_Fr 331 TOU-A1-84_A08	French	4	1.21583278646e-06
French Eco#3_Fr 339 TOU-A1-96_G09	French	19	0.999901644117
French Eco#3_Fr 341 TOU-A1-98_D05	French	19	0.999902751201
French Eco#3_Fr 346 TOU-A1-109_G03	French	19	0.999901888145
French Eco#3_Fr 354 TOU-A1-117_F06	French	19	0.999905799218
French Eco#3_Fr 356 TOU-A1-119_F12	French	19	0.999902547263
French Eco#3_Fr 357 TOU-A1-120_B12	French	19	0.99990164871
French Eco#3_Fr 360 TOU-A1-124_C02	French	4	8.25525063588e-07
French Eco#3_Fr 363 TOU-A1-129_B10	French	4	1.10876132453e-06
French Eco#3_Fr 367 TOU-A1-137_D08	French	3	1.39062187166e-09
French Eco#3_Fr 370 TOU-A1-143_E10	French	19	0.999901795225
French Eco#3_Fr 372 TOU-C2_H11	French	19	0.999906150867
French Eco#3_Fr 375 TOU-D5_G10	French	3	4.55520547305e-11
French Eco#3_Fr 378 TOU-E7_H08	French	3	1.83227720445e-14
French Eco#3_Fr 55 BUI_B03	French	19	0.999903688768
French Eco#3_Fr 61 CYR_D04	French	19	0.999902619441
French Eco#3_Fr 86 CAM-25_H03	French	19	0.999899944934
French Eco#3_Fr228 LDV-8_A09	French	4	2.03467926437e-06
French Eco#4_Fr 1 ALL1-2_H10	French	6	0.00310579328429
French Eco#4_Fr 10 ALL2-2_C08	French	19	0.999905426926
French Eco#4_Fr 103 CAM-48_F09	French	19	0.999909629078
French Eco#4_Fr 119 CAM-64_C06	French	19	0.999904489623
French Eco#4_Fr 133 MOG-38_H02	French	19	0.999908775974
French Eco#4_Fr 145 MOG-67_G05	French	19	0.999907251073
French Eco#4_Fr 15 CUR-2_A09	French	6	0.00313895217168
French Eco#4_Fr 160 MIB-22_A02	French	19	0.999900939969
French Eco#4_Fr 166 MIB-29_H05	French	19	0.999912253804
French Eco#4_Fr 173 MIB-36_B01	French	19	0.999899928396
French Eco#4_Fr 174 MIB-37_C10	French	19	0.999900939969
French Eco#4_Fr 176 MIB-39_E07	French	19	0.99991121315
French Eco#4_Fr 179 MIB-42_D09	French	2	1.36969910208e-19
French Eco#4_Fr 186 MIB-54_A04	French	19	0.999909661988
French Eco#4_Fr 193 MIB-63_B12	French	4	2.60392758857e-08
French Eco#4_Fr 195 MIB-66_G02	French	19	0.999907889295
French Eco#4_Fr 206 MIB-81_H12	French	2	8.76893746657e-14
French Eco#4_Fr 21 CUR-8_E05	French	5	3.73095523659e-05
French Eco#4_Fr 232 LDV-12_B07	French	19	0.999902830315
French Eco#4_Fr 233 LDV-13_A05	French	19	0.999904475921
French Eco#4_Fr 252 LDV-32_H04	French	19	0.999903540462
French Eco#4_Fr 27 VOU-2_B11	French	19	0.999899218256
French Eco#4_Fr 273 LDV-54_E01	French	19	0.999907878427
French Eco#4_Fr 276 LDV-59_E09	French	19	0.999902832703
French Eco#4_Fr 289 TOU-A1-12_G04	French	19	0.999899066299
French Eco#4_Fr 294 TOU-A1-17_D05	French	6	0.00334937654068
French Eco#4_Fr 296 TOU-A1-19_F12	French	19	0.999899987202
French Eco#4_Fr 300 TOU-A1-29_B09	French	19	0.999906006268
French Eco#4_Fr 302 TOU-A1-34_G12	French	19	0.999903767178
French Eco#4_Fr 312 TOU-A1-61_D06	French	19	0.99990712925
French Eco#4_Fr 313 TOU-A1-62_C04	French	6	0.00278887557591
French Eco#4_Fr 322 TOU-A1-73_G03	French	19	0.999903539057
French Eco#4_Fr 326 TOU-A1-78_E11	French	19	0.999902830315
French Eco#4_Fr 337 TOU-A1-93_G06	French	19	0.999902759443
French Eco#4_Fr 345 TOU-A1-106_C01	French	19	0.99990702406
French Eco#4_Fr 349 TOU-A1-112_H01	French	19	0.999899928396
French Eco#4_Fr 352 TOU-A1-115_G08	French	2	3.48036728171e-18
French Eco#4_Fr 368 TOU-A1-138_G11	French	19	0.999908692711
French Eco#4_Fr 369 TOU-A1-141_E02	French	19	0.999902740216
French Eco#4_Fr 371 TOU-C-1_D01	French	5	4.13110101324e-05
French Eco#4_Fr 374 TOU-D-1_G01	French	2	2.90146670604e-18
French Eco#4_Fr 38 PAR-6_D07	French	19	0.999911644425
French Eco#4_Fr 384 TOU-H-8_C02	French	19	0.999907150715
French Eco#4_Fr 39 PAR-8_F08	French	3	9.76298171718e-11
French Eco#4_Fr 391 TOU-I-17_E10	French	19	0.999900008467
French Eco#4_Fr 394 TOU-J-18_F10	French	19	0.999899987202
French Eco#4_Fr 4 ALL1-5_F04	French	19	0.999902832703
French Eco#4_Fr 41 PAR-10_A08	French	19	0.999909557178
French Eco#4_Fr 42 ROM-1_D11	French	19	0.999898298754
French Eco#4_Fr 44 ROM-9_G07	French	19	0.999903687308
French Eco#4_Fr 45 MAR2-3_F07	French	19	0.999908077431
French Eco#4_Fr 48 LAC-3_D02	French	19	0.999910484059
French Eco#4_Fr 5 ALL1-6_F11	French	19	0.999904401319
French Eco#4_Fr 50 LAC-5_C07	French	19	0.999902753899
French Eco#4_Fr 59 DAM1_B10	French	19	0.99990712925
French Eco#4_Fr 60 DAM2_E03	French	19	0.99990806668
French Eco#4_Fr 68 CAM-6_F02	French	6	0.00291635647448
French Eco#4_Fr 70 CAM-9_H09	French	6	0.00333117582636
French Eco#4_Fr 77 CAM-16_C05	French	19	0.999900014473
French Eco#4_Fr 8 ALL1-9_F03	French	19	0.999906312937
French Eco#4_Fr 9 ALL2-1_A10	French	19	0.99990712925
French Eco#4_Fr 93 CAM-35_A12	French	19	0.999901644117
French Eco#4_Fr 99 CAM-44_F06	French	19	0.999904718182
French Eco#4_Fr53 CLE-6_B05	French	19	0.99990819279
SWE ECO#1_T1000_E09	SWE	19	0.999877406842
SWE ECO#1_T1010_F09	SWE	6	0.002880340973
SWE ECO#1_T1020_G09	SWE	6	0.00286324624075
SWE ECO#1_T1030_H09	SWE	19	0.999880136246
SWE ECO#1_T1040_A09	SWE	19	0.999878342032
SWE ECO#1_T1050_B10	SWE	6	0.00286324624075
SWE ECO#1_T1060_C10	SWE	19	0.999878180624
SWE ECO#1_T1070_D10	SWE	19	0.999879228019
SWE ECO#1_T1080_E10	SWE	19	0.999878203043
SWE ECO#1_T1090_F10	SWE	19	0.999878203043
SWE ECO#1_T1110_A11	SWE	19	0.999878303327
SWE ECO#1_T1120_B11	SWE	19	0.999878263814
SWE ECO#1_T1130_C11	SWE	19	0.999877406842
SWE ECO#1_T1150_G10	SWE	19	0.999877406842
SWE ECO#1_T1160_H10	SWE	19	0.999877406842
SWE ECO#1_T460_H02	SWE	19	0.999877406842
SWE ECO#1_T470_A03	SWE	19	0.999878131864
SWE ECO#1_T480_B03	SWE	19	0.999878305373
SWE ECO#1_T510_B05	SWE	19	0.999877406842
SWE ECO#1_T520_C05	SWE	19	0.999878303327
SWE ECO#1_T530_D05	SWE	19	0.999877406842
SWE ECO#1_T570_E05	SWE	19	0.999877406842
SWE ECO#1_T580_F05	SWE	19	0.999877406842
SWE ECO#1_T590_G05	SWE	19	0.999878312842
SWE ECO#1_T620_H05	SWE	19	0.999879258177
SWE ECO#1_T640_A06	SWE	19	0.999878305373
SWE ECO#1_T670_B06	SWE	19	0.999877406842
SWE ECO#1_T680_C06	SWE	19	0.999877406842
SWE ECO#1_T690_D06	SWE	19	0.999877406842
SWE ECO#1_T710_E06	SWE	19	0.999877406842
SWE ECO#1_T720_F06	SWE	19	0.999877406842
SWE ECO#1_T730_G06	SWE	19	0.99990163779
SWE ECO#1_T740_H06	SWE	19	0.999878308072
SWE ECO#1_T750_A07	SWE	1	1.26249829803e-36
SWE ECO#1_T770_B07	SWE	6	0.0028674266252
SWE ECO#1_T780_C07	SWE	19	0.999880076311
SWE ECO#1_T790_D07	SWE	19	0.999880187048
SWE ECO#1_T800_E07	SWE	6	0.00286737423812
SWE ECO#1_T810_F07	SWE	19	0.999877406842
SWE ECO#1_T820_G07	SWE	3	6.81805921447e-11
SWE ECO#1_T840_H07	SWE	4	4.45986622919e-07
SWE ECO#1_T850_A08	SWE	2	8.87437148554e-28
SWE ECO#1_T870_B08	SWE	19	0.999877406842
SWE ECO#1_T890_C08	SWE	19	0.999877406842
SWE ECO#1_T900_D08	SWE	19	0.999877406842
SWE ECO#1_T920_E08	SWE	19	0.999881790919
SWE ECO#1_T930_F08	SWE	19	0.999878351102
SWE ECO#1_T940_G08	SWE	19	0.999878342032
SWE ECO#1_T950_H08	SWE	19	0.999877406842
SWE ECO#1_T960_A10	SWE	6	0.00287978742405
SWE ECO#1_T970_B09	SWE	19	0.999877406842
SWE ECO#1_T980_C09	SWE	19	0.999877406842
SWE ECO#1_T990_D09	SWE	19	0.999877406842
SWE ECO#1_Tad 01_E11	SWE	19	0.999877406842
SWE ECO#1_Tad 02_F11	SWE	19	0.999878342032
SWE ECO#1_Tad 03_G11	SWE	19	0.999878342032
SWE ECO#1_Tad 04_H11	SWE	19	0.999878342032
SWE ECO#1_Tad 06_B12	SWE	19	0.99987827258
SWE ECO#1_TBO 01_C12	SWE	19	0.999877406842
SWE ECO#1_THO 01_D12	SWE	19	0.999878342032
SWE ECO#1_THO 04_E12	SWE	19	0.999880109001
SWE ECO#1_THO 08_H12	SWE	19	0.999879527607
SWE ECO#1_TV-04_F03	SWE	19	0.999878882923
SWE ECO#1_TV-09_C04	SWE	19	0.999879679124
SWE ECO#1_TV-10_D04	SWE	19	0.999880039464
SWE ECO#1_TV-13_G04	SWE	19	0.999879996291
SWE ECO#1_TV-30_B02	SWE	19	0.999879781455
SWE ECO#1_TV-35_E02	SWE	19	0.999878342032
SWE ECO#1_TV-38_C03	SWE	19	0.999877406842
SWE ECO#2_Nag-11_A12	SWE	5	2.54522913385e-05
SWE ECO#2_Sparta 1_E10	SWE	6	0.00291146390024
SWE ECO#2_TAA 03_B01	SWE	19	0.999878342032
SWE ECO#2_TAA 07_F01	SWE	19	0.999877406842
SWE ECO#2_TAA 11_A02	SWE	19	0.999877406842
SWE ECO#2_TAA 13_C02	SWE	19	0.999878319699
SWE ECO#2_TAA 14_D02	SWE	19	0.999877406842
SWE ECO#2_TAA 15_E02	SWE	19	0.999877406842
SWE ECO#2_TAA 17_G02	SWE	19	0.999877406842
SWE ECO#2_TAA 18_H02	SWE	19	0.999877406842
SWE ECO#2_TAA 19_A03	SWE	19	0.999877406842
SWE ECO#2_TBL 03_F06	SWE	19	0.999877406842
SWE ECO#2_TDO 01_A06	SWE	6	0.00280818442282
SWE ECO#2_TDR-01_B08	SWE	19	0.999877406842
SWE ECO#2_TDR-03_D08	SWE	19	0.999878303708
SWE ECO#2_TDR-04_E08	SWE	2	2.13890999226e-22
SWE ECO#2_TDR-05_F08	SWE	19	0.99987834899
SWE ECO#2_TDR-07_G08	SWE	19	0.999877406842
SWE ECO#2_TDR-08_H08	SWE	6	0.00298951266267
SWE ECO#2_TDR-09_E09	SWE	19	0.999877406842
SWE ECO#2_TDR-11_B09	SWE	19	0.999877406842
SWE ECO#2_TDR-13_C09	SWE	6	0.00283908079645
SWE ECO#2_TDR-14_D09	SWE	3	5.72998058561e-14
SWE ECO#2_TDR-15_F09	SWE	19	0.999879279272
SWE ECO#2_TDR-17_H09	SWE	19	0.999909775992
SWE ECO#2_TDR-18_A10	SWE	19	0.999878180624
SWE ECO#2_TDR-21_C10	SWE	19	0.999878342032
SWE ECO#2_TDR-22_D10	SWE	19	0.999878342032
SWE ECO#2_TEDEN 01_A04	SWE	6	0.00273012285205
SWE ECO#2_TEDEN 02_B04	SWE	19	0.999878342032
SWE ECO#2_TEDEN 03_C04	SWE	19	0.999877406842
SWE ECO#2_TFA 01_C07	SWE	19	0.999878342032
SWE ECO#2_TFA 04_D07	SWE	19	0.999877406842
SWE ECO#2_TFA 05_E07	SWE	19	0.999878342032
SWE ECO#2_TFA 06_F07	SWE	19	0.999877406842
SWE ECO#2_TFA 07_G07	SWE	19	0.999878342032
SWE ECO#2_TFA 09_A08	SWE	19	0.999877406842
SWE ECO#2_TGR 02_H03	SWE	19	0.999878342032
SWE ECO#2_TNY 02_E04	SWE	19	0.999877406842
SWE ECO#2_TNY 08_A05	SWE	19	0.999908840773
SWE ECO#2_TOM 01_B05	SWE	19	0.999877406842
SWE ECO#2_TOM 02_C05	SWE	19	0.999877406842
SWE ECO#2_TOM 03_D05	SWE	19	0.999885597452
SWE ECO#2_TOM 04_E05	SWE	19	0.999877406842
SWE ECO#2_TOM 06_F05	SWE	19	0.999877406842
SWE ECO#2_TOM 07_G05	SWE	19	0.999877406842
SWE ECO#2_Tomegap 2_F10	SWE	19	0.999878292829
SWE ECO#2_TRA 01_H05	SWE	19	0.999877947733
SWE ECO#5_Dra IV 6-10_D01	SWE	0	7.5992759848e-39
SWE ECO#5_Dra IV 6-11_E01	SWE	6	0.00272936988231
SWE ECO#5_Dra IV 6-16_H01	SWE	19	0.999879273604
SWE ECO#5_Dra IV 6-17_A02	SWE	19	0.999880727354
SWE ECO#5_Dra IV 6-20_C02	SWE	1	7.36428313418e-32
SWE ECO#5_Dra IV 6-21_D02	SWE	19	0.999879251071
SWE ECO#5_Dra IV 6-22_E02	SWE	19	0.999883635221
SWE ECO#5_Dra IV 6-24_F02	SWE	5	3.12213121249e-05
SWE ECO#5_Dra IV 6-25_B02	SWE	6	0.00164937715265
SWE ECO#5_Dra IV 6-28_H02	SWE	2	8.11006419129e-23
SWE ECO#5_Dra IV 6-31_B03	SWE	6	0.00167269569506
SWE ECO#5_Dra IV 6-32_C03	SWE	19	0.999880025465
SWE ECO#5_Dra IV 6-34_D03	SWE	1	2.95848328679e-32
SWE ECO#5_Dra IV 6-35_E03	SWE	19	0.999879251271
SWE ECO#5_Dra IV 6-36_F03	SWE	6	0.00273574127015
SWE ECO#5_Dra IV 6-37_G03	SWE	19	0.999880109329
SWE ECO#5_Dra IV 6-8_B01	SWE	5	1.97209290713e-05
SWE ECO#5_EMPTY_A01	SWE	19	0.999906805764
SWE ECO#5_Udu I 1-10_D09	SWE	19	0.999879251271
SWE ECO#5_Udu I 1-30_A05	SWE	6	0.00285335637154
SWE ECO#5_Udu I 1-34_A11	SWE	19	0.999879239644
SWE ECO#5_Udu I 1-39_D11	SWE	1	1.72356702251e-35
SWE ECO#5_Udu I 1-4_H08	SWE	3	1.70677214072e-11
SWE ECO#5_Udu I 1-41_F11	SWE	1	5.42283939677e-36
SWE ECO#5_Udu I 2-10_H12	SWE	3	3.55925709893e-15
SWE ECO#5_Udu I 2-5_C12	SWE	6	0.00231264210753
SWE ECO#5_Zdr I 1-24_E04	SWE	19	0.999879976294
SWE ECO#5_Zdr I 2-1_H04	SWE	3	8.65622781959e-15
SWE ECO#5_Zdr I 2-10_H05	SWE	19	0.999878338414
SWE ECO#5_Zdr I 2-20_F06	SWE	4	1.35685628626e-08
SWE ECO#5_Zdr I 2-21_G06	SWE	19	0.999878338414
SWE ECO#5_Zdr I 2-22_H06	SWE	6	0.00284919150982
SWE ECO#5_Zdr I 2-23_A07	SWE	6	0.00164937715265
SWE ECO#5_Zdr I 2-24_B07	SWE	19	0.999878338414
SWE ECO#5_Zdr I 2-25_C07	SWE	6	0.00230838588893
SWE ECO#5_Zdr I 2-26_D07	SWE	5	3.16773926289e-05
SWE ECO#5_Zdr I 2-32_A08	SWE	5	2.46257300068e-05
SWE ECO#5_Zdr I 2-35_C08	SWE	4	7.29043993584e-09
SWE ECO#5_Zdr I 2-36_D08	SWE	19	0.999880152502
SWE ECO#5_Zdr I 2-37_E08	SWE	4	5.57123629604e-10
SWE ECO#5_Zdr I 2-39_F08	SWE	19	0.999879251271
SWE ECO#5_Zdr I 2-40_G08	SWE	19	0.999879251271
SWE ECO#6_Ale 1-2_F01	SWE	1	3.46278010685e-30
SWE ECO#6_Bor 1_E01	SWE	19	0.999879251271
SWE ECO#6_Bor 10_D01	SWE	3	8.10483485826e-12
SWE ECO#6_Dra IV 1-5_H05	SWE	19	0.999878338414
SWE ECO#6_Dra IV 1-7_G05	SWE	19	0.999879251271
SWE ECO#6_Dra IV 2-1_F05	SWE	4	1.16463852282e-08
SWE ECO#6_Dra IV 2-12_D05	SWE	19	0.999882470755
SWE ECO#6_Dra IV 2-5_E05	SWE	19	0.999880698164
SWE ECO#6_Dra IV 3-1_C05	SWE	19	0.999879939765
SWE ECO#6_Dra IV 3-14_A05	SWE	19	0.999898873366
SWE ECO#6_Dra IV 3-8_B05	SWE	19	0.999879251271
SWE ECO#6_Dra IV 5-2_H04	SWE	19	0.999880859088
SWE ECO#6_Dra IV 6-15_G04	SWE	19	0.999879251271
SWE ECO#6_Dra IV 6-33_F04	SWE	19	0.999878338414
SWE ECO#6_Lis 3_E04	SWE	19	0.999879280562
SWE ECO#6_T910_G01	SWE	3	9.54304111436e-13
SWE ECO#6_Tal 07_C01	SWE	19	0.999879251271
SWE ECO#6_Tom 05_B04	SWE	19	0.999878338414
SWE ECO#6_Tv-22_C04	SWE	19	0.999879792163
SWE ECO#6_Udu I 1-42_H03	SWE	6	0.00230281947062
SWE ECO#6_Udu I 3-21_G08	SWE	1	2.40305028762e-32
SWE ECO#6_Udu I 3-3_F10	SWE	4	5.49486374125e-07
SWE ECO#6_Udu I 3-31_F07	SWE	3	1.98070424848e-11
SWE ECO#6_Udu I 3-4_E10	SWE	19	0.999880152502
SWE ECO#6_Udu I 4-16_E06	SWE	19	0.999881379191
SWE ECO#6_Udu I 4-18_A03	SWE	19	0.999879251271
SWE ECO#6_Udu I 4-19_H02	SWE	6	0.00288092152351
SWE ECO#6_Udu I 4-23_G02	SWE	19	0.999878338414
SWE ECO#6_Udu I 4-7_H06	SWE	1	2.3357112299e-34
SWE ECO#6_Udu I 4-9_G06	SWE	5	3.07845758679e-05
SWE ECO#6_Zdr 2-3a_B02	SWE	6	0.00231589932616
SWE ECO#7_AEA_1_A09	SWE	4	6.20183222712e-07
SWE ECO#7_AEA_2_B09	SWE	5	3.00039595364e-05
SWE ECO#7_AEA_3_C09	SWE	6	0.00281396855411
SWE ECO#7_AEA_4_D09	SWE	19	0.999887823089
SWE ECO#7_AEA_5_E09	SWE	19	0.999886463498
SWE ECO#7_AEA_6_F09	SWE	19	0.999881062463
SWE ECO#7_AEA_7_G09	SWE	19	0.99988112268
SWE ECO#7_AEA_8_H09	SWE	19	0.99988109796
SWE ECO#7_App 1-12_F01	SWE	6	0.00290024286716
SWE ECO#7_App 1-14_G01	SWE	19	0.999879273604
SWE ECO#7_App 1-16_H01	SWE	19	0.999882721945
SWE ECO#7_Bil 3_H08	SWE	3	7.82842648428e-12
SWE ECO#7_Bor 15_F05	SWE	19	0.999879204152
SWE ECO#7_Bor 16_C01	SWE	19	0.999879251271
SWE ECO#7_Dra IV 5-19_H04	SWE	19	0.999887854197
SWE ECO#7_DraII-17_C03	SWE	19	0.999879251271
SWE ECO#7_DraII-2_G02	SWE	19	0.999878338414
SWE ECO#7_DraII-3_H02	SWE	6	0.00290488510169
SWE ECO#7_DraII-4_A03	SWE	19	0.999881728065
SWE ECO#7_DraII-6_B03	SWE	6	0.00213969789362
SWE ECO#7_DraIV 3-2_B06	SWE	19	0.99988013613
SWE ECO#7_DraIV 5-1_F04	SWE	19	0.999879251271
SWE ECO#7_DraIV 5-12_G04	SWE	19	0.999884374501
SWE ECO#7_DraIV 5-25_A05	SWE	1	1.04407210671e-40
SWE ECO#7_DraIV 6-12_C05	SWE	19	0.999881724288
SWE ECO#7_DraIV 6-26_D06	SWE	19	0.999888766652
SWE ECO#7_Duk_E02	SWE	19	0.999879251071
SWE ECO#7_E-127_B11	SWE	19	0.999881906876
SWE ECO#7_E-215_F11	SWE	19	0.999878338414
SWE ECO#7_Eden 4_A02	SWE	3	1.04558901626e-12
SWE ECO#7_Eden-1_F02	SWE	19	0.999878338414
SWE ECO#7_Eds-1_D02	SWE	19	0.999879273604
SWE ECO#7_Fly 2-1_B08	SWE	19	0.999878338414
SWE ECO#7_Gro 8_A08	SWE	19	0.999881057893
SWE ECO#7_Hovdala2_D03	SWE	6	0.0027558034417
SWE ECO#7_Lov-19_B01	SWE	5	3.32511459556e-05
SWE ECO#7_Stu 1-2_C08	SWE	19	0.999879988189
SWE ECO#7_Udu I 3-18_G07	SWE	19	0.999879251271
SWE ECO#7_Udu I 3-33_H07	SWE	19	0.999878338414
SWE ECO#7_Udu I 4-17_H06	SWE	19	0.999879251271
SWE ECO#7_Udu I 4-29_B07	SWE	19	0.999879251271
SWE ECO#7_Udu I 4-4_E03	SWE	19	0.999880650209
SWE ECO#7_Udu I 4-6_F03	SWE	19	0.999879204152
SWE ECO#7_Ull 2-13_G08	SWE	19	0.999887071706
SWE ECO#7_Zdr 19_A06	SWE	5	2.90886545378e-05
SWE ECO#7_Zdr I 2-11_G05	SWE	19	0.999880186462
SWE ECO#7_Zdr I 2-15_H05	SWE	19	0.999886126147
SWE Plate#3_Ba 5-7_F08	SWE	19	0.999878341646
SWE Plate#3_Boo 2-3_F07	SWE	19	0.99987829115
SWE Plate#3_Bor 11_H10	SWE	6	0.00283884799702
SWE Plate#3_Bor 17_B11	SWE	2	4.80974324599e-25
SWE Plate#3_Bor 3_F10	SWE	19	0.999878351102
SWE Plate#3_Bor 9_G10	SWE	19	0.999877406842
SWE Plate#3_Dra 1-6_H08	SWE	6	0.00287746950795
SWE Plate#3_Dra 2-1_A09	SWE	19	0.999877406842
SWE Plate#3_Dra 3-2_B09	SWE	6	0.00283908079645
SWE Plate#3_Dra 3-9_C09	SWE	19	0.999878342032
SWE Plate#3_Dra 7_B06	SWE	19	0.999879556539
SWE Plate#3_DraII-13_B12	SWE	5	3.2088355517e-05
SWE Plate#3_DraIII-17_A10	SWE	19	0.999878342032
SWE Plate#3_DraIII-8_E12	SWE	19	0.999878308072
SWE Plate#3_Eden 13_B04	SWE	6	0.00276344884848
SWE Plate#3_Eden 14_C04	SWE	6	0.00276926724498
SWE Plate#3_Eden 5_F03	SWE	19	0.999878342032
SWE Plate#3_Eden 6_G03	SWE	6	0.00277156809611
SWE Plate#3_Eden 7_H03	SWE	19	0.999879209966
SWE Plate#3_Eden 9_A04	SWE	19	0.999878342032
SWE Plate#3_Eds 12_E04	SWE	5	2.71405959412e-05
SWE Plate#3_Eds 9_D04	SWE	19	0.999879679124
SWE Plate#3_EMPTY_A01	SWE	19	0.999878342032
SWE Plate#3_Fja 1-2_C08	SWE	4	1.84324119632e-08
SWE Plate#3_Fja 2-4_D08	SWE	19	0.999877406842
SWE Plate#3_Fly 2-2_F06	SWE	19	0.999877406842
SWE Plate#3_Gron 5_C03	SWE	19	0.999878342032
SWE Plate#3_Gron 6_D03	SWE	19	0.999878905379
SWE Plate#3_Hov 1-10_B07	SWE	19	0.999879115814
SWE Plate#3_Hov 1-7_A07	SWE	19	0.999878180624
SWE Plate#3_Hov 3-2_C07	SWE	19	0.999878344082
SWE Plate#3_Hov 3-3_D07	SWE	19	0.999879117864
SWE Plate#3_Hov 3-5_E07	SWE	6	0.00231600771141
SWE Plate#3_Kni-1_D09	SWE	19	0.99987895809
SWE Plate#3_Lom 1-1_G07	SWE	19	0.999881918356
SWE Plate#3_Lov 3_D01	SWE	19	0.999877947733
SWE Plate#3_Lov 5_F01	SWE	19	0.999877406842
SWE Plate#3_Nyl 5_D05	SWE	19	0.999877406842
SWE Plate#3_Nyl 7_F05	SWE	19	0.999877406842
SWE Plate#3_Omn-1_F04	SWE	19	0.999879138233
SWE Plate#3_Omn-5_G04	SWE	19	0.999878342032
SWE Plate#3_Or 3_G09	SWE	19	0.999878351102
SWE Plate#3_Rev-2_G06	SWE	19	0.999878170629
SWE Plate#3_Rev-3_H06	SWE	19	0.999878131864
SWE Plate#3_San 9_D06	SWE	19	0.999879550029
SWE Plate#3_Sr:3_B10	SWE	19	0.999878342032
SWE Plate#3_Stu 2-1_E09	SWE	6	0.00198221489394
SWE Plate#3_Tottarp 2_H09	SWE	6	0.00289968649853
SWE Plate#3_TV-18_G12	SWE	19	0.999878342032
SWE Plate#3_Udu 12_F11	SWE	19	0.999878342032
SWE Plate#3_Udu 9_E11	SWE	19	0.999878882923
SWE Plate#3_Ull 1-10_H07	SWE	6	0.00286590456312
SWE Plate#3_Ull 2-7_A08	SWE	19	0.999877406842
SWE Plate#3_Ull 3-4_B08	SWE	19	0.999878344082
SWE Plate#3_Zdr-13_D10	SWE	19	0.999878342032
SWE Plate#3_Zdr-16_F12	SWE	19	0.999887425467
SWE#4_Dra 3-3_F06	SW	19	0.999877406842
SWE#4_Dra IV 1-1_C02	SW	19	0.999877406842
SWE#4_Dra IV 1-11_H02	SW	4	4.03375539695e-07
SWE#4_Dra IV 1-12_A03	SW	19	0.999878344082
SWE#4_Dra IV 1-13_B03	SW	19	0.999877406842
SWE#4_Dra IV 1-14_C03	SW	19	0.999878095335
SWE#4_Dra IV 1-16_E03	SW	19	0.999877406842
SWE#4_Dra IV 1-6_D02	SW	19	0.999878308072
SWE#4_Dra IV 1-9_F02	SW	19	0.999878338414
SWE#4_Dra IV 2-10_E04	SW	3	8.20830284075e-17
SWE#4_Dra IV 2-13_G04	SW	19	0.99988343856
SWE#4_Dra IV 2-17_B05	SW	2	1.32764054805e-26
SWE#4_Dra IV 2-2_F03	SW	19	0.999877406842
SWE#4_Dra IV 2-3_G03	SW	19	0.999878312842
SWE#4_Dra IV 2-4_H03	SW	2	1.55985605931e-19
SWE#4_Dra IV 2-6_A04	SW	5	3.51786017231e-05
SWE#4_Dra IV 2-7_B04	SW	4	1.2635900013e-08
SWE#4_Dra IV 2-8_C04	SW	19	0.999878095335
SWE#4_Dra IV 2-9_D04	SW	19	0.999908583041
SWE#4_Dra IV 3-10_C07	SW	4	5.22620652862e-07
SWE#4_Dra IV 3-12_E07	SW	1	3.6872600059e-30
SWE#4_Dra IV 3-13_F07	SW	19	0.999877406842
SWE#4_Dra IV 3-15_G07	SW	19	0.999877406842
SWE#4_Dra IV 3-16_H07	SW	4	3.48590646453e-07
SWE#4_Dra IV 3-17_A08	SW	19	0.999877947733
SWE#4_Dra IV 3-6_H06	SW	19	0.999879135092
SWE#4_Dra IV 3-7_A07	SW	19	0.999877406842
SWE#4_Dra IV 3-9_B07	SW	19	0.999880207214
SWE#4_Dra IV 4-1_B08	SW	19	0.999877406842
SWE#4_Dra IV 4-3_D08	SW	19	0.999878884973
SWE#4_Dra IV 4-6_F08	SW	6	0.00268179400383
SWE#4_Dra IV 4-7_G08	SW	19	0.999877947733
SWE#4_Dra IV 4-8_H08	SW	6	0.002939576397
SWE#4_Dra IV 4-9_A09	SW	6	0.00300549359348
SWE#4_Dra IV 5-10_G09	SW	19	0.999879243262
SWE#4_Dra IV 5-15_B10	SW	19	0.999877406842
SWE#4_Dra IV 5-16_C10	SW	6	0.00195405975005
SWE#4_Dra IV 5-17_D10	SW	19	0.999877406842
SWE#4_Dra IV 5-20_F10	SW	19	0.999877406842
SWE#4_Dra IV 5-21_G10	SW	19	0.999878338414
SWE#4_Dra IV 5-22_H10	SW	5	3.47494757149e-05
SWE#4_Dra IV 5-24_B11	SW	4	4.46509441065e-07
SWE#4_Dra IV 5-27_C11	SW	19	0.999878305373
SWE#4_Dra IV 5-28_D11	SW	6	0.00262398319439
SWE#4_Dra IV 5-29_E11	SW	6	0.00248476049753
SWE#4_Dra IV 5-3_B09	SW	19	0.999878095335
SWE#4_Dra IV 5-30_F11	SW	4	3.64643801848e-07
SWE#4_Dra IV 5-31_G11	SW	19	0.999877947733
SWE#4_Dra IV 5-32_H11	SW	19	0.999877406842
SWE#4_Dra IV 5-35_B12	SW	2	8.53636583818e-23
SWE#4_Dra IV 5-4_C09	SW	19	0.999877406842
SWE#4_Dra IV 5-5_D09	SW	19	0.999878848963
SWE#4_Dra IV 5-7_E09	SW	6	0.00286590456312
SWE#4_Dra IV 5-8_F09	SW	19	0.999878308072
SWE#4_Dra IV 6-1_C12	SW	4	1.30225745212e-08
SWE#4_Dra IV 6-3_E12	SW	19	0.999877406842
SWE#4_Dra IV 6-4_F12	SW	1	1.3304321375e-27
SWE#4_Dra IV 6-5_G12	SW	19	0.999877406842
SWE#4_Dra IV 6-6_H12	SW	6	0.00287815367022
SWE#4_DraII-7_G06	SW	5	4.87296136735e-05
SWE#4_DraIV 4-2_C08	SW	5	2.9737110254e-05
SWE#4_Fja 1-5_B06	SW	19	0.999877406842
SWE#4_Fja 2-6_C06	SW	19	0.999877406842
SWE#4_Omo 1-5_D06	SW	6	0.00195405975005
SWE#4_Omo 1-7_E06	SW	19	0.999877406842
SWE#4_T450_C01	SW	19	0.999879199004
SWE#4_T540_E01	SW	6	0.00305176280323
SWE#4_T550_F01	SW	19	0.999878312842
SWE#4_T610_G01	SW	19	0.999877406842
SWE#4_T630_H01	SW	19	0.999878344082
SWE#4_T860_A02	SW	5	3.22538670388e-05
SWE#4_T880_B02	SW	19	0.999877406842
SWE#4_TDr-19_A06	SW	3	7.57428839927e-12
SWE#4_TFA 03_H05	SW	6	0.00288350782231
SWE#4_TNY 04_F05	SW	19	0.999880236233
SWE#4_TV-23_D01	SW	19	0.999878342032
SWE#4_TV-37_B01	SW	19	0.999878342032
UK2006_2_UKKT06231_B02	UK	3	1.00802810486e-17
UK2006_2_UKKT06238_H02	UK	6	0.00223878614376
UK2006_2_UKKT06239_A03	UK	3	1.50589093707e-11
UK2006_2_UKKT06246_G03	UK	1	4.51611447378e-28
UK2006_2_UKKT06252_E04	UK	2	9.97072706081e-19
UK2006_2_UKKT06253_F04	UK	2	1.09698049776e-22
UK2006_2_UKKT06254_G04	UK	2	5.54449476292e-19
UK2006_2_UKKT06272_H05	UK	19	0.999880139343
UK2006_2_UKKT06274_A06	UK	19	0.999881058125
UK2006_2_UKKT06275_B06	UK	2	5.15904253023e-28
UK2006_2_UKKT06277_D06	UK	6	0.00297759377497
UK2006_2_UKKT06279_F06	UK	19	0.999882757613
UK2006_2_UKKT06291_A07	UK	19	0.999882836727
UK2006_2_UKKT06309_C08	UK	19	0.999881684639
UK2006_2_UKKT06311_E08	UK	19	0.999879236945
UK2006_2_UKKT06313_G08	UK	6	0.00278911690409
UK2006_2_UKKT06316_B09	UK	19	0.999883865796
UK2006_2_UKKT06323_E09	UK	5	2.69142288832e-05
UK2006_2_UKKT06325_G09	UK	19	0.999882808401
UK2006_2_UKKT06342_D10	UK	19	0.99988201774
UK2006_2_UKKT06349_F10	UK	19	0.999882907072
UK2006_2_UKKT06351_G10	UK	6	0.00281905602279
UK2006_2_UKKT06362_C11	UK	6	0.00175521936766
UK2006_2_UKKT06363_D11	UK	19	0.999882679153
UK2006_2_UKKT06364_E11	UK	19	0.999883609402
UK2006_2_UKKT06365_F11	UK	6	0.00281604607177
UK2006_2_UKKT06376_H12	UK	19	0.999910367933
UK2006_3_UKKT06404_F02	UK	19	0.999879273604
UK2006_3_UKKT06406_G02	UK	19	0.999879288956
UK2006_3_UKKT06409_B03	UK	19	0.999879185437
UK2006_3_UKKT06413_F03	UK	19	0.999880858737
UK2006_3_UKKT06414_G03	UK	19	0.999878338414
UK2006_3_UKKT06426_A04	UK	19	0.999908495387
UK2006_3_UKKT06428_C04	UK	4	8.23093500722e-07
UK2006_3_UKKT06429_D04	UK	6	0.00274848753639
UK2006_3_UKKT06430_E04	UK	19	0.999879251271
UK2006_3_UKKT06432_G04	UK	19	0.999878338414
UK2006_3_UKKT06433_H04	UK	2	1.19813698259e-23
UK2006_3_UKKT06439_D05	UK	5	2.57325183857e-05
UK2006_3_UKKT06440_E05	UK	3	6.32207150027e-13
UK2006_3_UKKT06447_G05	UK	6	0.00233335053074
UK2006_3_UKKT06449_A06	UK	19	0.999879251271
UK2006_3_UKKT06452_D06	UK	3	3.64836443292e-15
UK2006_3_UKKT06462_A07	UK	4	1.3318976189e-06
UK2006_3_UKKT06465_D07	UK	3	1.11923457607e-12
UK2006_3_UKKT06466_E07	UK	19	0.999909217479
UK2006_3_UKKT06468_G07	UK	1	1.01211643937e-38
UK2006_3_UKKT06470_A08	UK	19	0.99988001506
UK2006_3_UKKT06472_C08	UK	2	2.41246118445e-20
UK2006_3_UKKT06476_F08	UK	19	0.999878338414
UK2006_3_UKKT06482_B09	UK	19	0.999879060484
UK2006_3_UKKT06484_D09	UK	19	0.999879251271
UK2006_3_UKKT06499_G09	UK	19	0.999880939937
UK2006_3_UKKT06500_H09	UK	19	0.999879973342
UK2006_3_UKKT06501_A10	UK	19	0.999909217479
UK2006_3_UKKT06503_C10	UK	19	0.999879288956
UK2006_3_UKKT06513_H10	UK	19	0.999878338414
UK2006_3_UKKT06515_B11	UK	19	0.999879112196
UK2006_3_UKKT06521_F11	UK	19	0.999881137006
UK2006_3_UKKT06522_E11	UK	19	0.999885478857
UK2006_3_UKKT06528_B12	UK	19	0.999879282674
UK2006_3_UKKT06529_C12	UK	19	0.999878338414
UK2006_3_UKKT06531_E12	UK	19	0.999879251271
UK2006_3_UKKT06532_F12	UK	6	0.00276919846185
UK2006_3_UKKT06533_G12	UK	19	0.999879251271
UK2006_4_UKKT06542_C01	UK	19	0.999881799123
UK2006_4_UKKT06544_E01	UK	19	0.999880172136
UK2006_4_UKKT06555_B02	UK	19	0.999881672095
UK2006_4_UKKT06556_C02	UK	6	0.00287794199902
UK2006_4_UKKT06575_A04	UK	4	6.49241403672e-07
UK2006_4_UKKT06579_B04	UK	19	0.999880149804
UK2006_4_UKKT06580_C04	UK	6	0.00290385162922
UK2006_4_UKKT06581_D04	UK	19	0.999881983397
UK2006_4_UKKT06597_G05	UK	2	2.2743598188e-23
UK2006_4_UKKT06621_H06	UK	19	0.999879060484
UK2006_4_UKKT06622_A07	UK	19	0.999879280562
UK2006_4_UKKT06623_B07	UK	19	0.999879275654
UK2006_4_UKKT06626_E07	UK	19	0.999879251271
UK2006_4_UKKT06627_F07	UK	19	0.999881073477
UK2006_4_UKKT06628_G07	UK	19	0.999879273604
UK2006_4_UKKT06630_H07	UK	19	0.999879273604
UK2006_4_UKKT06638_A08	UK	6	0.00231589932616
UK2006_4_UKKT06639_B08	UK	3	5.0704914889e-18
UK2006_4_UKKT06640_C08	UK	19	0.999880000734
UK2006_4_UKLD06019_G09	UK	6	0.00374367222997
UK2006_4_UKLD06025_A10	UK	6	0.00286091633583
UK2006_4_UKLD06028_B10	UK	19	0.999880149804
UK2006_4_UKLD06029_C10	UK	19	0.999879236945
UK2006_4_UKLD06033_D10	UK	19	0.999882757613
UK2006_4_UKLD06040_G10	UK	19	0.999883663173
UK2006_4_UKLD06054_D11	UK	19	0.999882986762
UK2006_4_UKLD06059_F11	UK	19	0.999880187488
UK2006_4_UKLD06060_G11	UK	19	0.999881131751
UK2006_4_UKLD06067_H11	UK	19	0.999882969164
UK2006_4_UKLD06078_B12	UK	19	0.999878338414
UK2006_4_UKLD06085_G12	UK	19	0.999881146076
UK2006_4_UKLD06086_H12	UK	19	0.999880130577
UK2006_Plate#10_UKCW06240_B01	UK	0	1.33934011735e-27
UK2006_Plate#10_UKCW06262_F03	UK	3	1.75919461107e-13
UK2006_Plate#10_UKCW06263_G03	UK	6	0.00363406028074
UK2006_Plate#10_UKCW06272_H04	UK	5	3.97355492168e-05
UK2006_Plate#10_UKCW06280_E05	UK	2	1.91997135414e-14
UK2006_Plate#10_UKCW06281_F05	UK	2	3.48482538086e-15
UK2006_Plate#10_UKCW06282_G05	UK	19	0.999912150817
UK2006_Plate#10_UKCW06285_B06	UK	19	0.999909616751
UK2006_Plate#10_UKCW06289_E06	UK	19	0.999908038774
UK2006_Plate#10_UKCW06295_C07	UK	19	0.999901838521
UK2006_Plate#10_UKCW06311_C08	UK	19	0.999912418905
UK2006_Plate#10_UKCW06316_H08	UK	19	0.999904346152
UK2006_Plate#10_UKCW06327_C10	UK	19	0.999906221523
UK2006_Plate#10_UKCW06329_E10	UK	19	0.999901859786
UK2006_Plate#10_UKCW06334_B11	UK	19	0.999908124378
UK2006_Plate#6_UKLD06291_G01	UK	6	0.00275613589974
UK2006_Plate#6_UKLD06307_F02	UK	19	0.999880172136
UK2006_Plate#6_UKLD06343_A04	UK	19	0.99988112268
UK2006_Plate#6_UKLD06402_G08	UK	5	2.70845119849e-05
UK2006_Plate#6_UKLD06411_F09	UK	6	0.00292204177899
UK2006_Plate#6_UKLD06413_H09	UK	19	0.999881038181
UK2006_Plate#6_UKLD06414_A10	UK	19	0.999880187488
UK2006_Plate#6_UKLD06417_D10	UK	19	0.99988090956
UK2006_Plate#6_UKLD06420_G10	UK	19	0.999880187488
UK2006_Plate#6_UKLD06425_C11	UK	19	0.999882066943
UK2006_Plate#6_UKLD06427_E11	UK	19	0.999882910352
UK2006_Plate#6_UKLD06430_H11	UK	19	0.999880172136
UK2006_Plate#6_UKLD06431_A12	UK	19	0.999882066943
UK2006_Plate#6_UKLD06436_E12	UK	6	0.00292664368864
UK2006_Plate#6_UKLD06439_G12	UK	19	0.999882044611
UK2006_Plate#7_UKLD06455_E02	UK	6	0.00268365534212
UK2006_Plate#7_UKLD06459_A03	UK	19	0.999885334359
UK2006_Plate#7_UKLD06460_B03	UK	19	0.999881844753
UK2006_Plate#7_UKLD06461_C03	UK	19	0.999882044611
UK2006_Plate#7_UKLD06469_G03	UK	6	0.0028282175934
UK2006_Plate#7_UKLD06475_D04	UK	19	0.999881100348
UK2006_Plate#7_UKLD06477_F04	UK	19	0.999880187488
UK2006_Plate#7_UKLD06485_F05	UK	19	0.999880913593
UK2006_Plate#7_UKLD06491_D06	UK	6	0.00236896200238
UK2006_Plate#7_UKLD06493_E06	UK	19	0.999881957322
UK2006_Plate#7_UKLD99006_F07	UK	5	2.66144712831e-05
UK2006_Plate#7_UKLD99012_C08	UK	19	0.999880172136
UK2006_Plate#7_UKLD99018_F08	UK	19	0.99988112268
UK2006_Plate#7_UKLD99027_D09	UK	19	0.999880187488
UK2006_Plate#7_UKLD99040_G09	UK	19	0.99988363202
UK2006_Plate#7_UKLD99053_E10	UK	19	0.999881866892
UK2006_Plate#7_UKLD99056_H10	UK	19	0.999882617613
UK2006_Plate#7_UKLD99070_B11	UK	19	0.999881853823
UK2006_Plate#7_UKLD99071_C11	UK	19	0.999883643362
UK2006_Plate#7_UKLD99075_D11	UK	6	0.00240178513659
UK2006_Plate#7_UKLD99116_F12	UK	6	0.00278973555099
UK2006_Plate#8_UKCW06004_B01	UK	19	0.999901838521
UK2006_Plate#8_UKCW06005_C01	UK	6	0.00350702296997
UK2006_Plate#8_UKCW06041_C04	UK	19	0.999903246809
UK2006_Plate#8_UKCW06047_A05	UK	19	0.99992322096
UK2006_Plate#8_UKCW06049_C05	UK	19	0.999905896667
UK2006_Plate#8_UKCW06057_H05	UK	19	0.999904234476
UK2006_Plate#8_UKCW06072_G07	UK	19	0.999904375443
UK2006_Plate#8_UKCW06078_E08	UK	19	0.999903544498
UK2006_Plate#8_UKCW06081_H08	UK	19	0.999901838521
UK2006_Plate#8_UKCW06085_D09	UK	19	0.999909677632
UK2006_Plate#8_UKCW06098_A11	UK	19	0.999904375443
UK2006_Plate#8_UKCW06101_C11	UK	6	0.00289200208962
UK2006_Plate#8_UKCW06103_E11	UK	19	0.999905355761
UK2006_Plate#8_UKCW06106_H11	UK	19	0.9999036667
UK2006_Plate#8_UKCW06107_A12	UK	5	0.00394931044344
UK2006_Plate#8_UKCW06113_E12	UK	19	0.999904375443
UK2006_Plate#8_UKCW06118_G12	UK	19	0.999904579581
UK2006_Plate#8_UKCW06119_H12	UK	4	3.26429223258e-08
