CS22589_G02	CS	19	0.999879572892
CS6150_H02	CS	19	0.999877696014
CS6717_F01	CS	19	0.99988485
CS6718_F02	CS	19	0.99988366926
CS6879_G05	CS	19	0.999878631622
CS6893_H03	CS	5	2.70027424076e-05
CS6903_G03	CS	6	0.0025961692571
DM1.47_B02	DM	19	0.999878598227
FR135_E01	FR	19	0.999880482252
FR150_F01	FR	3	9.66370376391e-12
KN1.12_E03	KN	3	4.93096088758e-13
KN1.37_F04	KN	3	1.10902950435e-12
KN1.58_F03	KN	19	0.999882183479
KN2.65_H03	KN	19	0.999878631622
MAP-26_A08	MAP	19	0.999881273041
MDN-1_H04	MDN	19	0.999891758458
MDN-29_C07	MDN	3	5.71045337488e-14
MDN-31_D07	MDN	19	0.999877696014
ME3.31_A04	ME	4	4.82615359739e-10
ME3.51_G04	ME	19	0.999878498514
ME4.10_B04	ME	19	0.999879576649
MNF-PIN-2_C01	MNF-PIN	19	0.999878453166
MNF-PIN-23_A03	MNF-PIN	6	0.00357255099948
MNF-PIN-31_F03	MNF-PIN	5	3.45850211213e-05
MNF-PIN-38_B04	MNF-PIN	2	1.35869930343e-19
MNF-PIN-39_C04	MNF-PIN	5	2.41567270687e-05
MNF-PIN-41_E04	MNF-PIN	2	2.16546321485e-18
MNF-PIN-43_F04	MNF-PIN	4	3.26892994428e-07
MNF-PIN-44_G04	MNF-PIN	19	0.999881227155
MNF-POT-15_G07	MNF-POT	2	1.49944309186e-20
MNF-POT-21_H07	MNF-POT	6	0.00236468613175
MNF-POT-37_B08	MNF-POT	19	0.99988047
MNF-POT-46_D08	MNF-POT	6	0.00228357397383
MNF-POT-47_E08	MNF-POT	3	5.05019885504e-14
MNF-POT-48_F08	MNF-POT	3	2.48575773535e-16
MNF-POT-54_G08	MNF-POT	19	0.999878540401
MNF-POT-56_A09	MNF-POT	19	0.99990598076
MNF-POT-61_D09	MNF-POT	19	0.999881777678
MNF-POT-68_F09	MNF-POT	3	3.70823208224e-13
MNF-POT-69_G09	MNF-POT	19	0.99989125757
MNF-POT-73_A10	MNF-POT	19	0.999878540401
MNF-POT-75_B10	MNF-POT	4	8.8122226354e-09
MNF-POT-76_C10	MNF-POT	19	0.999878643409
MNF-POT-79_D10	MNF-POT	6	0.00285050805437
MNF-POT-8_E07	MNF-POT	19	0.99987947601
MNF-POT-80_E10	MNF-POT	3	1.32791245686e-17
MNF-POT-81_F10	MNF-POT	19	0.999878631622
MNF-POT-82_G10	MNF-POT	19	0.999878643409
MUSKSP-33_F11	MUSKSP	19	0.999881356981
MUSKSP-57_C12	MUSKSP	19	0.999911485332
PAW-1_G08	PAW	19	0.999877696014
PAW-12_A10	PAW	19	0.999878540401
PAW-14_C10	PAW	2	5.69371567166e-26
PAW-21_B11	PAW	6	0.00256819491759
PAW-26_F11	PAW	5	3.36605057567e-05
PAW-3_A09	PAW	19	0.999883583075
PAW-32_C12	PAW	19	0.999877696014
PAW-40_G12	PAW	4	4.20809490163e-07
PAW-42_H12	PAW	4	1.46126807069e-08
PAW-43_A01	PAW	6	0.00266459274511
PAW-48_D01	PAW	3	1.7996993732e-16
PAW-5_C09	PAW	19	0.999878453166
PAW-9_F09	PAW	4	1.15535557597e-08
PENT-16_B03	PENT	2	6.51961761523e-19
PENT-22_D03	PENT	6	0.00293258705597
PENT-30_G03	PENT	3	4.91565529471e-14
PENT-32_H03	PENT	19	0.999877696014
PENT-38_C04	PENT	19	0.999878631622
PENT-39_D04	PENT	19	0.99988042957
PENT-49_A05	PENT	4	1.31319082535e-08
PENT-61_B06	PENT	3	2.76666401838e-15
PENT-63_C06	PENT	19	0.99987949396
PENT-66_E06	PENT	19	0.999885718437
Pla-1_H06	Pla	19	0.999877696014
PNA3.30_H04	PNA	19	0.999878453166
PNA3.50_C02	PNA	19	0.999878609737
PNA4.40_C04	PNA	4	5.3272176514e-07
PT1.12_D04	PT	19	0.999878631622
PT1.29_A05	PT	2	3.9183713325e-20
RIV-20_G07	RIV	19	0.999878540401
RMX3.11_H02	RMX	19	0.999878540401
RMX3.54_A03	RMX	6	0.00258840143214
RMX4.118_E04	RMX	19	0.999877696014
RMX5.13_C05	RMX	4	1.22967534697e-08
SLSP-30_F12	SLSP	5	4.92387147555e-05
SLSP-31_G12	SLSP	4	1.25807521176e-08
UK6_B01	UK	19	0.99988407028
UK74_C01	UK	19	0.999883175495
CS1070_E01	CS	19	0.999878631622
CS1080_F08	CS	19	0.999882082846
CS1316_C12	CS	19	0.999878556644
CS1362_E12	CS	19	0.999877696014
CS1540_F04	CS	19	0.999877696014
CS1656_H02	CS	19	0.999880605934
CS22170_A08	CS	19	0.999877696014
CS22178_A12	CS	19	0.999877696014
CS22213_B05	CS	19	0.999877696014
CS22221_E03	CS	5	3.03572793301e-05
CS22223_E04	CS	19	0.999878637462
CS22224_E05	CS	19	0.999879401116
CS22226_E08	CS	19	0.999879509604
CS22230_E10	CS	1	9.01135594282e-32
CS22234_F01	CS	4	5.38219010523e-07
CS22236_F03	CS	19	0.999878518229
CS22237_F05	CS	19	0.999877696014
CS22238_F06	CS	19	0.999878518229
CS22239_F07	CS	19	0.999879465624
CS22253_E12	CS	6	0.00306188788297
CS22255_F02	CS	4	4.84290926928e-10
CS22257_F03	CS	19	0.999880360616
CS22272_F05	CS	19	0.999880214081
CS22275_H07	CS	19	0.999880181362
CS22329_B07	CS	19	0.999878518229
CS22345_G10	CS	5	4.70777455151e-05
CS22346_A06	CS	19	0.999878518229
CS22349_A08	CS	19	0.999880216832
CS22365_D08	CS	19	0.999877696014
CS22404_B09	CS	19	0.999877696014
CS22408_B12	CS	19	0.999878518229
CS22411_C02	CS	19	0.999878556644
CS22413_C03	CS	3	3.4662274155e-15
CS22421_F12	CS	19	0.999878518229
CS22425_A11	CS	19	0.999879453838
CS22431_G07	CS	19	0.999879366079
CS22435_C06	CS	2	4.26969063737e-25
CS22438_C11	CS	6	0.00269337210274
CS22440_D01	CS	2	1.50299011454e-19
CS22444_D06	CS	19	0.999878591033
CS22446_C02	CS	19	0.999878518229
CS22448_C03	CS	19	0.999880153553
CS22450_C05	CS	5	3.1597645371e-05
CS22451_C06	CS	19	0.999878518229
CS22452_C07	CS	19	0.999878518229
CS22454_C08	CS	19	0.999879524973
CS22455_C09	CS	6	0.00270845026623
CS22465_E11	CS	19	0.999879453838
CS22480_E02	CS	19	0.999878589364
CS22481_F11	CS	19	0.999877696014
CS22484_F12	CS	19	0.999878626717
CS22488_E04	CS	19	0.999877696014
CS22489_G01	CS	19	0.999877696014
CS22490_G02	CS	19	0.999885956667
CS22493_E07	CS	19	0.999877696014
CS22520_C09	CS	19	0.999882300712
CS22524_C11	CS	19	0.999878518229
CS22525_F09	CS	19	0.999879464404
CS22526_G06	CS	19	0.999881110943
CS22529_C11	CS	19	0.999878631622
CS22530_C12	CS	19	0.999881146709
CS22531_G09	CS	6	0.00237564642826
CS22536_C10	CS	19	0.999877696014
CS22537_F07	CS	19	0.999878589364
CS22538_C12	CS	19	0.999880329194
CS22539_D01	CS	19	0.999878472018
CS22541_D02	CS	19	0.999880345119
CS22542_D03	CS	19	0.999879453838
CS22543_D04	CS	19	0.999879403432
CS22547_C10	CS	19	0.999877696014
CS22549_F08	CS	19	0.999878518229
CS22557_B08	CS	19	0.999879420124
CS22564_E12	CS	19	0.999877696014
CS22573_A08	CS	19	0.999878591033
CS22576_D12	CS	6	0.00237849327557
CS22577_D11	CS	19	0.999879411579
CS22581_G02	CS	19	0.999878518229
CS22582_F02	CS	19	0.999879532482
CS22583_F03	CS	19	0.99987941684
CS22584_B06	CS	6	0.00228357397383
CS22585_B07	CS	19	0.999881419316
CS22586_F12	CS	19	0.999878518229
CS22587_H06	CS	19	0.999878518229
CS22594_E02	CS	6	0.00231761603868
CS22595_E03	CS	19	0.999878518229
CS22600_H10	CS	19	0.999880155575
CS22601_H08	CS	19	0.999884453358
CS22605_F06	CS	19	0.999881282819
CS22610_F01	CS	6	0.00292589231672
CS22621_E06	CS	19	0.999877696014
CS22628_D07	CS	19	0.999878556644
CS22635_F06	CS	6	0.00235884098336
CS22636_F10	CS	6	0.00235088646605
CS22650_D09	CS	19	0.999878518229
CS22652_G04	CS	19	0.999879454461
CS22653_F11	CS	19	0.999879484384
CS22659_H01	CS	19	0.999879424311
CS22671_G01	CS	19	0.999878518229
CS22672_G02	CS	19	0.999881054682
CS22673_G03	CS	19	0.999878644233
CS22674_G04	CS	19	0.999883198862
CS3180_F09	CS	19	0.999880139333
CS3887_B05	CS	19	0.999878518229
CS3964_B09	CS	19	0.999878518229
CS6053_B09	CS	19	0.999879381656
CS6081_B11	CS	19	0.999881311209
CS6083_G11	CS	19	0.999878589364
CS6085_B12	CS	6	0.00236127913032
CS6086_G10	CS	19	0.999879452791
CS6088_C01	CS	19	0.999878631622
CS6100_A01	CS	3	5.51423523545e-14
CS6102_A02	CS	19	0.999878518229
CS6103_A03	CS	6	0.00275034413548
CS6105_A04	CS	2	5.73627938983e-20
CS6181_H11	CS	19	0.999879556345
CS6185_E08	CS	19	0.999878559441
CS6186_E09	CS	19	0.999878518229
CS6601_H01	CS	19	0.999879282104
CS6616_D03	CS	19	0.999878518229
CS6621_D05	CS	19	0.999881047739
CS6645_D06	CS	19	0.999880117239
CS6652_D08	CS	19	0.999880401234
CS6660_A10	CS	6	0.0019465098828
CS6662_D10	CS	19	0.999880466084
CS6671_G12	CS	19	0.999884483313
CS6691_F09	CS	19	0.999877696014
CS6696_F08	CS	4	5.84229712253e-07
CS6699_F07	CS	19	0.999881872797
CS6754_A06	CS	19	0.999879510645
CS6757_A09	CS	19	0.999877696014
CS6759_A10	CS	19	0.999878518229
CS6762_B01	CS	19	0.999877696014
CS6764_B02	CS	19	0.999880319054
CS6765_B10	CS	19	0.999877696014
CS6766_B03	CS	19	0.999880323888
CS6767_B11	CS	19	0.999878518229
CS6768_B12	CS	6	0.00260937329156
CS6769_C02	CS	4	5.43546819999e-07
CS6770_C03	CS	2	2.48242488799e-21
CS6772_C11	CS	19	0.999878518229
CS6778_D02	CS	6	0.00261549965517
CS6779_D03	CS	19	0.999879455255
CS6780_D06	CS	19	0.9998821292
CS6782_D08	CS	19	0.999879381656
CS6783_D09	CS	19	0.999879488712
CS6784_D10	CS	19	0.999880987707
CS6786_D12	CS	19	0.999881245175
CS6787_E01	CS	4	6.11189439816e-07
CS6788_E04	CS	19	0.999878453166
CS6789_E10	CS	4	6.08812578064e-07
CS6792_F02	CS	19	0.999879415253
CS6793_F03	CS	19	0.99987947601
CS6794_F04	CS	19	0.999878631622
CS6795_D05	CS	19	0.999877696014
CS6799_F07	CS	19	0.999895063903
CS6801_G03	CS	19	0.999879463256
CS6843_G09	CS	19	0.999878518229
CS6859_G06	CS	19	0.999877696014
CS6864_H07	CS	19	0.999894295203
CS6872_F12	CS	19	0.999877696014
CS6884_H05	CS	19	0.999879263154
CS6892_G10	CS	19	0.999877696014
CS6902_E03	CS	6	0.00264113937361
CS6905_G08	CS	6	0.00222863402761
CS6921_G11	CS	19	0.999878556644
CS925_D07	CS	19	0.999878518229
CS927_G08	CS	19	0.999891931384
CS928_G07	CS	19	0.999890090148
CS932_G08	CS	19	0.999878472728
GR6/271MN3_E11	GR	6	0.00241098418448
GR6/271MN7_G10	GR	6	0.00241098418448
ME6/271B1_B09	ME	19	0.999878540401
ME6/273MI1_G07	ME	6	0.00241098418448
ME6/274MI1_H09	ME	6	0.00244384773104
ME6/274Y1_A08	ME	2	6.24501250408e-22
PNA6/271Y1_F09	PNA	5	2.3964699171e-05
PNA6/272B3_F07	PNA	6	0.00244554219515
RMX6/27X2_H08	RMX	6	0.00242777971756
UK 102 Hart1_A06	UK	6	0.00243030537556
UK 103 Cht1_H01	UK	6	0.00271270082971
UK 117 ChK1_G08	UK	6	0.00242863923112
UK 118 Ken1_F03	UK	6	0.00248623587158
UK 119 Mal1_G03	UK	6	0.00246600245701
UK 121 Led1_B10	UK	6	0.00241333076672
UK 126 War1_G07	UK	5	2.21799020075e-05
UK 133 Ard 1_A03	UK	6	0.00242997970253
UK 14 Cam1_F12	UK	6	0.00246360423873
UK 15 Chi1_F10	UK	6	0.00251890019125
UK 17 Chs1_H02	UK	4	5.15661301906e-07
UK 18 Ci1_F09	UK	6	0.00248629595773
UK 20 Cnt2_G12	UK	6	0.00243199892689
UK 21 Cnt3_H05	UK	6	0.00250095951676
UK 22 Coe1_G09	UK	6	0.00239483154393
UK 26 Cul-1_A05	UK	6	0.00250461631598
UK 28 Dun1_G05	UK	6	0.00242997970253
UK 30 Edi2_H08	UK	6	0.00257730572991
UK 31  Ema1_A02	UK	6	0.00245725100273
UK 33 Fab1_B06	UK	19	0.9998786235
UK 34 Far1_A12	UK	6	0.00242929507627
UK 35 Fav1_F05	UK	6	0.00250480530021
UK 36 For1_D02	UK	6	0.002599073458
UK 37 Frd 1_D12	UK	6	0.00246440692379
UK 4 Asp1_E08	UK	5	2.73099502938e-05
UK 40 Hil1_C11	UK	5	2.324289203e-05
UK 41 Igt1_D10	UK	4	1.94971302116e-08
UK 46 Kyl1_F11	UK	2	1.65210516116e-20
UK 48 Laz1_E05	UK	19	0.999882163324
UK 51 Lwe1_H10	UK	6	0.00244644902802
UK 53 Mit 1_C01	UK	4	4.9439544832e-07
UK 54 Nor1_A11	UK	5	3.00113826946e-05
UK 55 Not1_D08	UK	6	0.00242944527234
UK 57 Pdw1_E06	UK	6	0.00246678429553
UK 58 Pee1_B01	UK	6	0.00254219863344
UK 62 Poo1_G06	UK	6	0.00242777971756
UK 64 Roc1_A07	UK	6	0.00241248905984
UK 65 Rot1_B07	UK	19	0.99988026034
UK 66 Sco1_C02	UK	6	0.00241316894981
UK 67 Set1_F08	UK	5	2.85161146226e-05
UK 68 Ser 1_A09	UK	6	0.00241151455359
UK 69 Sis1_D07	UK	3	5.54073974692e-14
UK 80 Unt1_F04	UK	6	0.00248409072562
UK 82 Wig1_D01	UK	6	0.00257798027417
UK 83 Wim1_E09	UK	6	0.00242997970253
UK 84 Wis 1_H03	UK	5	2.60224854267e-05
UK 87 Bog2_G04	UK	6	0.00246412693763
UK 88 Lee1_A04	UK	5	2.45321044539e-05
UK 9 Big1_F07	UK	6	0.00242823211164
UK 91 Roy 1_E02	UK	6	0.00241316894981
UK 99 Sou1_A02	UK	6	0.00244915297311
UK125 Bat 1_E01	UK	19	0.999884716455
UKKT06069_A05	UKKT	5	2.62383691677e-05
UKKT06075_F05	UKKT	2	2.31325942568e-19
UKKT06076_G05	UKKT	6	0.00253703824779
UKKT06113_H06	UKKT	4	2.39903414702e-08
UKKT06118_C07	UKKT	5	2.30096785183e-05
UKKT06142_H07	UKKT	2	8.0302987712e-24
UKKT06192_H10	UKKT	6	0.00249987887169
UKKT06205_G11	UKKT	6	0.00239483154393
UKKT06214_C12	UKKT	4	3.30678711943e-10
UKKT06216_E12	UKKT	2	6.17094789787e-22
UKKT06217_F12	UKKT	5	2.81348245536e-05
1-2a_A03	1-2	19	0.999880123853
2-1a_A05	2-1	6	0.00236098031908
2-2a_A06	2-2	19	0.999888921783
2-3a_A07	2-3	19	0.999898290913
4-1a_A11	4-1	6	0.00237497179781
5-1a_A12	5-1	19	0.999880292165
5-3a_B02	5-3	19	0.999882049064
6-7a_B04	6-7	6	0.00237497179781
7-1a_B05	7-1	19	0.999882907022
8-1a_B06	8-1	19	0.999881136196
Br-0_C06	Br	19	0.999881223859
Cha-1_G02	Cha	19	0.999880242158
Cha-2_G03	Cha	3	1.45422059267e-16
EC48_24_H09	EC	19	0.999880275563
Esc-0_H08	Esc	19	0.999887294436
Fe-1_C02	Fe	19	0.999879556507
Kend-L_H07	Kend-L	2	7.69546709606e-15
Kly-1_E07	Kly	19	0.999879347137
Kly-3_E08	Kly	6	0.00283777575953
Koz-3_F03	Koz	19	0.999879523101
Leb-1_F04	Leb	6	0.0026570327305
Leb-3_F05	Leb	19	0.999880242158
Nc-1_C01	Nc	19	0.999878628081
NIL_H04	NIL	19	0.999881136196
Nov_1_F06	Nov	19	0.999899278273
Nov_3_F07	Nov	19	0.999882941961
Noz_F08	Noz	6	0.00263705132553
Pan_G04	Pan	19	0.999881105587
Pf-0_E06	Pf	19	0.99988208748
Rak-1_F09	Rak	19	0.999882025898
Rak-3_F10	Rak	2	1.25474392409e-17
SER_G01	SER	6	0.00267545769811
SF1_G10	SF	6	0.00244386641574
Sij-1_G07	Sij	19	0.999880242158
Wc-1_E01	Wc	19	0.999878628081
DM1.10	DM	19	0.999913331141
DM1.75	DM	19	0.999887279861
DM2.54	DM	19	0.999913857165
DM2.84	DM	6	0.00325588737317
Fab-3	Fab	4	2.34307091625e-10
FN-4B	FN	1	2.51692853134e-35
FN-4D	FN	1	2.81444175227e-30
Fn-5	Fn	1	3.4121902265e-31
GS-2A	GS	0	2.54655778758e-41
KN1.08	KN	19	0.999892271672
KN1.10	KN	19	0.999896407765
KN1.13	KN	19	0.999918234215
KN1.25	KN	19	0.999882163188
KN1.35	KN	4	8.47091796392e-07
KN1.36	KN	19	0.999882812784
KN1.38	KN	19	0.999904015514
KN1.53	KN	19	0.999900826089
KN1.55	KN	19	0.999907920463
KN1.57	KN	19	0.99989925091
KN2.19	KN	6	0.00216281747224
KN2.20	KN	19	0.999921259638
KN2.26	KN	19	0.999880123853
KN2.35	KN	4	8.79714152823e-07
KN2.37	KN	19	0.99991339461
KN2.43	KN	19	0.999885324129
KN2.44	KN	19	0.999888045152
KN2.45	KN	19	0.999880039576
KN2.51	KN	6	0.00246013352959
KN2.56	KN	19	0.999893225385
KN2.58	KN	4	4.43028437616e-08
KN2.66	KN	19	0.999922674272
KN2.70	KN	19	0.999915063535
KN2.77	KN	4	6.19373177719e-07
KN-2A	KN	2	9.38364058544e-27
LN-3B	LN	1	2.0890546881e-33
LN-3C	LN	1	3.14028254467e-31
Lov-2	Lov	19	0.999880418997
ME3.07	ME	19	0.999888806202
ME3.09	ME	19	0.999883636276
ME3.10	ME	19	0.99988192885
ME3.13	ME	6	0.00337353632801
ME3.14	ME	19	0.999913343884
ME3.17	ME	19	0.99988818435
ME3.18	ME	19	0.999888979379
ME3.20	ME	4	1.84091477988e-08
ME3.21	ME	19	0.999888030227
ME3.23	ME	19	0.999905538223
ME3.24	ME	3	4.09094504324e-11
ME3.26	ME	19	0.999923004372
ME3.27	ME	19	0.999900469982
ME3.28	ME	5	2.45201335016e-05
ME3.32	ME	19	0.999885559912
ME3.33	ME	19	0.999898058385
ME3.36	ME	6	0.00262870691014
ME3.39	ME	19	0.999887186937
ME3.41	ME	19	0.999888100433
ME4.01	ME	19	0.999880264764
ME4.03	ME	19	0.999881731508
ME4.13	ME	5	0.00419556941672
ME4.20	ME	6	0.00246013352959
ME4.23	ME	5	4.40478785266e-05
ME4.29	ME	19	0.999896582567
ME4.30	ME	19	0.99989212084
ME4.33	ME	19	0.999913134907
ME4.44	ME	5	0.00402691536618
ME4.46	ME	19	0.999908884256
ME4.49	ME	4	1.37488228148e-06
MN-3F	MN	2	1.33195050861e-24
ON-5	ON	1	3.10358863262e-28
PNA3.04	PNA	6	0.00246294068149
PNA3.05	PNA	4	8.63941922583e-07
PNA3.17	PNA	19	0.999894767451
PNA3.20	PNA	19	0.999887300856
PNA3.25	PNA	5	3.38245246174e-05
PNA3.31	PNA	19	0.999888908588
PNA3.36	PNA	4	5.70248239887e-07
PNA3.45	PNA	3	1.62556647473e-12
PNA4.09	PNA	2	6.33939478337e-18
PNA4.11	PNA	6	0.00294493664717
PNA4.16	PNA	6	0.00298524803671
PNA4.23	PNA	4	1.46143167522e-06
PNA4.27	PNA	19	0.999912399608
PNA4.30	PNA	19	0.999917801361
PNA4.31	PNA	2	1.70622040364e-16
PNA4.32	PNA	2	1.14361107105e-20
PNA4.33	PNA	19	0.999881028137
PNA4.42	PNA	4	3.85879474485e-08
PNA4.43	PNA	19	0.999882366672
PNA4.48	PNA	4	5.77863029703e-07
PT1.01	PT	19	0.999880968003
PT1.09	PT	19	0.999881912249
PT1.24	PT	19	0.999894184802
PT1.28	PT	19	0.999879347137
PT1.50	PT	6	0.00244232716523
PT2.12	PT	19	0.999884762213
PT2.17	PT	1	3.53246397459e-28
PT2.18	PT	19	0.999878628081
PT2.22	PT	2	1.58228734329e-15
PT2.43	PT	1	6.48660831593e-27
PT2.53	PT	6	0.00256890685857
RMX3.02	RMX	19	0.999884703068
RMX3.04	RMX	19	0.999893936519
RMX3.09	RMX	19	0.999888048693
RMX3.12	RMX	5	3.81440485201e-05
RMX3.16	RMX	3	3.01763339769e-11
RMX3.17	RMX	19	0.999900610887
RMX3.21	RMX	19	0.999921125792
RMX3.22	RMX	19	0.999888776486
RMX3.25	RMX	19	0.999901476337
RMX3.29	RMX	6	0.00343900517448
RMX3.30	RMX	19	0.99989492039
RMX3.34	RMX	19	0.999888762068
RMX3.36	RMX	19	0.999888045152
RMX3.39	RMX	2	1.78265735126e-17
RMX3.44	RMX	6	0.00283698714066
RMX3.47	RMX	1	2.52688987923e-29
RMX3.48	RMX	2	3.59875894195e-17
RMX3.49	RMX	6	0.00245669314497
RMX4.05	RMX	19	0.999891384611
RMX4.12	RMX	19	0.999895569261
RMX4.31	RMX	19	0.999896562663
RMX4.37	RMX	19	0.999891578303
RMX4.40	RMX	19	0.99990438872
RMX4.56	RMX	19	0.999891429565
RMX4.58	RMX	19	0.999885061834
RMX5.02	RMX	19	0.999880983821
RMX5.09	RMX	19	0.999886397484
RMX5.10	RMX	19	0.999894624855
RMX5.11	RMX	6	0.00337488758689
RMX5.12	RMX	19	0.999881807864
RMX5.13	RMX	3	1.01665329022e-11
RMX5.15	RMX	4	3.87707558578e-10
RMX5.28	RMX	19	0.999912330529
RMX5.29	RMX	19	0.999892180519
RMX5.30	RMX	3	2.13684652022e-11
RMX5.33	RMX	19	0.999897247055
TAA09	TAA	19	0.999880275563
THO-3	THO	19	0.999884516812
Var-1-12	Var	19	0.99988550581
Amajino1_#2 Sf-1/Sue_H10	Amajino	2	4.31699162562e-20
Amajino1_#3 Sf-1/Sue_G11	Amajino	3	7.59597555642e-13
Amajino1_#4 Sf-1/Sue_H11	Amajino	3	1.39869492359e-12
Amajino1_#6 Sf-1/Sue_H12	Amajino	3	2.66620136698e-15
Amajino1_Bla-6_F03	Amajino	19	0.999879125458
Amajino1_Co-4_E04	Amajino	19	0.999879325714
Amajino1_Col_A10	Amajino	19	0.999876734242
Amajino1_Col_B10	Amajino	3	3.54675760103e-15
Amajino1_Cross (var)_G02	Amajino	3	4.1057973878e-15
Amajino1_Cross (var)_G03	Amajino	4	3.01377260052e-10
Amajino1_Cross (var)_G04	Amajino	2	2.27728723213e-18
Amajino1_Cross (var)_H02	Amajino	4	3.91828002137e-07
Amajino1_Cross (var)_H03	Amajino	4	4.0442510376e-10
Amajino1_Et-0_A04	Amajino	19	0.999876734242
Amajino1_Fl/Hau_G08	Amajino	3	2.3423956092e-11
Amajino1_Fl/Hau_G09	Amajino	2	1.90366235747e-18
Amajino1_Fl/Hau_H08	Amajino	3	1.92223219621e-15
Amajino1_Fl/Hau_H09	Amajino	2	1.54954160389e-19
Amajino1_Fl_H05	Amajino	19	0.99987578438
Amajino1_Fl-1_D04	Amajino	19	0.99987578438
Amajino1_FT Col_E02	Amajino	3	1.39109459584e-11
Amajino1_Hau_C04	Amajino	19	0.999877670737
Amajino1_Hodja-Obi-Garm_A07	Amajino	19	0.999876679398
Amajino1_Mir-0_A06	Amajino	19	0.999877510956
Amajino1_Mir-0_A11	Amajino	6	0.00232079598664
Amajino1_NIL_F01	Amajino	4	4.58613797984e-07
Amajino1_Nok-1_B02	Amajino	19	0.999877670737
Amajino1_Nok-3_A03	Amajino	19	0.999877626955
Amajino1_RMX A180_F11	Amajino	19	0.99987578438
Amajino1_Set-0_D02	Amajino	19	0.999876734242
Amajino1_Sf-2_B04	Amajino	4	3.47040392143e-07
Amajino1_Sue_B12	Amajino	6	0.00230639928817
Amajino1_Ws-0_F06	Amajino	6	0.00226557996178
Diane2__G06	Diane	2	2.11031997209e-22
Diane2_HAZ-32_D01	Diane	19	0.999876621492
Diane2_HAZ-37_H01	Diane	19	0.999875844779
Diane2_KBS-MAC-13_H02	Diane	19	0.999875844779
Diane2_KBS-MAC-15_A03	Diane	19	0.999876772264
Diane2_KBS-MAC-16_B03	Diane	6	0.00230754955843
Diane2_KBS-MAC-17_C03	Diane	19	0.999875844779
Diane2_KBS-MAC-22_D03	Diane	6	0.00230754955843
Diane2_KBS-MAC-23_E03	Diane	3	2.30252053358e-16
Diane2_KBS-MAC-26_F03	Diane	5	2.62393395636e-05
Diane2_KBS-MAC-30_H03	Diane	19	0.999876734242
Diane2_KBS-MAC-33_A04	Diane	19	0.999875844779
Diane2_KBS-MAC-36_C04	Diane	19	0.999875844779
Diane2_KBS-MAC-41_D04	Diane	19	0.999875844779
Diane2_KBS-MAC-43_E04	Diane	5	3.14759541646e-05
Diane2_KBS-MAC-51_G04	Diane	19	0.999876621492
Diane2_KBS-MAC-54_A05	Diane	6	0.00361412993329
Diane2_KBS-MAC-58_C05	Diane	19	0.999876734242
Diane2_KBS-MAC-6_F02	Diane	19	0.999876734242
Diane2_KBS-MAC-62_D05	Diane	19	0.999876734242
Diane2_KBS-MAC-64_E05	Diane	6	0.00282458707122
Diane2_KBS-MAC-72_G05	Diane	6	0.00282458707122
Diane2_KBS-MAC-73_H05	Diane	19	0.999875844779
Diane2_KBS-MAC-76_C06	Diane	19	0.999877653579
Diane2_KBS-MAC-80_F06	Diane	19	0.999875844779
Diane2_KBS-MAC-88_H06	Diane	6	0.00223026277257
Diane2_KBS-MAC-89_A07	Diane	19	0.999875844779
Diane2_KBS-MAC-91_B07	Diane	19	0.999882233821
Diane2_KBS-MAC-95_C07	Diane	19	0.999876734242
Diane2_KBS-MAC-96_D07	Diane	19	0.999877641894
Diane2_KER-38_A11	Diane	19	0.999876621492
Diane2_L-R-1_H11	Diane	19	0.99987578438
Diane2_ME62713Y1_B06	Diane	6	0.00282458707122
Diane4_MNF-CHE-15_G05	Diane	19	0.999874894918
Diane4_MNF-CHE-2_H04	Diane	6	0.00226557996178
Diane4_MNF-CHE-28_A06	Diane	19	0.999875822402
Diane4_MNF-CHE-3_A05	Diane	6	0.00284221833246
Diane4_MNF-CHE-36_C06	Diane	3	1.13091534273e-11
Diane4_MNF-CHE-41_E06	Diane	2	7.85596367412e-19
Diane4_MNF-CHE-45_H06	Diane	1	6.59495456461e-31
Diane4_MNF-CHE-50_C07	Diane	1	4.6187179258e-38
Diane4_MNF-CHE-51_D07	Diane	19	0.999875826982
Diane4_MNF-CHE-58_G07	Diane	19	0.99987578438
Diane4_MNF-JAC-12_E08	Diane	6	0.00284632278873
Diane4_MNF-JAC-14_F08	Diane	5	3.10163141398e-05
Diane4_MNF-JAC-15_G08	Diane	19	0.999875844779
Diane4_MNF-JAC-18_H08	Diane	4	5.21112351333e-09
Diane4_MNF-JAC-2_H07	Diane	19	0.999874894918
Diane4_MNF-JAC-21_B09	Diane	1	8.07485308093e-29
Diane4_MNF-JAC-22_C09	Diane	3	2.66579666e-16
Diane4_MNF-JAC-26_F09	Diane	19	0.999878423461
Diane4_MNF-JAC-30_H09	Diane	3	7.69579478235e-18
Diane4_MNF-JAC-31_A10	Diane	1	1.16022700312e-31
Diane4_MNF-JAC-32_B10	Diane	6	0.00292097313004
Diane4_MNF-JAC-34_C10	Diane	3	4.74717486905e-13
Diane4_MNF-JAC-42_F10	Diane	6	0.00281194413443
Diane4_MNF-JAC-45_G10	Diane	19	0.999879350948
Diane4_MNF-JAC-61_E11	Diane	19	0.999879279206
Diane4_MNF-JAC-63_F11	Diane	6	0.00286408972578
Diane4_MNF-JAC-68_H11	Diane	6	0.00282150600751
Diane4_MNF-JAC-79_F12	Diane	19	0.999875652068
Diane4_MNF-JAC-81_G12	Diane	19	0.999875652068
Diane4_MNF-JAC-82_H12	Diane	19	0.999875844779
Diane4_MNF-JAC-9_C08	Diane	19	0.99988128302
Diane4_MNF-RIV-36_H01	Diane	19	0.999875426579
Diane8_SLSP-35_A01	Diane	6	0.00282458707122
Diane8_SLSP-58_C01	Diane	19	0.99987578438
Diane8_SLSP-60_D01	Diane	5	3.20591289475e-05
Diane8_SLSP-72_H01	Diane	19	0.999874894918
Diane8_STE-1_C02	Diane	19	0.999876358644
Diane8_STE-10_B03	Diane	19	0.999875844779
Diane8_STE-11_C03	Diane	19	0.999876734242
Diane8_STE-15_G03	Diane	4	3.38461964735e-10
Diane8_STE-26_F04	Diane	6	0.00282458707122
Diane8_STE-29_G04	Diane	6	0.00286455169713
Diane8_STE-31_A05	Diane	19	0.99987567163
Diane8_STE-32_B05	Diane	6	0.00282458707122
Diane8_STE-37_G05	Diane	19	0.99987578438
Diane8_STE-40_H05	Diane	6	0.00224909339907
Diane8_STE-7_H02	Diane	19	0.999875426579
Diane8_WILCOX-7_D06	Diane	19	0.999874894918
Plate11b_CS163_F02	Plate	4	3.2417971064e-07
Plate11b_CS22269_G03	Plate	19	0.999875697416
Plate11b_CS22273_G04	Plate	6	0.00284582766888
Plate11b_CS22485_H10	Plate	4	6.8920297637e-07
Plate11b_CS22518_D07	Plate	19	0.999876497484
Plate11b_CS22540_E03	Plate	19	0.999874894918
Plate11b_CS22545_F06	Plate	5	4.67787607131e-05
Plate11b_CS22558_C01	Plate	19	0.999877649
Plate11b_CS22560_E01	Plate	19	0.99987578438
Plate11b_CS22570_F09	Plate	19	0.999877491724
Plate11b_CS22611_G02	Plate	19	0.999876786226
Plate11b_CS22612_H04	Plate	19	0.999874894918
Plate11b_CS22624_F01	Plate	19	0.999875844779
Plate11b_CS3177_F03	Plate	3	1.21812566358e-10
Plate11b_CS3885_C11	Plate	19	0.999875844779
Plate11b_CS6042_A01	Plate	6	0.00297945045819
Plate11b_CS6045_A03	Plate	19	0.999879411325
Plate11b_CS6051_A07	Plate	6	0.00232195343696
Plate11b_CS6070_A10	Plate	19	0.999876577503
Plate11b_CS6075_B01	Plate	19	0.9998763735
Plate11b_CS6077_B02	Plate	6	0.00284553798576
Plate11b_CS6078_B03	Plate	6	0.00280400323197
Plate11b_CS6079_B04	Plate	19	0.999875426579
Plate11b_CS6082_B05	Plate	19	0.999877713711
Plate11b_CS6090_F07	Plate	19	0.999876703632
Plate11b_CS6092_B06	Plate	19	0.999876689626
Plate11b_CS6096_B08	Plate	19	0.999885840189
Plate11b_CS6099_B09	Plate	19	0.999884836936
Plate11b_CS6832_F08	Plate	6	0.00278582423578
Plate11b_CS6840_F11	Plate	19	0.999876342363
Plate11b_CS6841_B11	Plate	6	0.00280400323197
Plate11b_CS6842_F12	Plate	19	0.999876664496
Plate11b_CS6846_G01	Plate	19	0.999875652068
Plate11b_CS6847_C03	Plate	19	0.999876584133
Plate11b_CS6848_C04	Plate	19	0.999877474571
Plate11b_CS6855_C06	Plate	19	0.999877367036
Plate11b_CS6860_G07	Plate	5	0.00320850973913
Plate11b_CS6861_C08	Plate	19	0.999878607757
Plate11b_CS6862_G08	Plate	6	0.00284677435822
Plate11b_CS6863_G09	Plate	6	0.00338576258044
Plate11b_CS6868_D04	Plate	19	0.999878593795
Plate11b_CS6873_D06	Plate	19	0.999878540341
Plate11b_CS6875_H01	Plate	19	0.999874894918
Plate11b_CS6878_H03	Plate	19	0.999879985819
Plate11b_CS6880_D10	Plate	6	0.00280778072055
Plate11b_CS6881_H05	Plate	19	0.999881233601
Plate11b_CS6882_D11	Plate	19	0.999906649941
Plate11b_CS6883_H07	Plate	19	0.99992207944
Plate11b_CS6885_E02	Plate	19	0.99987561635
Plate11b_CS6894_E04	Plate	19	0.999876770214
Plate11b_CS6895_E05	Plate	19	0.999874894918
Plate11b_CS6896_E06	Plate	19	0.999874894918
Plate11b_CS6897_E08	Plate	19	0.999875844779
Plate11b_CS6898_E09	Plate	6	0.00207825797656
Plate11b_CS6906_F04	Plate	6	0.00282458707122
Plate11b_CS6917_C05	Plate	19	0.999878254235
Plate11b_CS6918_C12	Plate	19	0.999915398105
Plate11b_CS8020_D01	Plate	4	5.10524354049e-07
Plate11b_CS8021_G10	Plate	6	0.00340899783099
Plate11b_CS8029_G11	Plate	19	0.999906731173
Plate11b_CS914_G05	Plate	19	0.999876734242
Plate4a_CS1328_F06	Plate	6	0.00288351044159
Plate4a_CS1352_F11	Plate	2	5.33765819099e-27
Plate4a_CS22186_H04	Plate	6	0.00282458707122
Plate4a_CS22300_C01	Plate	19	0.999875844779
Plate4a_CS22354_D04	Plate	6	0.00282458707122
Plate4a_CS22412_E05	Plate	1	1.78327448728e-31
Plate4a_CS22414_E06	Plate	6	0.00284267677601
Plate4a_CS22416_E08	Plate	19	0.999876734242
Plate4a_CS22417_E09	Plate	3	1.90318182152e-11
Plate4a_CS22418_E10	Plate	6	0.00284464506452
Plate4a_CS22479_G03	Plate	19	0.999876541531
Plate4a_CS22482_G04	Plate	19	0.999876672827
Plate4a_CS22483_G05	Plate	6	0.00313814212177
Plate4a_CS22486_G06	Plate	19	0.999877073193
Plate4a_CS22487_G07	Plate	2	9.36909966725e-20
Plate4a_CS22492_G08	Plate	6	0.00284464506452
Plate4a_CS22494_G09	Plate	19	0.99987578438
Plate4a_CS22495_G10	Plate	19	0.999876734242
Plate4a_CS22496_G11	Plate	6	0.00283694454877
Plate4a_CS22556_F08	Plate	6	0.00286408972578
Plate4a_CS22655_G01	Plate	19	0.999876679398
Plate4a_CS3179_D02	Plate	6	0.00282458707122
Plate4a_CS6735_D09	Plate	6	0.00284654325986
Plate4a_CS6763_E12	Plate	19	0.999875844779
Plate4a_CS6774_F02	Plate	6	0.00282458707122
Plate4a_CS6776_F04	Plate	19	0.999876734242
Plate4a_CS6777_F05	Plate	6	0.00276499597668
Plate4a_CS6797_F12	Plate	4	4.22471969859e-10
Plate4a_CS6909_F03	Plate	19	0.99987857239
Plate4a_CS6911_F07	Plate	19	0.999878438442
Plate4a_EMPTY_A05	Plate	5	0.004271021422
Plate6a_CS22342_B08	Plate	5	2.64699409699e-05
Plate6a_CS22423_G08	Plate	3	5.62226406139e-13
Plate6a_CS22458_H03	Plate	19	0.999875789935
Plate6a_CS22460_H04	Plate	19	0.999877581599
Plate6a_CS22521_F05	Plate	6	0.00284267677601
Plate6a_CS22528_A06	Plate	19	0.99987578438
Plate6a_CS22550_A01	Plate	4	2.62424554721e-07
Plate6a_CS22551_C04	Plate	5	2.62393395636e-05
Plate6a_CS22590_C05	Plate	19	0.999876376441
Plate6a_CS22591_C06	Plate	19	0.999877666308
Plate6a_CS22620_F01	Plate	19	0.999878447452
Plate6a_CS22626_H08	Plate	19	0.99987578438
Plate6a_CS22633_A09	Plate	19	0.999875844779
Plate6a_CS6600_H05	Plate	5	2.62393395636e-05
Plate6a_CS6602_H06	Plate	6	0.00282122152369
Plate6a_CS6604_A02	Plate	19	0.999896276793
Plate6a_CS6605_A03	Plate	6	0.00160012911577
Plate6a_CS6606_A04	Plate	19	0.999875800997
Plate6a_CS6607_A07	Plate	19	0.99987578438
Plate6a_CS6609_A11	Plate	4	2.59088513562e-07
Plate6a_CS6610_A12	Plate	6	0.00281627065589
Plate6a_CS6611_B01	Plate	19	0.999875748789
Plate6a_CS6612_B02	Plate	19	0.999876561093
Plate6a_CS6614_B04	Plate	6	0.00286455169713
Plate6a_CS6615_B09	Plate	6	0.00282458707122
Plate6a_CS6618_H09	Plate	6	0.00284267677601
Plate6a_CS6619_B10	Plate	19	0.99987578438
Plate6a_CS6623_C01	Plate	19	0.999877510956
Plate6a_CS6627_C07	Plate	6	0.00232448899296
Plate6a_CS6628_C08	Plate	6	0.00284632278873
Plate6a_CS6629_C09	Plate	19	0.999878538465
Plate6a_CS6630_C10	Plate	6	0.00284621514761
Plate6a_CS6631_C11	Plate	6	0.00284267677601
Plate6a_CS6632_C12	Plate	6	0.00280400323197
Plate6a_CS6633_D01	Plate	19	0.999876734242
Plate6a_CS6634_D02	Plate	6	0.00282458707122
Plate6a_CS6636_D04	Plate	6	0.00282458707122
Plate6a_CS6637_D05	Plate	5	2.66463043295e-05
Plate6a_CS6638_D06	Plate	6	0.00282458707122
Plate6a_CS6639_D07	Plate	3	2.10587318766e-15
Plate6a_CS6640_D08	Plate	19	0.999876734242
Plate6a_CS6641_D09	Plate	19	0.999880189871
Plate6a_CS6642_D10	Plate	19	0.999877625999
Plate6a_CS6646_D11	Plate	2	2.0523466803e-19
Plate6a_CS6647_D12	Plate	6	0.00282458707122
Plate6a_CS6648_E01	Plate	6	0.00283207134864
Plate6a_CS6649_E02	Plate	6	0.00284328131386
Plate6a_CS6650_E03	Plate	19	0.99987578438
Plate6a_CS6651_E04	Plate	6	0.00284616699648
Plate6a_CS6653_E05	Plate	6	0.00286319047054
Plate6a_CS6654_E06	Plate	6	0.00282458707122
Plate6a_CS6655_E07	Plate	6	0.00282458707122
Plate6a_CS6656_E08	Plate	19	0.999876734242
Plate6a_CS6658_H10	Plate	19	0.999878023056
Plate6a_CS6659_F04	Plate	19	0.99987578438
Plate6a_CS6661_H11	Plate	6	0.0024017270521
Plate6a_CS6665_F02	Plate	19	0.999877265904
Plate6a_CS6666_F06	Plate	19	0.99987578438
Plate6a_CS6668_F07	Plate	5	2.69810498578e-05
Plate6a_CS6670_H12	Plate	19	0.999876728481
Plate6a_CS6677_G11	Plate	19	0.999876734242
Plate7a_CS1244_G08	Plate	19	0.999877499001
Plate7a_CS22522_A02	Plate	6	0.00303614755418
Plate7a_CS22532_B04	Plate	5	2.62393395636e-05
Plate7a_CS22533_E05	Plate	19	0.999877666308
Plate7a_CS22534_F11	Plate	19	0.999877265904
Plate7a_CS22548_C09	Plate	19	0.999876716446
Plate7a_CS22554_G11	Plate	5	2.66463043295e-05
Plate7a_CS22597_G06	Plate	6	0.00230639928817
Plate7a_CS22629_D01	Plate	6	0.00284267677601
Plate7a_CS22634_E01	Plate	19	0.999875844779
Plate7a_CS22639_A04	Plate	19	0.99987578438
Plate7a_CS22645_D03	Plate	6	0.00285877535935
Plate7a_CS3880_H11	Plate	19	0.999875426579
Plate7a_CS6173_C10	Plate	19	0.999876679398
Plate7a_CS6176_C03	Plate	6	0.00284632278873
Plate7a_CS6672_A01	Plate	1	4.18689629604e-28
Plate7a_CS6676_A06	Plate	6	0.00290044186167
Plate7a_CS6681_B08	Plate	6	0.00284632278873
Plate7a_CS6683_A09	Plate	6	0.00284632278873
Plate7a_CS6684_A10	Plate	19	0.999875844779
Plate7a_CS6685_A11	Plate	6	0.00224794870053
Plate7a_CS6686_A12	Plate	6	0.00282458707122
Plate7a_CS6687_B01	Plate	19	0.99987578438
Plate7a_CS6689_B05	Plate	5	2.66463043295e-05
Plate7a_CS6690_B09	Plate	4	3.88175250704e-07
Plate7a_CS6692_B10	Plate	19	0.99987578438
Plate7a_CS6693_B11	Plate	19	0.999878613703
Plate7a_CS6694_B12	Plate	19	0.999877686113
Plate7a_CS6697_C07	Plate	19	0.99987578438
Plate7a_CS6698_C08	Plate	6	0.00228301401667
Plate7a_CS6704_D04	Plate	19	0.999876716446
Plate7a_CS6705_D05	Plate	6	0.00284632278873
Plate7a_CS6708_D06	Plate	19	0.999876716446
Plate7a_CS6710_D08	Plate	19	0.999876541531
Plate7a_CS6711_D09	Plate	5	2.66463043295e-05
Plate7a_CS6712_D10	Plate	4	4.52908501925e-07
Plate7a_CS6713_D11	Plate	6	0.0028862916088
Plate7a_CS6715_E02	Plate	19	0.999875844779
Plate7a_CS6716_E03	Plate	2	3.71160908869e-25
Plate7a_CS6719_E04	Plate	4	4.23642905439e-08
Plate7a_CS6720_E06	Plate	6	0.00280400323197
Plate7a_CS6721_E07	Plate	19	0.999876734242
Plate7a_CS6722_E08	Plate	19	0.999876481762
Plate7a_CS6725_E10	Plate	19	0.999876535074
Plate7a_CS6727_E12	Plate	19	0.99987578438
Plate7a_CS6728_F01	Plate	5	3.36258816923e-05
Plate7a_CS6730_F03	Plate	5	2.62393395636e-05
Plate7a_CS6731_F05	Plate	5	2.66463043295e-05
Plate7a_CS6732_F06	Plate	19	0.99987578438
Plate7a_CS6733_F10	Plate	4	3.87558993007e-07
Plate7a_CS6736_F12	Plate	6	0.00284621514761
Plate7a_CS6737_G01	Plate	19	0.999877661728
Plate7a_CS6738_G02	Plate	19	0.999892093373
Plate7a_CS6739_G04	Plate	19	0.999878603042
Plate7a_CS6740_G07	Plate	19	0.999877248108
Plate7a_CS6741_H06	Plate	5	4.16681893317e-05
Plate7a_CS6742_G09	Plate	6	0.00284621514761
Plate7a_CS6743_G12	Plate	19	0.99987578438
Plate7a_CS6744_H01	Plate	6	0.00293320851755
Plate7a_CS6745_H02	Plate	19	0.999882075854
Plate7a_CS6746_H03	Plate	4	1.45410136047e-08
Plate7a_CS6747_H04	Plate	5	3.7818438317e-05
Plate7a_CS6749_H07	Plate	19	0.999878371933
Plate7a_CS6752_H09	Plate	19	0.999876734242
Plate7a_CS6753_H12	Plate	19	0.99987675243
Plate7a_CS6904_G03	Plate	5	3.18916588178e-05
Plate7a_CS8141_C06	Plate	2	1.25486074517e-26
Plate7a_CS903_H10	Plate	6	0.00286933904959
Plate7a_CS910_A08	Plate	19	0.999874894918
Plate7a_CS923_F09	Plate	19	0.99987578438
Plate7a_CS924_G10	Plate	19	0.99987578438
Plate9a_CS1430_C04	Plate	19	0.999876734242
Plate9a_CS22263_E12	Plate	4	5.10875937226e-07
Plate9a_CS22276_F01	Plate	19	0.999876734242
Plate9a_CS22456_F10	Plate	19	0.999876716446
Plate9a_CS22535_E11	Plate	19	0.999877666308
Plate9a_CS22544_G12	Plate	19	0.999910085784
Plate9a_CS22546_H07	Plate	6	0.00222334849769
Plate9a_CS22559_E09	Plate	19	0.999877493159
Plate9a_CS22568_F04	Plate	6	0.00286455169713
Plate9a_CS22588_H12	Plate	6	0.00282458707122
Plate9a_CS22593_E07	Plate	6	0.00224794870053
Plate9a_CS22598_A07	Plate	19	0.999876561093
Plate9a_CS22599_A08	Plate	6	0.00284616699648
Plate9a_CS22614_A01	Plate	19	0.999876711865
Plate9a_CS22619_A06	Plate	6	0.00282458707122
Plate9a_CS22622_H05	Plate	5	2.64746014884e-05
Plate9a_CS22646_F12	Plate	19	0.999876376441
Plate9a_CS22658_C07	Plate	6	0.00284632278873
Plate9a_CS22661_B08	Plate	6	0.0023241474553
Plate9a_CS3081_A10	Plate	19	0.999876561093
Plate9a_CS6059_D05	Plate	5	2.64065298743e-05
Plate9a_CS6064_D08	Plate	6	0.00266691085581
Plate9a_CS6098_D11	Plate	5	2.62393395636e-05
Plate9a_CS6182_H04	Plate	5	3.14436661997e-05
Plate9a_CS6188_G01	Plate	6	0.00230639928817
Plate9a_CS6804_A09	Plate	6	0.00230754955843
Plate9a_CS6805_A11	Plate	19	0.999906649941
Plate9a_CS6806_B02	Plate	6	0.0022651614134
Plate9a_CS6809_B01	Plate	6	0.00232448899296
Plate9a_CS6811_B03	Plate	6	0.00235630377606
Plate9a_CS6812_B04	Plate	6	0.00230639928817
Plate9a_CS6813_B05	Plate	19	0.999877248108
Plate9a_CS6814_B06	Plate	19	0.999876561093
Plate9a_CS6815_B07	Plate	5	2.62393395636e-05
Plate9a_CS6816_B09	Plate	19	0.999889192312
Plate9a_CS6817_B10	Plate	6	0.00227966834848
Plate9a_CS6818_B11	Plate	5	2.62393395636e-05
Plate9a_CS6819_B12	Plate	19	0.999876734242
Plate9a_CS6820_C01	Plate	19	0.999877092755
Plate9a_CS6821_C02	Plate	6	0.0023241474553
Plate9a_CS6822_C03	Plate	6	0.00288243242024
Plate9a_CS6823_C05	Plate	6	0.00280706062384
Plate9a_CS6825_C09	Plate	5	2.78064389204e-05
Plate9a_CS6826_C10	Plate	6	0.0023241474553
Plate9a_CS6828_C12	Plate	6	0.00284621514761
Plate9a_CS6829_D01	Plate	6	0.00243753737605
Plate9a_CS6830_D02	Plate	6	0.00282458707122
Plate9a_CS6831_D04	Plate	6	0.00284267677601
Plate9a_CS6833_D12	Plate	19	0.99987578438
Plate9a_CS6834_E01	Plate	3	1.34396556439e-16
Plate9a_CS6836_E03	Plate	5	2.21260039921e-05
Plate9a_CS6837_E04	Plate	6	0.00286397441524
Plate9a_CS6838_E05	Plate	6	0.00284632278873
Plate9a_CS6844_E08	Plate	6	0.00311195984581
Plate9a_CS6851_F07	Plate	6	0.00286811729715
Plate9a_CS6853_G02	Plate	19	0.999877248108
Plate9a_CS6854_F09	Plate	19	0.999878362986
Plate9a_CS6856_F11	Plate	6	0.00230639928817
Plate9a_CS6858_G03	Plate	19	0.999881947215
Plate9a_CS6887_H03	Plate	5	2.64332374997e-05
Plate9a_CS6888_H08	Plate	19	0.999877359685
Plate9a_CS6889_H09	Plate	6	0.0028247165625
Plate9a_CS6916_E02	Plate	4	1.53700567456e-08
Plate9a_CS6920_H11	Plate	19	0.999876772264
Plate9a_CS6922_A05	Plate	6	0.00232448899296
Plate9a_CS6925_H06	Plate	19	0.999878648194
Plate9a_CS6927_F03	Plate	19	0.99987578438
Plate9a_CS8143_H01	Plate	6	0.00285967271602
Plate9a_CS913_F02	Plate	19	0.99987578438
Plate9a_CS926_D03	Plate	6	0.00282458707122
1ST 96_Bor-4a_D04	1ST	19	0.999895815044
1ST 96_Ei-2b 6689_E07	1ST	19	0.999899401883
1ST 96_Fab 4c_F02	1ST	6	0.0025621637222
1ST 96_MS-Ob 6797_D12	1ST	19	0.999900406142
1ST 96_Pro-Oa_F11	1ST	6	0.00329616103888
1ST 96_Pu2-23a_F04	1ST	19	0.999899400399
1ST 96_SQ-1a_E05	1ST	19	0.999899418588
1ST 96_Tsu-1a 6926_F10	1ST	19	0.999900306063
2ND 96_Ba 1-2_E04	2ND	19	0.999896743485
2ND 96_Blh-1_B02	2ND	19	0.999896767871
2ND 96_Bro 1-6_C04	2ND	19	0.999902679856
2ND 96_cs 1185 Gd-1_G07	2ND	19	0.999895970827
2ND 96_cs 1227 Hi-0_B08	2ND	19	0.999895798794
2ND 96_cs 1259 Jm-0_F08	2ND	19	0.999897676289
2ND 96_cs1307 Lc-0_H08	2ND	19	0.9998959676
2ND 96_cs1337 Lip-0_A09	2ND	19	0.999905659262
2ND 96_cs1353 Lu-1_C09	2ND	19	0.999895798794
2ND 96_cs1385Na-1_E09	2ND	6	0.00285098156953
2ND 96_cs1439 Pa-1_G09	2ND	19	0.999899418465
2ND 96_cs1445 Per-1_H09	2ND	6	0.00286391026869
2ND 96_cs1455 Pi-0_A10	2ND	19	0.999894092512
2ND 96_cs1459 Pla-0_B10	2ND	19	0.999894870353
2ND 96_cs1485 Rak-2_E10	2ND	19	0.999895798794
2ND 96_cs1507 Sap-0_G10	2ND	19	0.999894264545
2ND 96_cs1535 St-0_A11	2ND	19	0.999893788441
2ND 96_cs1539 Stw-0_B11	2ND	19	0.999898351911
2ND 96_cs6002_H11	2ND	19	0.999895770681
2ND 96_cs6033 Lisse_B12	2ND	19	0.999895798794
2ND 96_cs6034_C12	2ND	19	0.999894924211
2ND 96_cs6041_D12	2ND	6	0.00271952282325
2ND 96_DraII-1_A04	2ND	3	2.7781331168e-12
2ND 96_Duk_F03	2ND	6	0.0026857664973
2ND 96_EMPTY_A01	2ND	19	0.999896741286
2ND 96_Fja 1-1_A03	2ND	19	0.999905621207
2ND 96_Gul 1-2_D04	2ND	4	6.75407860954e-07
2ND 96_Hod _G03	2ND	19	0.999896722281
2ND 96_Hov 4-1_E02	2ND	19	0.999895798794
2ND 96_HSm_H03	2ND	19	0.999895796594
2ND 96_Kavlinge-1_C06	2ND	19	0.999898577399
2ND 96_Kulturen 1_B06	2ND	19	0.999898584682
2ND 96_Kz-13_G01	2ND	1	1.23563276928e-28
2ND 96_Liarum_H05	2ND	19	0.999896743485
2ND 96_Lillo-1_B03	2ND	19	0.999894870353
2ND 96_Lis-1_D05	2ND	19	0.999895820233
2ND 96_Lom 1-1_G02	2ND	19	0.999895795806
2ND 96_Lund_B01	2ND	19	0.999896743485
2ND 96_NC-6_C01	2ND	6	0.00362789051459
2ND 96_Rev-1_C02	2ND	19	0.999895815044
2ND 96_San-2_F02	2ND	19	0.999896743485
2ND 96_Ull 1-1_H02	2ND	6	0.00295761048869
2ND 96_Vastervik_A02	2ND	19	0.999897693367
2ND 96_Vimmerby_D01	2ND	19	0.999895798794
2ND 96_Vinslov_A06	2ND	19	0.999896757448
French Eco#1_Fr 100 CAM45_G02	French	6	0.00268184049601
French Eco#1_Fr 116 CAM61_D04	French	19	0.999893204021
French Eco#1_Fr 118 CAM63_F04	French	19	0.999894265711
French Eco#1_Fr 12 ALL2-4_E07	French	19	0.999890569229
French Eco#1_Fr 132 MOG-37_B04	French	19	0.999909146543
French Eco#1_Fr 136 MOG-44_B01	French	19	0.999894836639
French Eco#1_Fr 144 MOG-58_G03	French	19	0.999896151866
French Eco#1_Fr 154 MIB-15_C11	French	2	4.51412092099e-19
French Eco#1_Fr 16 CUR-3_G12	French	19	0.99989752896
French Eco#1_Fr 164 MIB-27_C08	French	19	0.999891587945
French Eco#1_Fr 165 MIB-28_B03	French	19	0.999895214425
French Eco#1_Fr 171 MIB-34_B08	French	19	0.999894299779
French Eco#1_Fr 18 CUR-5_G06	French	19	0.99989221578
French Eco#1_Fr 182 MIB-47_B05	French	1	9.14149815105e-29
French Eco#1_Fr 183 MIB-49_C05	French	19	0.999893371984
French Eco#1_Fr 184 MIB-50_D05	French	19	0.999893239842
French Eco#1_Fr 189 MIB-58_A05	French	19	0.999897816668
French Eco#1_Fr 191 MIB-61_H05	French	19	0.999896088944
French Eco#1_Fr 196 MIB-67_G05	French	19	0.99989242885
French Eco#1_Fr 208 MIB-83_H09	French	19	0.999894302499
French Eco#1_Fr 209 MIB-84_D10	French	3	3.33595184767e-11
French Eco#1_Fr 22 CUR-9_H06	French	6	0.00327170715546
French Eco#1_Fr 23 CUR-10_C02	French	19	0.999896745356
French Eco#1_Fr 234 LDV-14_F08	French	6	0.00270668232525
French Eco#1_Fr 251 LDV-31_A12	French	19	0.999897332408
French Eco#1_Fr 26 VOU-1_F02	French	6	0.00332185412788
French Eco#1_Fr 28 VOU-4_H02	French	19	0.999896695263
French Eco#1_Fr 297 TOU-A1-23_H08	French	19	0.999901970717
French Eco#1_Fr 30 VOU-6_B02	French	4	6.58089389847e-10
French Eco#1_Fr 305 TOU-A1-39_B11	French	3	4.62986718564e-11
French Eco#1_Fr 309 TOU-A1-47_B12	French	6	0.00344660024511
French Eco#1_Fr 32 VOU-8_F11	French	6	0.00272285207086
French Eco#1_Fr 325 TOU-A1-77_F09	French	3	2.1161878597e-13
French Eco#1_Fr 330 TOU-A1-82_E08	French	19	0.999897736248
French Eco#1_Fr 35 PAR-3_C07	French	19	0.999891604218
French Eco#1_Fr 351 TOU-A1-114_D11	French	19	0.999895841674
French Eco#1_Fr 358 TOU-A1-122_E11	French	19	0.999896786366
French Eco#1_Fr 36 PAR-4_D02	French	19	0.999896161404
French Eco#1_Fr 365 TOU-A1-133_F05	French	19	0.999893318301
French Eco#1_Fr 366 TOU-A1-134_B10	French	6	0.00275729060865
French Eco#1_Fr 373 TOU-C3_A09	French	19	0.999895361323
French Eco#1_Fr 379 TOU-E-11_C12	French	19	0.999894184404
French Eco#1_Fr 382 TOU-G1_D08	French	19	0.999896013713
French Eco#1_Fr 385 TOU-H-10_G08	French	4	7.44044090716e-07
French Eco#1_Fr 386 TOU-H-12_G09	French	19	0.999899304843
French Eco#1_Fr 388 TOU-I-1_E12	French	19	0.999896950004
French Eco#1_Fr 389 TOU-I-2_B09	French	5	3.57741399891e-05
French Eco#1_Fr 390 TOU-I-6_C09	French	5	4.19932225583e-05
French Eco#1_Fr 392 TOU-J3_D09	French	6	0.00302011123649
French Eco#1_Fr 397 TOU-K3_C10	French	19	0.999901331888
French Eco#1_Fr 40 PAR-9_G01	French	19	0.999898221396
French Eco#1_Fr 43 ROM-2_E09	French	19	0.999896955936
French Eco#1_Fr 49 LAC-4_F06	French	19	0.999895982296
French Eco#1_Fr 51 LAC-6_A07	French	19	0.999895311793
French Eco#1_Fr 58 JEA_H03	French	4	3.47931729279e-08
French Eco#1_Fr 63 PON_B07	French	6	0.00262586688513
French Eco#1_Fr 66 CAM-4_C06	French	19	0.999890732851
French Eco#1_Fr 7 ALL1-8_A03	French	19	0.999896052555
French Eco#1_Fr 97 CAM42_G04	French	2	1.23524520066e-15
French Eco#2_Fr 108 CAM-53_H11	French	19	0.999896632782
French Eco#2_Fr 146 MIB-1_A02	French	19	0.999897716815
French Eco#2_Fr 155 MIB-16_B06	French	19	0.999900172331
French Eco#2_Fr 157 MIB-19_F02	French	19	0.999901265063
French Eco#2_Fr 17 CUR-4_E06	French	19	0.9998994608
French Eco#2_Fr 177 MIB-40_E01	French	6	0.0024602727717
French Eco#2_Fr 180 MIB-43_B01	French	19	0.999898535971
French Eco#2_Fr 19 CUR-6_G12	French	19	0.999898467898
French Eco#2_Fr 190 MIB-60_H12	French	3	3.82818197624e-11
French Eco#2_Fr 194 MIB-64_C01	French	19	0.999896632782
French Eco#2_Fr 199 MIB-70_C04	French	19	0.9998994608
French Eco#2_Fr 2 ALL1-3_B02	French	19	0.999900898576
French Eco#2_Fr 20 CUR-7_D02	French	19	0.9998994608
French Eco#2_Fr 201 MIB-75_F05	French	19	0.999898510916
French Eco#2_Fr 202 MIB-76_C09	French	4	2.11635703413e-08
French Eco#2_Fr 203 MIB-77_A10	French	5	4.48022303856e-05
French Eco#2_Fr 205 MIB-80_H03	French	3	1.75420634608e-13
French Eco#2_Fr 210 MIB-86_E03	French	3	6.59744549346e-11
French Eco#2_Fr 211 MIB-87_E07	French	19	0.999900350284
French Eco#2_Fr 214 MIB-90_A05	French	19	0.999895992266
French Eco#2_Fr 215 MIB-92_A08	French	19	0.9998942339
French Eco#2_Fr 226 LDV-6_G05	French	19	0.999900409101
French Eco#2_Fr 229 LDV-9_D06	French	19	0.999900350284
French Eco#2_Fr 260 LDV-40_D04	French	4	2.48153543836e-08
French Eco#2_Fr 264 LDV-44_G06	French	19	0.9998994608
French Eco#2_Fr 268 LDV-49_G07	French	19	0.99990112407
French Eco#2_Fr 271 LDV-52_F12	French	19	0.999897476454
French Eco#2_Fr 288 TOU-A1-10_H08	French	6	0.00273124007506
French Eco#2_Fr 291 TOU-A1-14_E05	French	19	0.999895211956
French Eco#2_Fr 298 TOU-A1-26_D07	French	6	0.00276265518841
French Eco#2_Fr 306 TOU-A1-41_F09	French	19	0.999899229314
French Eco#2_Fr 307 TOU-A1-43_D01	French	19	0.9998994608
French Eco#2_Fr 308 TOU-A1-45_H06	French	19	0.999899372315
French Eco#2_Fr 316 TOU-A1-65_C07	French	19	0.9999012977
French Eco#2_Fr 319 TOU-A1-67_A04	French	19	0.999898508908
French Eco#2_Fr 320 TOU-A1-69_C03	French	5	3.9353898585e-05
French Eco#2_Fr 321 TOU-A1-70_F08	French	6	0.00342492764373
French Eco#2_Fr 329 TOU-A1-81_G03	French	19	0.999901010092
French Eco#2_Fr 332 TOU-A1-85_H01	French	19	0.9998994608
French Eco#2_Fr 34 VOU-10_B03	French	3	2.2521455378e-12
French Eco#2_Fr 348 TOU-A1-111_C11	French	19	0.999899220438
French Eco#2_Fr 353 TOU-A1-116_E04	French	19	0.999899061751
French Eco#2_Fr 361 TOU-A1-125_G10	French	4	7.4770171102e-07
French Eco#2_Fr 362 TOU-A1-128_F04	French	19	0.999901061815
French Eco#2_Fr 364 TOU-A1-131_E09	French	19	0.999899066228
French Eco#2_Fr 37 PAR-5_A01	French	6	0.00342590488335
French Eco#2_Fr 376 TOU-D-9_G02	French	19	0.999899415008
French Eco#2_Fr 380 TOU-F1_A06	French	19	0.999900172331
French Eco#2_Fr 383 TOU-H-3_F03	French	5	2.68093990661e-05
French Eco#2_Fr 396 TOU-K-2_G11	French	19	0.999901109323
French Eco#2_Fr 398 TOU-L-5_D09	French	4	1.01634167894e-06
French Eco#2_Fr 399 TOU-L-10_D12	French	1	2.23908746686e-26
French Eco#2_Fr 400 TOU-L-17_C05	French	3	7.16849723134e-10
French Eco#2_Fr 54 RAN_B08	French	19	0.999900350284
French Eco#2_Fr 95 CAM-37_E10	French	19	0.999897464627
French Eco#2_Fr387 TOU-H-13_D05	French	3	2.27192552972e-12
French Eco#3_Fr 117 CAM-62_H01	French	6	0.00268481968685
French Eco#3_Fr 134 MOG-40_G04	French	19	0.999901104723
French Eco#3_Fr 147 MIB-2_F10	French	19	0.999899424038
French Eco#3_Fr 151 MIB-11_E06	French	6	0.00310505789165
French Eco#3_Fr 153 MIB-14_H02	French	4	2.30600027536e-08
French Eco#3_Fr 156 MIB-17_C03	French	19	0.999899398391
French Eco#3_Fr 159 MIB-21_F03	French	6	0.00345006961192
French Eco#3_Fr 161 MIB-23_D03	French	5	3.98246823429e-05
French Eco#3_Fr 162 MIB-24_E04	French	3	5.57789293111e-11
French Eco#3_Fr 169 MIB-32_B11	French	6	0.00313094086482
French Eco#3_Fr 170 MIB-33_F07	French	19	0.999901248446
French Eco#3_Fr 172 MIB-35_B08	French	19	0.999900350284
French Eco#3_Fr 187 MIB-55_H04	French	3	6.87538905619e-10
French Eco#3_Fr 188 MIB-57_H12	French	19	0.999900402269
French Eco#3_Fr 198 MIB-69_A05	French	3	4.45636681884e-11
French Eco#3_Fr 200 MIB-73_A11	French	19	0.999896632782
French Eco#3_Fr 216 MIB-93_E12	French	6	0.00332418784356
French Eco#3_Fr 220 MIB-100_D09	French	6	0.00265726636761
French Eco#3_Fr 223 LDV-3_G11	French	19	0.9998994608
French Eco#3_Fr 236 LDV-16_F05	French	2	6.41129690712e-22
French Eco#3_Fr 24 CLA-7_E08	French	19	0.999898606297
French Eco#3_Fr 240 LDV-20_F01	French	19	0.999898560281
French Eco#3_Fr 245 LDV-25_G08	French	6	0.00279636302045
French Eco#3_Fr 247 LDV-27_A04	French	19	0.999900871535
French Eco#3_Fr 250 LDV-30_F08	French	6	0.00280210771129
French Eco#3_Fr 254 LDV-34_B06	French	6	0.0028238891625
French Eco#3_Fr 272 LDV-53_A06	French	6	0.00347688782545
French Eco#3_Fr 278 LDV-68_C05	French	6	0.00285165029096
French Eco#3_Fr 299 TOU-A1-27_D11	French	19	0.999898508908
French Eco#3_Fr 301 TOU-A1-33_B09	French	6	0.00358310652505
French Eco#3_Fr 303 TOU-A1-37_B07	French	19	0.999899398391
French Eco#3_Fr 31 VOU-7_G02	French	3	9.21033061452e-10
French Eco#3_Fr 311 TOU-A1-60_H07	French	6	0.00275245907883
French Eco#3_Fr 314 TOU-A1-63_E01	French	19	0.999899456322
French Eco#3_Fr 317 TOU-A1-66_H09	French	19	0.999903861443
French Eco#3_Fr 323 TOU-A1-74_C11	French	2	6.4282330034e-22
French Eco#3_Fr 327 TOU-A1-79_C04	French	19	0.999900957849
French Eco#3_Fr 331 TOU-A1-84_A08	French	4	1.12705072035e-06
French Eco#3_Fr 336 TOU-A1-91_G12	French	19	0.999898530077
French Eco#3_Fr 339 TOU-A1-96_G09	French	19	0.999900167853
French Eco#3_Fr 341 TOU-A1-98_D05	French	19	0.99990125379
French Eco#3_Fr 344 TOU-A1-105_A01	French	6	0.00335277075115
French Eco#3_Fr 346 TOU-A1-109_G03	French	6	0.0034315982924
French Eco#3_Fr 354 TOU-A1-117_F06	French	19	0.999904316964
French Eco#3_Fr 357 TOU-A1-120_B12	French	19	0.999899222446
French Eco#3_Fr 360 TOU-A1-124_C02	French	4	2.45808143408e-08
French Eco#3_Fr 363 TOU-A1-129_B10	French	4	1.04929335054e-06
French Eco#3_Fr 367 TOU-A1-137_D08	French	3	1.28889879677e-09
French Eco#3_Fr 370 TOU-A1-143_E10	French	19	0.999900299452
French Eco#3_Fr 372 TOU-C2_H11	French	19	0.999904663768
French Eco#3_Fr 375 TOU-D5_G10	French	3	4.12313247002e-11
French Eco#3_Fr 378 TOU-E7_H08	French	3	1.65667315414e-14
French Eco#3_Fr 55 BUI_B03	French	6	0.00286589083202
French Eco#3_Fr 61 CYR_D04	French	19	0.99990113389
French Eco#3_Fr 86 CAM-25_H03	French	6	0.00277863688969
French Eco#3_Fr 91 CAM-31_F02	French	19	0.99990196702
French Eco#3_Fr228 LDV-8_A09	French	4	1.95909704788e-06
French Eco#4_Fr 103 CAM-48_F09	French	6	0.00298631209807
French Eco#4_Fr 119 CAM-64_C06	French	19	0.999902062634
French Eco#4_Fr 15 CUR-2_A09	French	6	0.00304486352448
French Eco#4_Fr 160 MIB-22_A02	French	19	0.9998994608
French Eco#4_Fr 166 MIB-29_H05	French	19	0.999909830376
French Eco#4_Fr 173 MIB-36_B01	French	19	0.999898447777
French Eco#4_Fr 174 MIB-37_C10	French	19	0.9998994608
French Eco#4_Fr 186 MIB-54_A04	French	19	0.999907254385
French Eco#4_Fr 193 MIB-63_B12	French	4	2.43785683763e-08
French Eco#4_Fr 206 MIB-81_H12	French	2	7.08748705968e-14
French Eco#4_Fr 21 CUR-8_E05	French	4	8.07644116735e-07
French Eco#4_Fr 27 VOU-2_B11	French	19	0.999896762456
French Eco#4_Fr 296 TOU-A1-19_F12	French	19	0.999898508908
French Eco#4_Fr 312 TOU-A1-61_D06	French	19	0.999904692757
French Eco#4_Fr 313 TOU-A1-62_C04	French	6	0.0027310944903
French Eco#4_Fr 322 TOU-A1-73_G03	French	19	0.999902061217
French Eco#4_Fr 326 TOU-A1-78_E11	French	19	0.9999003998
French Eco#4_Fr 349 TOU-A1-112_H01	French	19	0.999898447777
French Eco#4_Fr 352 TOU-A1-115_G08	French	2	2.38319604737e-18
French Eco#4_Fr 368 TOU-A1-138_G11	French	19	0.999906282775
French Eco#4_Fr 369 TOU-A1-141_E02	French	19	0.999900306276
French Eco#4_Fr 371 TOU-C-1_D01	French	5	3.97709906188e-05
French Eco#4_Fr 374 TOU-D-1_G01	French	2	1.9697564872e-18
French Eco#4_Fr 38 PAR-6_D07	French	19	0.999909224545
French Eco#4_Fr 384 TOU-H-8_C02	French	19	0.999904721301
French Eco#4_Fr 39 PAR-8_F08	French	3	8.12373061976e-11
French Eco#4_Fr 391 TOU-I-17_E10	French	19	0.999898524131
French Eco#4_Fr 4 ALL1-5_F04	French	19	0.99990135357
French Eco#4_Fr 41 PAR-10_A08	French	19	0.999907129949
French Eco#4_Fr 42 ROM-1_D11	French	19	0.999895860123
French Eco#4_Fr 44 ROM-9_G07	French	19	0.99990126045
French Eco#4_Fr 45 MAR2-3_F07	French	19	0.999905640178
French Eco#4_Fr 5 ALL1-6_F11	French	19	0.999901978145
French Eco#4_Fr 59 DAM1_B10	French	6	0.00292528408534
French Eco#4_Fr 60 DAM2_E03	French	19	0.999905633591
French Eco#4_Fr 77 CAM-16_C05	French	19	0.999897580195
French Eco#4_Fr 8 ALL1-9_F03	French	19	0.999903909562
French Eco#4_Fr 9 ALL2-1_A10	French	19	0.999904692757
French Eco#4_Fr53 CLE-6_B05	French	19	0.999905764081
SWE ECO#1_T1000_E09	SWE	19	0.999874894918
SWE ECO#1_T1010_F09	SWE	6	0.00279818472529
SWE ECO#1_T1020_G09	SWE	6	0.00280778072055
SWE ECO#1_T1030_H09	SWE	19	0.99987839624
SWE ECO#1_T1040_A09	SWE	19	0.999875822402
SWE ECO#1_T1050_B10	SWE	6	0.00280778072055
SWE ECO#1_T1060_C10	SWE	19	0.99987567092
SWE ECO#1_T1070_D10	SWE	19	0.999876730053
SWE ECO#1_T1080_E10	SWE	19	0.999875712639
SWE ECO#1_T1090_F10	SWE	19	0.999875712639
SWE ECO#1_T1110_A11	SWE	19	0.999875793058
SWE ECO#1_T1120_B11	SWE	19	0.999875755546
SWE ECO#1_T1130_C11	SWE	19	0.999874894918
SWE ECO#1_T1150_G10	SWE	19	0.999874894918
SWE ECO#1_T1160_H10	SWE	19	0.999874894918
SWE ECO#1_T460_H02	SWE	19	0.999875844779
SWE ECO#1_T470_A03	SWE	19	0.999876563833
SWE ECO#1_T480_B03	SWE	19	0.999876734242
SWE ECO#1_T510_B05	SWE	19	0.999874894918
SWE ECO#1_T520_C05	SWE	6	0.00230656447299
SWE ECO#1_T530_D05	SWE	19	0.99987567163
SWE ECO#1_T570_E05	SWE	19	0.999874894918
SWE ECO#1_T580_F05	SWE	19	0.999874894918
SWE ECO#1_T590_G05	SWE	19	0.99987579383
SWE ECO#1_T620_H05	SWE	19	0.999878478706
SWE ECO#1_T640_A06	SWE	19	0.99987578438
SWE ECO#1_T670_B06	SWE	19	0.999874894918
SWE ECO#1_T680_C06	SWE	6	0.00228959168019
SWE ECO#1_T690_D06	SWE	19	0.99987567163
SWE ECO#1_T710_E06	SWE	19	0.999874894918
SWE ECO#1_T720_F06	SWE	6	0.00228959168019
SWE ECO#1_T730_G06	SWE	19	0.999899911234
SWE ECO#1_T740_H06	SWE	19	0.999875800997
SWE ECO#1_T750_A07	SWE	1	5.74289405218e-37
SWE ECO#1_T770_B07	SWE	6	0.00280961292952
SWE ECO#1_T780_C07	SWE	19	0.999877561396
SWE ECO#1_T790_D07	SWE	19	0.999877668189
SWE ECO#1_T800_E07	SWE	6	0.00280822425441
SWE ECO#1_T810_F07	SWE	19	0.999874894918
SWE ECO#1_T840_H07	SWE	4	4.13876049599e-07
SWE ECO#1_T850_A08	SWE	2	9.06865242666e-29
SWE ECO#1_T870_B08	SWE	19	0.999874894918
SWE ECO#1_T890_C08	SWE	19	0.999874894918
SWE ECO#1_T900_D08	SWE	19	0.999874894918
SWE ECO#1_T920_E08	SWE	19	0.999879318952
SWE ECO#1_T930_F08	SWE	19	0.999875839158
SWE ECO#1_T940_G08	SWE	19	0.999876772264
SWE ECO#1_T950_H08	SWE	19	0.999874894918
SWE ECO#1_T960_A10	SWE	6	0.00281913362998
SWE ECO#1_T970_B09	SWE	6	0.00230754955843
SWE ECO#1_T980_C09	SWE	19	0.999874894918
SWE ECO#1_T990_D09	SWE	19	0.99987567163
SWE ECO#1_Tad 01_E11	SWE	6	0.00228959168019
SWE ECO#1_Tad 02_F11	SWE	19	0.999876772264
SWE ECO#1_Tad 03_G11	SWE	19	0.999875822402
SWE ECO#1_Tad 04_H11	SWE	6	0.00230712325649
SWE ECO#1_Tad 05_A12	SWE	19	0.999874894918
SWE ECO#1_Tad 06_B12	SWE	19	0.999875758342
SWE ECO#1_TBO 01_C12	SWE	19	0.999874894918
SWE ECO#1_THO 08_H12	SWE	19	0.999877004511
SWE ECO#1_TV-02_D03	SWE	19	0.999876354063
SWE ECO#1_TV-04_F03	SWE	19	0.999876354063
SWE ECO#1_TV-05_G03	SWE	19	0.999876203292
SWE ECO#1_TV-10_D04	SWE	19	0.999877546204
SWE ECO#1_TV-11_E04	SWE	19	0.999876640124
SWE ECO#1_TV-13_G04	SWE	19	0.999877493996
SWE ECO#1_TV-20_B01	SWE	19	0.999876354063
SWE ECO#1_TV-35_E02	SWE	19	0.999876599114
SWE ECO#1_TV-38_C03	SWE	19	0.999875844779
SWE ECO#1_TV-39_G02	SWE	19	0.999875822402
SWE ECO#2_Dor 8_G12	SWE	19	0.999874894918
SWE ECO#2_Gro 3_D11	SWE	19	0.999874894918
SWE ECO#2_Nag-7_H11	SWE	19	0.999875426579
SWE ECO#2_San 8_A11	SWE	19	0.999876093519
SWE ECO#2_Sparta 1_E10	SWE	6	0.0028853017129
SWE ECO#2_TAA 03_B01	SWE	19	0.999875822402
SWE ECO#2_TAA 07_F01	SWE	19	0.999874894918
SWE ECO#2_TAA 08_G01	SWE	19	0.999874894918
SWE ECO#2_TAA 11_A02	SWE	19	0.999874894918
SWE ECO#2_TAA 12_B02	SWE	19	0.999874894918
SWE ECO#2_TAA 14_D02	SWE	19	0.999874894918
SWE ECO#2_TAA 18_H02	SWE	19	0.999874894918
SWE ECO#2_TAA 19_A03	SWE	19	0.999874894918
SWE ECO#2_TBL 01_D06	SWE	19	0.999875844779
SWE ECO#2_TDR-01_B08	SWE	19	0.999874894918
SWE ECO#2_TDR-03_D08	SWE	19	0.999875789935
SWE ECO#2_TDR-04_E08	SWE	2	1.53772140555e-22
SWE ECO#2_TDR-05_F08	SWE	19	0.999875836364
SWE ECO#2_TDR-07_G08	SWE	19	0.999874894918
SWE ECO#2_TDR-08_H08	SWE	6	0.00295244309909
SWE ECO#2_TDR-09_E09	SWE	19	0.999874894918
SWE ECO#2_TDR-10_A09	SWE	6	0.00228959168019
SWE ECO#2_TDR-11_B09	SWE	19	0.999874894918
SWE ECO#2_TDR-13_C09	SWE	6	0.00277896778351
SWE ECO#2_TDR-14_D09	SWE	3	4.77463757948e-14
SWE ECO#2_TDR-15_F09	SWE	19	0.999876758896
SWE ECO#2_TDR-17_H09	SWE	19	0.999907219642
SWE ECO#2_TDR-18_A10	SWE	19	0.99987567092
SWE ECO#2_TDR-22_D10	SWE	19	0.999875822402
SWE ECO#2_TEDEN 01_A04	SWE	5	2.51745984363e-05
SWE ECO#2_TEDEN 02_B04	SWE	19	0.999876599114
SWE ECO#2_TEDEN 03_C04	SWE	19	0.999874894918
SWE ECO#2_TFA 01_C07	SWE	6	0.00230712325649
SWE ECO#2_TFA 04_D07	SWE	19	0.999874894918
SWE ECO#2_TFA 05_E07	SWE	19	0.999875822402
SWE ECO#2_TFA 06_F07	SWE	19	0.999874894918
SWE ECO#2_TFA 07_G07	SWE	19	0.999875822402
SWE ECO#2_TFA 08_H07	SWE	19	0.999874894918
SWE ECO#2_TGR 01_G03	SWE	19	0.999874894918
SWE ECO#2_TGR 02_H03	SWE	19	0.999876772264
SWE ECO#2_TNY 02_E04	SWE	19	0.999874894918
SWE ECO#2_TNY 03_F04	SWE	19	0.999878251231
SWE ECO#2_TNY 07_H04	SWE	19	0.999875844779
SWE ECO#2_TOM 01_B05	SWE	19	0.999874894918
SWE ECO#2_TOM 02_C05	SWE	19	0.999874894918
SWE ECO#2_TOM 03_D05	SWE	19	0.999883079256
SWE ECO#2_TOM 04_E05	SWE	19	0.999874894918
SWE ECO#2_TOM 06_F05	SWE	19	0.999874894918
SWE ECO#2_TOM 07_G05	SWE	19	0.999874894918
SWE ECO#2_Tomegap 2_F10	SWE	19	0.999875802568
SWE ECO#2_TRA 01_H05	SWE	19	0.999876376441
SWE ECO#5_Dra IV 6-11_E01	SWE	6	0.00268458593296
SWE ECO#5_Dra IV 6-13_F01	SWE	19	0.999876755405
SWE ECO#5_Dra IV 6-16_H01	SWE	19	0.99987770433
SWE ECO#5_Dra IV 6-17_A02	SWE	19	0.999879164418
SWE ECO#5_Dra IV 6-20_C02	SWE	1	3.47714298202e-32
SWE ECO#5_Dra IV 6-21_D02	SWE	19	0.999876730467
SWE ECO#5_Dra IV 6-22_E02	SWE	19	0.999881124784
SWE ECO#5_Dra IV 6-24_F02	SWE	5	2.99077814882e-05
SWE ECO#5_Dra IV 6-28_H02	SWE	2	6.62661566617e-24
SWE ECO#5_Dra IV 6-29_A03	SWE	19	0.999876755405
SWE ECO#5_Dra IV 6-35_E03	SWE	19	0.999876755405
SWE ECO#5_Dra IV 6-36_F03	SWE	6	0.00271549902969
SWE ECO#5_Dra IV 6-37_G03	SWE	19	0.999877609278
SWE ECO#5_Dra IV 6-8_B01	SWE	5	1.90982562374e-05
SWE ECO#5_Dra IV 6-9_C01	SWE	19	0.999879857102
SWE ECO#5_Udu I 1-10_D09	SWE	19	0.999876755405
SWE ECO#5_Udu I 1-11_E09	SWE	19	0.999875826982
SWE ECO#5_Udu I 1-21_B10	SWE	19	0.999875826982
SWE ECO#5_Udu I 1-34_A11	SWE	19	0.999877509776
SWE ECO#5_Udu I 1-4_H08	SWE	3	1.43511285394e-11
SWE ECO#5_Udu I 1-6_B09	SWE	19	0.999875826982
SWE ECO#5_Udu I 2-1_G11	SWE	19	0.999878351783
SWE ECO#5_Udu I 2-10_H12	SWE	3	3.00413792812e-15
SWE ECO#5_Udu I 4-10_B05	SWE	6	0.00233768724925
SWE ECO#5_Zdr I 1-1_H03	SWE	19	0.999875826982
SWE ECO#5_Zdr I 1-23_D04	SWE	6	0.0015761065429
SWE ECO#5_Zdr I 1-24_E04	SWE	19	0.99987747446
SWE ECO#5_Zdr I 2-1_H04	SWE	3	7.42966224516e-15
SWE ECO#5_Zdr I 2-10_H05	SWE	19	0.999875826982
SWE ECO#5_Zdr I 2-19_E06	SWE	19	0.999875826982
SWE ECO#5_Zdr I 2-20_F06	SWE	4	1.31409707571e-08
SWE ECO#5_Zdr I 2-21_G06	SWE	19	0.999875826982
SWE ECO#5_Zdr I 2-22_H06	SWE	6	0.00282653951853
SWE ECO#5_Zdr I 2-24_B07	SWE	19	0.999876603695
SWE ECO#5_Zdr I 2-25_C07	SWE	6	0.00225318636413
SWE ECO#5_Zdr I 2-28_E07	SWE	19	0.999876755405
SWE ECO#5_Zdr I 2-32_A08	SWE	5	2.3702186459e-05
SWE ECO#5_Zdr I 2-35_C08	SWE	4	6.58910870069e-09
SWE ECO#5_Zdr I 2-36_D08	SWE	19	0.999877661486
SWE ECO#6_Ale 1-2_F01	SWE	1	1.71054180312e-30
SWE ECO#6_Bor 1_E01	SWE	19	0.999877705268
SWE ECO#6_Bor 10_D01	SWE	3	7.1117631534e-12
SWE ECO#6_Bor 7_D04	SWE	19	0.999875826982
SWE ECO#6_Dra IV 1-5_H05	SWE	19	0.999875826982
SWE ECO#6_Dra IV 1-7_G05	SWE	19	0.999876755405
SWE ECO#6_Dra IV 2-1_F05	SWE	4	1.07568590356e-08
SWE ECO#6_Dra IV 2-12_D05	SWE	19	0.999879948892
SWE ECO#6_Dra IV 3-1_C05	SWE	19	0.999877445701
SWE ECO#6_Dra IV 3-8_B05	SWE	19	0.999876755405
SWE ECO#6_Dra IV 5-2_H04	SWE	19	0.999878371313
SWE ECO#6_Dra IV 6-33_F04	SWE	19	0.999875826982
SWE ECO#6_Lis 3_E04	SWE	19	0.999876768429
SWE ECO#6_Tal 07_C01	SWE	19	0.999877705268
SWE ECO#6_Tom 05_B04	SWE	6	0.00230721050968
SWE ECO#6_Udu I 3-3_F10	SWE	4	5.05050879965e-07
SWE ECO#6_Udu I 3-31_F07	SWE	3	1.77708027034e-11
SWE ECO#6_Udu I 4-16_E06	SWE	19	0.999878866829
SWE ECO#6_Udu I 4-18_A03	SWE	19	0.999876755405
SWE ECO#6_Udu I 4-2_A07	SWE	19	0.999876755405
SWE ECO#6_Udu I 4-23_G02	SWE	19	0.999875826982
SWE ECO#6_Udu I 4-9_G06	SWE	5	3.00894282998e-05
SWE ECO#7_AEA_2_B09	SWE	4	5.0999069915e-07
SWE ECO#7_AEA_3_C09	SWE	6	0.00281056301234
SWE ECO#7_AEA_4_D09	SWE	19	0.999886264013
SWE ECO#7_AEA_5_E09	SWE	19	0.999884907671
SWE ECO#7_AEA_6_F09	SWE	6	0.00288952854209
SWE ECO#7_AEA_7_G09	SWE	19	0.999879545076
SWE ECO#7_AEA_8_H09	SWE	19	0.999879542129
SWE ECO#7_App 1-12_F01	SWE	6	0.002838647927
SWE ECO#7_App 1-14_G01	SWE	19	0.999876754467
SWE ECO#7_App 1-16_H01	SWE	19	0.999880988188
SWE ECO#7_Bil 3_H08	SWE	3	6.45251590706e-12
SWE ECO#7_Bor 15_F05	SWE	19	0.999876690408
SWE ECO#7_Bor 16_C01	SWE	19	0.999876755405
SWE ECO#7_Dra IV 5-19_H04	SWE	19	0.999885363462
SWE ECO#7_DraII-17_C03	SWE	19	0.999876755405
SWE ECO#7_DraII-2_G02	SWE	19	0.999875826982
SWE ECO#7_DraII-3_H02	SWE	6	0.00282185603921
SWE ECO#7_DraII-4_A03	SWE	6	0.00237321967499
SWE ECO#7_DraII-6_B03	SWE	6	0.00210143215004
SWE ECO#7_DraIV 3-2_B06	SWE	19	0.999877631203
SWE ECO#7_DraIV 5-1_F04	SWE	19	0.999876755405
SWE ECO#7_DraIV 5-12_G04	SWE	19	0.999881858409
SWE ECO#7_DraIV 6-12_C05	SWE	19	0.999879242819
SWE ECO#7_DraIV 6-18_C06	SWE	19	0.999877287068
SWE ECO#7_DraIV 6-26_D06	SWE	19	0.999886268364
SWE ECO#7_Duk_E02	SWE	19	0.999876730467
SWE ECO#7_E-215_F11	SWE	19	0.999875826982
SWE ECO#7_Eden 4_A02	SWE	3	8.51601780719e-13
SWE ECO#7_Eden-1_F02	SWE	19	0.999876603695
SWE ECO#7_Eds-1_D02	SWE	19	0.999876754467
SWE ECO#7_Fly 2-1_B08	SWE	19	0.999875826982
SWE ECO#7_Gro 8_A08	SWE	19	0.999878569224
SWE ECO#7_Hovdala2_D03	SWE	6	0.00271090856384
SWE ECO#7_Lov-19_B01	SWE	5	3.20069260904e-05
SWE ECO#7_Stu 1-1_D08	SWE	19	0.999875826982
SWE ECO#7_Udu I 4-17_H06	SWE	19	0.999876755405
SWE ECO#7_Udu I 4-4_E03	SWE	6	0.00235158678085
SWE ECO#7_Ull 2-13_G08	SWE	19	0.999884600924
SWE ECO#7_Zdr 19_A06	SWE	5	2.83163639008e-05
SWE ECO#7_Zdr I 2-11_G05	SWE	19	0.999877682891
SWE Plate#3_Ba 5-6_E08	SWE	19	0.999875833225
SWE Plate#3_Boo 2-3_F07	SWE	19	0.999875777802
SWE Plate#3_Bor 12_A11	SWE	19	0.999874894918
SWE Plate#3_Bor 17_B11	SWE	2	4.67256206469e-26
SWE Plate#3_Dra 10_C06	SWE	19	0.999876280911
SWE Plate#3_Dra 1-4_G08	SWE	19	0.999876613076
SWE Plate#3_Dra 2-1_A09	SWE	19	0.99987567163
SWE Plate#3_Dra 3-9_C09	SWE	6	0.00230712325649
SWE Plate#3_DraII-13_B12	SWE	5	3.08389007034e-05
SWE Plate#3_DraII-8_A12	SWE	19	0.999875800997
SWE Plate#3_DraIII-17_A10	SWE	19	0.999875822402
SWE Plate#3_DraIII-8_E12	SWE	19	0.999875800997
SWE Plate#3_Eden 13_B04	SWE	6	0.00272083327433
SWE Plate#3_Eden 5_F03	SWE	19	0.999875822402
SWE Plate#3_Eden 6_G03	SWE	6	0.0027464704519
SWE Plate#3_Eden 7_H03	SWE	19	0.999876700927
SWE Plate#3_Eden 9_A04	SWE	19	0.999875822402
SWE Plate#3_Eds 9_D04	SWE	19	0.999877171786
SWE Plate#3_Fja 1-2_C08	SWE	4	1.68979788192e-08
SWE Plate#3_Fja 2-4_D08	SWE	19	0.999874894918
SWE Plate#3_Fly 2-2_F06	SWE	19	0.999874894918
SWE Plate#3_Gron 5_C03	SWE	19	0.999875822402
SWE Plate#3_Hov 1-10_B07	SWE	19	0.999876598404
SWE Plate#3_Hov 1-7_A07	SWE	6	0.00230424158079
SWE Plate#3_Hov 3-2_C07	SWE	19	0.999875831411
SWE Plate#3_Hov 3-3_D07	SWE	19	0.999876607414
SWE Plate#3_Hov 3-5_E07	SWE	6	0.00224882159512
SWE Plate#3_Kni-1_D09	SWE	6	0.00231881710168
SWE Plate#3_Lov 1_C01	SWE	19	0.999875822402
SWE Plate#3_Nyl 1_H04	SWE	19	0.999874894918
SWE Plate#3_Nyl 7_F05	SWE	19	0.999874894918
SWE Plate#3_Omn-1_F04	SWE	19	0.999876640124
SWE Plate#3_Omn-5_G04	SWE	19	0.999875822402
SWE Plate#3_Or 3_G09	SWE	19	0.999875839158
SWE Plate#3_Rev-2_G06	SWE	19	0.999876428781
SWE Plate#3_Rev-3_H06	SWE	19	0.999876563833
SWE Plate#3_Sr:3_B10	SWE	6	0.00230712325649
SWE Plate#3_Stu 2-1_E09	SWE	6	0.00190233361722
SWE Plate#3_Tottarp 2_H09	SWE	6	0.00283603993216
SWE Plate#3_Udu 12_F11	SWE	19	0.999875822402
SWE Plate#3_Udu 18_H11	SWE	19	0.999876145633
SWE Plate#3_Ull 1-10_H07	SWE	6	0.00281119081584
SWE Plate#3_Ull 2-7_A08	SWE	19	0.999874894918
SWE Plate#3_Ull 3-4_B08	SWE	6	0.00230729487954
SWE Plate#3_Zdr-13_D10	SWE	19	0.999875822402
SWE Plate#3_Zdr-16_F12	SWE	19	0.999884923225
SWE#4_Dra 3-3_F06	SW	19	0.999874894918
SWE#4_Dra IV 1-1_C02	SW	19	0.999875844779
SWE#4_Dra IV 1-11_H02	SW	4	1.00485845662e-08
SWE#4_Dra IV 1-12_A03	SW	19	0.999875831411
SWE#4_Dra IV 1-13_B03	SW	19	0.999874894918
SWE#4_Dra IV 1-14_C03	SW	19	0.999875585213
SWE#4_Dra IV 1-15_D03	SW	19	0.999875844779
SWE#4_Dra IV 1-16_E03	SW	19	0.999874894918
SWE#4_Dra IV 1-6_D02	SW	19	0.999875800997
SWE#4_Dra IV 1-8_E02	SW	19	0.999875426579
SWE#4_Dra IV 1-9_F02	SW	19	0.999875826982
SWE#4_Dra IV 2-10_E04	SW	3	6.98185737616e-17
SWE#4_Dra IV 2-11_F04	SW	19	0.999875844779
SWE#4_Dra IV 2-13_G04	SW	19	0.999880948048
SWE#4_Dra IV 2-16_A05	SW	19	0.999874894918
SWE#4_Dra IV 2-17_B05	SW	2	9.37903478894e-27
SWE#4_Dra IV 2-2_F03	SW	19	0.999875844779
SWE#4_Dra IV 2-3_G03	SW	19	0.99987579383
SWE#4_Dra IV 2-4_H03	SW	2	1.0751355001e-19
SWE#4_Dra IV 2-6_A04	SW	4	5.75123141305e-07
SWE#4_Dra IV 2-7_B04	SW	4	1.18701395579e-08
SWE#4_Dra IV 2-8_C04	SW	19	0.999875585213
SWE#4_Dra IV 3-10_C07	SW	4	4.88426887541e-07
SWE#4_Dra IV 3-12_E07	SW	1	1.68195189823e-30
SWE#4_Dra IV 3-13_F07	SW	19	0.999874894918
SWE#4_Dra IV 3-15_G07	SW	19	0.999874894918
SWE#4_Dra IV 3-16_H07	SW	4	3.17228833383e-07
SWE#4_Dra IV 3-4_D05	SW	19	0.999874894918
SWE#4_Dra IV 3-5_E05	SW	19	0.999876330063
SWE#4_Dra IV 3-6_H06	SW	19	0.999876632287
SWE#4_Dra IV 3-7_A07	SW	19	0.999874894918
SWE#4_Dra IV 3-9_B07	SW	19	0.999877678719
SWE#4_Dra IV 4-1_B08	SW	19	0.999875844779
SWE#4_Dra IV 4-3_D08	SW	19	0.999876363073
SWE#4_Dra IV 4-6_F08	SW	6	0.00264379817739
SWE#4_Dra IV 5-10_G09	SW	19	0.999876728481
SWE#4_Dra IV 5-15_B10	SW	19	0.999874894918
SWE#4_Dra IV 5-16_C10	SW	6	0.00187553686056
SWE#4_Dra IV 5-18_E10	SW	19	0.999876358644
SWE#4_Dra IV 5-22_H10	SW	5	3.33853986188e-05
SWE#4_Dra IV 5-24_B11	SW	4	1.07514768502e-08
SWE#4_Dra IV 5-27_C11	SW	19	0.99987578438
SWE#4_Dra IV 5-28_D11	SW	6	0.00258658675723
SWE#4_Dra IV 5-3_B09	SW	19	0.999875585213
SWE#4_Dra IV 5-30_F11	SW	4	3.29156330249e-07
SWE#4_Dra IV 5-31_G11	SW	19	0.999875426579
SWE#4_Dra IV 5-32_H11	SW	6	0.00230754955843
SWE#4_Dra IV 5-35_B12	SW	2	6.04324694402e-23
SWE#4_Dra IV 5-4_C09	SW	19	0.999874894918
SWE#4_Dra IV 5-7_E09	SW	6	0.00281119081584
SWE#4_Dra IV 5-8_F09	SW	19	0.999875800997
SWE#4_Dra IV 6-1_C12	SW	4	1.2060124705e-08
SWE#4_Dra IV 6-5_G12	SW	19	0.999874894918
SWE#4_DraII-7_G06	SW	5	4.64860357824e-05
SWE#4_DraIV 4-2_C08	SW	4	4.91147293626e-07
SWE#4_Fja 1-5_B06	SW	19	0.999874894918
SWE#4_Fja 2-6_C06	SW	19	0.999874894918
SWE#4_Omo 1-5_D06	SW	6	0.00187553686056
SWE#4_T450_C01	SW	19	0.999877459744
SWE#4_T540_E01	SW	6	0.00299284461463
SWE#4_T550_F01	SW	19	0.99987579383
SWE#4_T610_G01	SW	19	0.999874894918
SWE#4_T630_H01	SW	19	0.999875831411
SWE#4_T860_A02	SW	5	3.11047837448e-05
SWE#4_T880_B02	SW	19	0.999874894918
SWE#4_TDr-19_A06	SW	3	6.49705943446e-12
SWE#4_TNY 04_F05	SW	19	0.999877715878
SWE#4_TV-37_B01	SW	19	0.999876599114
UK2006_2_UKKT06227_H01	UK	19	0.999877624097
UK2006_2_UKKT06231_B02	UK	3	8.91786424761e-18
UK2006_2_UKKT06239_A03	UK	3	1.353412258e-11
UK2006_2_UKKT06246_G03	UK	1	2.73737688383e-28
UK2006_2_UKKT06252_E04	UK	2	8.08773887129e-19
UK2006_2_UKKT06253_F04	UK	2	8.81379134293e-23
UK2006_2_UKKT06254_G04	UK	2	4.54405057885e-19
UK2006_2_UKKT06272_H05	UK	19	0.999877617893
UK2006_2_UKKT06274_A06	UK	19	0.999879501448
UK2006_2_UKKT06275_B06	UK	2	5.06954888103e-29
UK2006_2_UKKT06278_E06	UK	19	0.999878572356
UK2006_2_UKKT06291_A07	UK	19	0.999880343437
UK2006_2_UKKT06304_G07	UK	6	0.00275388221671
UK2006_2_UKKT06309_C08	UK	19	0.999879193278
UK2006_2_UKKT06311_E08	UK	19	0.999878443023
UK2006_2_UKKT06313_G08	UK	6	0.00273825904985
UK2006_2_UKKT06314_H08	UK	19	0.999880429874
UK2006_2_UKKT06325_G09	UK	19	0.999881247413
UK2006_2_UKKT06339_A10	UK	19	0.999877624097
UK2006_2_UKKT06348_E10	UK	6	0.00239667511596
UK2006_2_UKKT06351_G10	UK	6	0.0027988650773
UK2006_2_UKKT06362_C11	UK	6	0.00162452150731
UK2006_2_UKKT06363_D11	UK	19	0.999881114904
UK2006_2_UKKT06364_E11	UK	19	0.999882068011
UK2006_2_UKKT06365_F11	UK	6	0.00279487969778
UK2006_2_UKKT06376_H12	UK	19	0.999909598415
UK2006_3_UKKT06388_E01	UK	19	0.999876754467
UK2006_3_UKKT06404_F02	UK	19	0.999876754467
UK2006_3_UKKT06406_G02	UK	19	0.999876778261
UK2006_3_UKKT06411_D03	UK	19	0.999876776844
UK2006_3_UKKT06413_F03	UK	19	0.999879284114
UK2006_3_UKKT06426_A04	UK	19	0.999906713376
UK2006_3_UKKT06428_C04	UK	4	8.20739456782e-07
UK2006_3_UKKT06429_D04	UK	6	0.00267709278382
UK2006_3_UKKT06432_G04	UK	19	0.999875826982
UK2006_3_UKKT06433_H04	UK	2	1.10188304812e-24
UK2006_3_UKKT06437_B05	UK	6	0.00269377186787
UK2006_3_UKKT06438_C05	UK	6	0.00269758083184
UK2006_3_UKKT06440_E05	UK	3	3.62332502402e-14
UK2006_3_UKKT06452_D06	UK	3	1.12160490069e-17
UK2006_3_UKKT06453_E06	UK	19	0.999876776844
UK2006_3_UKKT06462_A07	UK	4	1.25297109554e-06
UK2006_3_UKKT06464_C07	UK	6	0.00265622796686
UK2006_3_UKKT06465_D07	UK	3	1.0038259922e-12
UK2006_3_UKKT06466_E07	UK	19	0.999908384723
UK2006_3_UKKT06467_F07	UK	19	0.999876776844
UK2006_3_UKKT06470_A08	UK	19	0.999877512557
UK2006_3_UKKT06472_C08	UK	2	3.04306652293e-22
UK2006_3_UKKT06484_D09	UK	19	0.999877705268
UK2006_3_UKKT06493_F09	UK	19	0.999876754467
UK2006_3_UKKT06500_H09	UK	19	0.999877476838
UK2006_3_UKKT06503_C10	UK	19	0.999877728124
UK2006_3_UKKT06513_H10	UK	19	0.999876776844
UK2006_3_UKKT06514_A11	UK	19	0.999877552848
UK2006_3_UKKT06520_C11	UK	19	0.999878650928
UK2006_3_UKKT06522_E11	UK	19	0.999882960932
UK2006_3_UKKT06528_B12	UK	19	0.999876771223
UK2006_3_UKKT06530_D12	UK	19	0.999876755405
UK2006_3_UKKT06533_G12	UK	19	0.999877705268
UK2006_4_UKKT06542_C01	UK	19	0.99987928887
UK2006_4_UKKT06543_D01	UK	19	0.999876603695
UK2006_4_UKKT06551_A02	UK	19	0.999876776844
UK2006_4_UKKT06556_C02	UK	6	0.00283909742576
UK2006_4_UKKT06567_C03	UK	19	0.999876712803
UK2006_4_UKKT06575_A04	UK	4	6.12035167095e-07
UK2006_4_UKKT06579_B04	UK	19	0.999878594733
UK2006_4_UKKT06591_B05	UK	19	0.999878365365
UK2006_4_UKKT06592_C05	UK	6	0.00271738343748
UK2006_4_UKKT06597_G05	UK	2	1.56007524201e-23
UK2006_4_UKKT06599_A06	UK	19	0.999875826982
UK2006_4_UKKT06618_G06	UK	19	0.999876776844
UK2006_4_UKKT06622_A07	UK	19	0.999876768429
UK2006_4_UKKT06625_D07	UK	19	0.999877437878
UK2006_4_UKKT06627_F07	UK	19	0.999878575377
UK2006_4_UKKT06628_G07	UK	19	0.999876754467
UK2006_4_UKKT06630_H07	UK	19	0.99987770433
UK2006_4_UKKT06638_A08	UK	6	0.00224873936343
UK2006_4_UKKT06639_B08	UK	2	3.32921544919e-19
UK2006_4_UKKT06640_C08	UK	19	0.999878423461
UK2006_4_UKLD06019_G09	UK	6	0.0036925256965
UK2006_4_UKLD06028_B10	UK	19	0.999878594733
UK2006_4_UKLD06029_C10	UK	19	0.999877666308
UK2006_4_UKLD06035_F10	UK	19	0.999877644869
UK2006_4_UKLD06045_A11	UK	19	0.99987959096
UK2006_4_UKLD06055_E11	UK	19	0.999878617589
UK2006_4_UKLD06060_G11	UK	19	0.999878611968
UK2006_4_UKLD06067_H11	UK	19	0.999881408577
UK2006_4_UKLD06078_B12	UK	19	0.999875826982
UK2006_4_UKLD06081_E12	UK	19	0.999876755405
UK2006_Plate#10_UKCW06262_F03	UK	3	8.78165498573e-15
UK2006_Plate#10_UKCW06272_H04	UK	5	3.83998467538e-05
UK2006_Plate#10_UKCW06280_E05	UK	3	1.63829673832e-14
UK2006_Plate#10_UKCW06284_A06	UK	19	0.999905662513
UK2006_Plate#10_UKCW06289_E06	UK	6	0.0029708033125
UK2006_Plate#10_UKCW06295_C07	UK	19	0.999900350284
UK2006_Plate#10_UKCW06302_E07	UK	19	0.999902897936
UK2006_Plate#10_UKCW06311_C08	UK	19	0.999910969082
UK2006_Plate#10_UKCW06316_H08	UK	19	0.999902897936
UK2006_Plate#10_UKCW06319_C09	UK	19	0.999903795182
UK2006_Plate#10_UKCW06329_E10	UK	19	0.999900365507
UK2006_Plate#10_UKCW06333_A11	UK	19	0.999902766995
UK2006_Plate#10_UKCW06336_D11	UK	19	0.999902718244
UK2006_Plate#6_UKLD06282_D01	UK	19	0.999876716446
UK2006_Plate#6_UKLD06321_C03	UK	19	0.999878617589
UK2006_Plate#6_UKLD06355_F04	UK	19	0.999877666308
UK2006_Plate#6_UKLD06356_G04	UK	19	0.999877667725
UK2006_Plate#6_UKLD06358_A05	UK	19	0.999877473597
UK2006_Plate#6_UKLD06362_E05	UK	6	0.00234240376155
UK2006_Plate#6_UKLD06383_C07	UK	19	0.999877666308
UK2006_Plate#6_UKLD06406_B09	UK	19	0.999878594733
UK2006_Plate#6_UKLD06413_H09	UK	19	0.999878521318
UK2006_Plate#6_UKLD06414_A10	UK	19	0.999877667725
UK2006_Plate#6_UKLD06418_E10	UK	19	0.999876735659
UK2006_Plate#6_UKLD06425_C11	UK	19	0.999881266037
UK2006_Plate#6_UKLD06430_H11	UK	19	0.999877643931
UK2006_Plate#6_UKLD06431_A12	UK	19	0.999879539455
UK2006_Plate#6_UKLD06436_E12	UK	6	0.00288732952965
UK2006_Plate#7_UKCW06001_G12	UK	19	0.999879539455
UK2006_Plate#7_UKLD06445_D01	UK	19	0.999880267449
UK2006_Plate#7_UKLD06452_C02	UK	19	0.999879545076
UK2006_Plate#7_UKLD06485_F05	UK	19	0.999879351886
UK2006_Plate#7_UKLD99010_B08	UK	19	0.999878613008
UK2006_Plate#7_UKLD99023_H08	UK	19	0.999877667725
UK2006_Plate#7_UKLD99053_E10	UK	19	0.999880292847
UK2006_Plate#8_UKCW06025_G02	UK	19	0.999902003286
UK2006_Plate#8_UKCW06041_C04	UK	19	0.999901781407
UK2006_Plate#8_UKCW06047_A05	UK	19	0.999921695879
UK2006_Plate#8_UKCW06049_C05	UK	19	0.999904416992
UK2006_Plate#8_UKCW06057_H05	UK	19	0.999902751876
UK2006_Plate#8_UKCW06070_E07	UK	19	0.99990291096
UK2006_Plate#8_UKCW06078_E08	UK	6	0.00286237528367
UK2006_Plate#8_UKCW06094_E10	UK	19	0.999895759833
UK2006_Plate#8_UKCW06118_G12	UK	19	0.999903127875
UK2006_Plate#8_UKCW06119_H12	UK	4	3.06284480531e-08
