ecotype_id	ecotype_id	AtMSQTsnp 2	AtMSQTsnp 4	AtMSQTsnp 8	AtMSQTsnp 9	AtMSQTsnp 10	AtMSQTsnp 11	AtMSQTsnp 12	AtMSQTsnp 14	AtMSQTsnp 15	AtMSQTsnp 18	AtMSQTsnp 21	AtMSQTsnp 22	AtMSQTsnp 27	AtMSQTsnp 29	AtMSQTsnp 30	AtMSQTsnp 31	AtMSQTsnp 33	AtMSQTsnp 38	AtMSQTsnp 40	AtMSQTsnp 41	AtMSQTsnp 47	AtMSQTsnp 48	AtMSQTsnp 49	AtMSQTsnp 53	AtMSQTsnp 54	AtMSQTsnp 57	AtMSQTsnp 58	AtMSQTsnp 60	AtMSQTsnp 61	AtMSQTsnp 62	AtMSQTsnp 63	AtMSQTsnp 65	AtMSQTsnp 67	AtMSQTsnp 69	AtMSQTsnp 73	AtMSQTsnp 76	AtMSQTsnp 85	AtMSQTsnp 87	AtMSQTsnp 88	AtMSQTsnp 90	AtMSQTsnp 91	AtMSQTsnp 92	AtMSQTsnp 97	AtMSQTsnp 100	AtMSQTsnp 101	AtMSQTsnp 104	AtMSQTsnp 108	AtMSQTsnp 114	AtMSQTsnp 118	AtMSQTsnp 123	AtMSQTsnp 126	AtMSQTsnp 128	AtMSQTsnp 129	AtMSQTsnp 130	AtMSQTsnp 132	AtMSQTsnp 138	AtMSQTsnp 140	AtMSQTsnp 142	AtMSQTsnp 143	AtMSQTsnp 145	AtMSQTsnp 146	AtMSQTsnp 155	AtMSQTsnp 156	AtMSQTsnp 159	AtMSQTsnp 164	AtMSQTsnp 169	AtMSQTsnp 170	AtMSQTsnp 173	AtMSQTsnp 174	AtMSQTsnp 177	AtMSQTsnp 184	AtMSQTsnp 186	AtMSQTsnp 187	AtMSQTsnp 188	AtMSQTsnp 189	AtMSQTsnp 191	AtMSQTsnp 194	AtMSQTsnp 197	AtMSQTsnp 198	AtMSQTsnp 203	AtMSQTsnp 205	AtMSQTsnp 214	AtMSQTsnp 220	AtMSQTsnp 222	AtMSQTsnp 223	AtMSQTsnp 231	AtMSQTsnp 232	AtMSQTsnp 235	AtMSQTsnp 237	AtMSQTsnp 242	AtMSQTsnp 244	AtMSQTsnp 249	AtMSQTsnp 254	AtMSQTsnp 260	AtMSQTsnp 263	AtMSQTsnp 266	AtMSQTsnp 267	AtMSQTsnp 274	AtMSQTsnp 278	AtMSQTsnp 279	AtMSQTsnp 281	AtMSQTsnp 282	AtMSQTsnp 285	AtMSQTsnp 286	AtMSQTsnp 288	AtMSQTsnp 292	AtMSQTsnp 294	AtMSQTsnp 300	AtMSQTsnp 304	AtMSQTsnp 306	AtMSQTsnp 307	AtMSQTsnp 310	AtMSQTsnp 312	AtMSQTsnp 315	AtMSQTsnp 321	AtMSQTsnp 323	AtMSQTsnp 325	AtMSQTsnp 327	AtMSQTsnp 331	AtMSQTsnp 334	AtMSQTsnp 343	AtMSQTsnp 350	AtMSQTsnp 351	AtMSQTsnp 355	AtMSQTsnp 358	AtMSQTsnp 359	AtMSQTsnp 360	AtMSQTsnp 361	AtMSQTsnp 368	AtMSQTsnp 370	AtMSQTsnp 372	AtMSQTsnp 373	AtMSQTsnp 378	AtMSQTsnp 379	AtMSQTsnp 388	AtMSQTsnp 390	AtMSQTsnp 392	AtMSQTsnp 394	AtMSQTsnp 395	AtMSQTsnp 397	AtMSQTsnp 398	AtMSQTsnp 399	AtMSQTsnp 404	AtMSQTsnp 406	AtMSQTsnp 408	AtMSQTsnp 409	AtMSQTsnp 410	AtMSQTsnp 412	AtMSQTsnp 415
(7000L, 1)	(7000L, 1)	1	1	1	3	1	4	3	4	2	2	2	1	1	4	2	3	0	2	3	2	1	2	4	4	1	2	2	1	4	1	1	1	1	4	4	4	1	2	3	4	3	3	2	3	1	2	3	3	3	1	3	3	1	4	4	9	1	4	1	4	3	3	4	4	1	3	1	3	1	1	4	1	1	2	1	1	1	1	4	1	4	1	3	4	3	3	5	3	4	2	3	1	2	1	4	3	4	4	3	4	4	4	4	3	3	4	3	1	2	3	4	2	4	1	1	3	2	0	2	4	4	3	3	3	3	3	3	3	1	1	3	3	2	3	2	2	3	1	1	4	2	1	2	3	1	4	1	1	3
(6986L, 1)	(6986L, 1)	3	2	1	4	1	4	3	4	4	2	2	3	1	4	4	3	0	2	3	2	1	4	2	4	3	4	2	1	2	1	2	3	3	4	2	2	1	4	3	4	1	1	2	3	3	2	1	1	3	3	3	3	3	4	4	0	1	2	2	2	3	3	4	2	2	4	2	1	3	3	4	1	1	2	3	1	4	3	2	4	2	0	1	4	3	1	2	3	4	2	3	1	1	2	4	3	9	3	3	2	2	1	4	2	3	4	3	3	4	2	1	2	4	4	2	1	4	3	2	4	2	1	1	3	1	4	4	1	3	3	3	3	2	1	2	2	3	3	1	4	0	1	4	1	1	0	3	1	1
(8251L, 1)	(8251L, 1)	3	2	3	3	3	4	3	4	2	2	0	3	0	1	0	4	0	1	2	2	0	4	2	2	1	4	0	0	0	1	2	3	0	3	2	4	1	2	1	4	0	0	2	3	1	4	1	3	1	1	0	3	0	4	4	2	1	4	2	2	0	0	0	4	0	3	0	3	1	3	0	0	1	2	0	1	4	1	4	4	0	1	3	3	1	0	1	0	2	2	1	1	1	2	4	3	2	3	1	4	4	4	4	0	1	2	4	1	2	2	4	2	4	4	2	1	2	0	0	2	2	3	1	4	1	3	0	1	0	3	0	3	3	3	2	2	0	3	1	4	3	3	2	0	1	4	3	1	1
(6987L, 1)	(6987L, 1)	3	2	1	3	3	4	1	4	4	2	2	3	3	4	2	4	0	1	2	4	1	2	4	2	1	4	2	4	0	1	2	1	1	3	4	4	1	2	3	4	1	1	3	3	1	2	3	3	3	3	3	3	3	2	4	4	1	4	2	2	3	1	2	4	1	3	2	1	1	3	4	4	1	2	3	2	4	1	4	1	4	1	3	4	3	3	0	1	2	4	1	1	1	2	2	3	9	3	3	4	9	4	4	3	1	4	3	3	4	3	4	2	2	4	2	1	2	3	2	2	2	1	1	4	3	3	4	3	3	1	1	3	2	3	2	2	1	3	1	4	2	1	2	3	3	2	1	1	3
(8252L, 1)	(8252L, 1)	3	1	3	0	3	4	3	4	4	3	4	3	0	1	0	3	0	1	3	2	0	4	4	4	1	4	0	0	0	1	2	3	0	3	4	4	1	2	1	4	0	0	2	3	3	4	0	1	1	1	3	3	0	4	4	0	2	2	1	4	0	0	0	4	0	3	0	1	3	1	0	0	4	4	0	1	4	1	4	1	0	3	3	3	1	0	1	0	2	2	1	1	2	1	4	4	0	4	3	4	2	1	4	0	3	4	4	1	0	3	1	2	4	4	2	1	2	4	0	2	2	3	0	4	3	4	4	1	0	3	1	3	2	1	1	2	0	3	3	3	3	3	2	0	3	4	3	1	3
(8253L, 1)	(8253L, 1)	1	1	3	4	3	2	1	4	4	2	0	1	0	1	0	4	0	1	2	0	0	2	2	2	3	4	0	0	0	1	1	1	0	4	4	4	1	0	3	2	0	0	3	1	3	2	1	1	3	1	3	3	0	2	4	2	2	4	1	4	0	0	0	2	0	3	0	1	3	3	0	0	1	4	0	1	4	1	4	1	0	1	3	4	3	0	2	0	0	2	1	1	2	1	4	4	0	3	3	4	4	4	4	0	1	4	4	1	4	3	4	2	4	1	1	3	2	0	0	2	4	3	1	3	1	4	0	1	0	1	0	1	2	1	2	2	0	1	1	4	2	1	4	0	1	2	3	4	3
(8254L, 1)	(8254L, 1)	3	2	1	4	3	2	3	1	4	2	2	3	0	4	0	3	0	2	2	2	0	2	4	4	1	4	0	0	2	1	1	3	0	4	2	2	1	2	3	2	0	0	3	3	3	2	3	3	1	3	3	3	0	4	4	4	2	2	2	2	0	0	0	2	0	4	0	1	3	3	0	0	1	2	0	1	4	1	4	4	0	3	1	3	3	1	2	0	2	2	3	1	1	2	4	4	2	3	3	2	4	4	2	0	3	2	3	1	4	2	4	2	4	1	2	3	2	4	0	4	2	1	1	3	1	4	0	1	0	1	1	3	3	3	2	2	0	3	1	4	3	1	4	0	1	2	1	1	1
(7014L, 1)	(7014L, 1)	3	1	1	4	3	4	3	1	2	3	2	1	1	1	2	4	0	1	2	4	1	2	2	4	1	4	2	1	2	1	2	1	3	4	4	2	4	4	3	4	3	3	3	3	3	2	1	3	3	1	1	3	1	4	2	4	1	4	2	4	3	3	4	4	1	3	1	1	1	3	4	4	4	2	1	1	4	1	4	1	2	1	3	3	3	1	2	3	2	2	1	1	1	1	4	3	9	3	1	4	4	4	2	2	1	4	3	1	4	2	1	2	4	1	2	3	4	0	3	2	4	3	3	4	3	3	4	1	1	3	3	1	3	1	2	2	3	1	1	3	3	3	4	1	3	2	1	1	3
(8256L, 1)	(8256L, 1)	1	1	1	3	1	4	3	4	2	2	4	3	0	4	0	4	0	1	2	4	0	2	2	4	1	4	0	0	4	1	1	3	0	3	2	2	1	4	1	4	0	0	2	3	1	2	3	1	3	3	3	3	0	4	4	4	1	2	1	4	1	0	0	2	0	3	0	1	1	3	0	0	4	2	0	2	4	1	4	1	0	3	3	4	1	3	1	0	2	2	3	1	1	2	4	3	0	3	3	2	4	4	4	0	3	2	4	1	4	3	4	1	2	4	2	3	2	3	0	2	4	1	3	4	3	3	0	3	0	3	0	3	2	3	2	2	0	1	3	3	3	3	2	0	3	4	1	1	3
(8257L, 1)	(8257L, 1)	1	2	1	4	3	4	3	4	2	2	4	1	0	4	0	3	0	1	3	2	0	2	2	4	1	4	0	0	2	1	2	1	0	4	4	4	1	2	3	4	0	0	2	3	3	4	3	3	1	1	3	4	0	4	4	4	1	2	2	2	1	0	0	4	0	3	0	1	1	3	0	0	1	2	0	2	1	1	4	4	0	3	3	4	3	3	1	0	2	4	1	1	2	2	4	3	2	3	3	2	4	4	4	0	3	4	3	3	2	3	4	1	2	4	2	1	2	4	0	2	2	3	3	4	3	4	4	1	0	3	0	3	3	3	2	4	0	3	1	3	2	1	2	0	3	2	3	1	1
(8258L, 1)	(8258L, 1)	1	1	1	3	1	4	3	4	2	2	2	1	0	4	0	4	0	1	2	4	0	2	2	2	3	4	0	0	4	3	1	1	0	3	4	4	1	2	1	4	0	0	2	1	3	4	3	3	1	1	3	4	0	4	4	2	1	4	1	2	1	0	0	4	0	3	0	1	1	3	0	0	1	2	0	2	1	1	4	4	0	3	3	4	1	3	2	0	0	2	3	1	1	2	4	4	2	3	3	2	4	4	2	0	3	4	3	1	4	3	4	1	2	4	2	3	2	3	0	2	2	3	3	4	3	3	4	1	0	3	0	3	3	3	2	2	0	1	1	3	3	1	2	0	3	4	1	1	3
(8259L, 1)	(8259L, 1)	1	1	1	3	1	4	3	4	2	2	2	1	0	4	0	4	0	1	2	4	0	2	2	2	3	4	0	0	4	3	1	1	0	3	4	4	1	2	1	4	0	0	2	1	3	0	3	3	1	1	3	4	0	4	4	9	1	4	1	2	1	0	0	4	0	3	0	1	1	3	0	0	1	2	0	2	1	1	4	4	0	3	3	4	1	3	2	0	0	2	3	1	1	2	4	4	2	3	3	2	4	4	2	0	3	4	3	1	4	3	4	1	2	4	2	3	2	3	0	2	2	3	3	4	3	3	0	1	0	3	0	3	3	3	2	2	0	1	1	3	3	1	2	0	3	4	1	1	3
(8260L, 1)	(8260L, 1)	3	1	1	3	3	4	3	1	2	2	2	1	0	4	0	4	0	1	2	4	0	2	2	2	3	4	0	0	0	1	2	1	0	4	4	4	4	2	3	2	0	0	2	3	1	2	3	3	1	1	3	3	0	4	2	4	1	4	1	4	0	0	0	4	0	4	0	3	3	3	0	0	1	2	0	1	1	1	4	1	0	3	3	4	3	0	0	0	0	2	1	1	2	2	2	4	2	3	1	2	4	4	4	0	3	2	3	1	2	2	4	1	4	1	1	1	4	0	0	2	4	1	3	4	1	4	0	1	0	3	1	3	3	1	0	4	0	1	1	4	3	1	2	0	1	2	1	1	1
(8261L, 1)	(8261L, 1)	1	1	1	4	3	2	3	1	4	2	2	3	0	4	0	3	0	2	2	4	0	4	2	4	3	4	0	0	2	1	2	3	0	4	2	4	1	0	3	4	0	0	3	3	3	4	1	1	3	3	3	3	0	4	4	0	1	2	2	2	0	0	0	2	0	4	0	1	1	3	0	0	1	4	3	1	1	3	2	4	0	3	3	3	3	1	1	0	2	4	3	1	2	2	4	3	0	4	3	4	2	4	2	0	3	2	3	1	4	2	1	1	2	4	2	3	2	3	0	4	2	1	1	3	3	4	0	1	0	3	0	3	3	3	1	2	0	3	3	3	3	3	2	0	1	2	1	1	1
(8262L, 1)	(8262L, 1)	1	1	1	3	1	4	1	4	2	3	4	3	0	4	0	4	0	2	3	4	0	2	4	2	1	2	0	0	4	3	1	1	0	3	4	4	4	2	3	2	0	0	2	3	3	4	3	3	1	1	3	3	0	4	4	4	1	2	2	4	1	0	0	2	0	4	0	3	3	1	0	0	4	4	0	2	1	3	4	1	0	3	1	4	1	3	1	0	2	2	1	3	1	1	2	4	0	3	0	4	4	1	4	0	1	4	3	3	4	3	1	1	4	1	2	1	2	3	0	4	2	3	3	4	1	4	0	1	0	0	1	3	3	1	2	2	0	3	1	3	3	1	2	0	1	4	1	4	3
(8263L, 1)	(8263L, 1)	1	1	1	3	1	4	1	4	2	3	4	3	0	4	0	4	0	2	3	4	0	2	4	2	1	2	0	0	4	3	1	1	0	3	4	4	4	2	3	2	0	0	2	3	3	4	3	3	1	1	3	3	0	4	4	4	1	2	2	4	1	0	0	2	0	4	0	3	3	1	0	0	4	4	0	2	1	3	4	1	0	3	1	4	1	3	1	0	2	2	1	3	1	1	2	4	0	3	1	4	4	1	4	0	1	4	3	3	4	3	1	1	4	1	2	1	2	3	0	4	2	3	3	4	1	4	0	1	0	3	1	3	3	1	2	2	0	3	1	3	3	1	2	0	1	4	1	4	3
(7025L, 1)	(7025L, 1)	3	1	3	4	3	2	3	4	4	2	2	1	3	1	2	4	0	1	3	4	1	2	4	2	3	2	2	1	2	1	2	1	3	4	2	2	4	2	3	2	3	3	3	3	3	4	1	1	3	3	1	3	3	4	2	2	1	2	1	2	0	3	4	4	2	3	1	1	1	3	4	4	4	2	3	2	4	1	4	4	2	3	3	4	3	3	5	1	2	4	1	1	1	2	2	4	4	4	1	2	4	1	4	2	1	2	3	1	4	2	1	1	2	4	2	1	2	0	3	2	2	3	1	4	1	3	3	3	3	1	3	3	2	3	2	2	3	1	3	4	2	1	4	1	3	2	3	4	3
(8264L, 1)	(8264L, 1)	1	2	3	3	3	4	3	4	4	3	4	3	0	4	0	3	0	1	3	4	0	2	4	2	3	4	0	0	2	1	2	1	0	3	2	2	1	2	3	4	0	0	3	1	1	4	1	1	1	1	3	3	0	2	2	9	2	4	2	2	1	0	0	2	0	3	0	3	3	3	0	0	4	4	0	2	4	1	4	1	0	3	3	4	3	1	1	0	0	2	1	1	2	1	4	3	2	4	1	4	2	4	2	0	3	4	3	3	4	2	1	1	2	4	2	1	2	4	0	2	2	1	3	3	1	3	0	3	0	3	0	1	3	1	1	2	0	3	1	4	3	3	2	0	1	4	3	1	1
(7016L, 1)	(7016L, 1)	1	1	3	4	1	4	1	4	4	2	4	3	3	1	2	4	0	1	2	4	1	2	4	4	3	4	3	1	0	1	2	1	1	4	0	2	1	2	3	2	1	1	3	3	3	4	1	1	1	1	3	3	1	2	2	2	2	4	2	2	1	1	2	4	1	3	2	3	3	3	1	1	4	9	3	2	4	1	4	1	2	1	3	4	3	1	5	3	2	2	1	1	2	1	4	3	2	4	3	4	2	4	2	2	3	4	3	3	4	2	4	1	2	4	2	1	4	4	3	2	2	1	3	3	1	3	0	3	3	3	3	1	2	1	1	2	1	3	1	4	3	3	2	1	3	4	3	1	1
(8265L, 1)	(8265L, 1)	3	2	1	4	3	4	1	1	2	2	4	1	0	1	0	4	0	1	2	0	0	4	4	4	1	4	0	0	2	1	2	1	0	3	4	4	1	2	3	2	0	0	3	3	3	2	3	3	1	1	3	3	0	2	4	4	2	2	1	4	3	0	0	4	0	3	0	3	3	3	0	0	4	2	0	1	1	1	4	1	0	1	1	3	1	3	1	0	2	2	1	1	1	2	4	4	0	3	1	2	2	4	4	0	3	4	4	1	4	2	4	2	4	1	2	3	2	4	0	2	2	3	3	4	3	4	4	3	0	1	0	1	3	1	2	2	0	3	1	3	3	1	4	0	1	2	1	1	3
(5837L, 2)	(5837L, 2)	1	2	1	3	3	2	1	4	2	2	2	3	0	4	0	3	0	1	3	2	0	4	4	2	1	4	0	0	2	3	2	1	0	4	4	4	1	4	1	4	0	0	3	1	3	4	1	1	3	3	3	4	0	4	2	4	2	4	1	4	1	0	0	4	0	3	0	1	1	1	0	0	1	4	0	2	1	1	4	4	0	1	3	4	3	3	1	0	2	4	1	1	2	2	4	4	0	4	3	4	2	4	4	0	3	4	4	1	2	2	4	2	2	4	2	1	4	4	0	2	2	3	3	4	1	3	0	3	0	3	0	3	2	3	2	4	0	3	1	3	2	3	4	0	3	2	1	1	3
(5837L, 1)	(5837L, 1)	3	2	1	3	3	2	3	4	2	2	4	1	3	4	4	4	0	1	2	2	1	2	2	2	1	2	2	4	2	3	2	1	1	4	0	2	1	4	3	4	1	1	2	3	3	4	1	1	3	1	3	4	1	2	2	4	2	2	1	2	1	3	4	2	1	3	2	1	1	3	1	4	4	2	1	1	4	1	4	4	2	1	1	4	1	3	0	1	2	4	1	3	1	2	2	4	4	4	1	4	2	4	4	3	1	4	3	3	2	2	4	1	2	4	1	3	2	4	3	2	4	3	3	3	3	3	3	3	3	1	0	1	2	1	1	2	1	1	1	3	3	3	4	1	1	2	3	1	1
(8268L, 1)	(8268L, 1)	1	1	1	3	3	2	1	4	4	2	4	3	0	4	0	3	0	1	2	2	0	2	2	4	1	4	0	0	0	1	1	1	0	4	4	4	1	4	3	4	0	0	2	1	1	4	1	3	3	1	3	3	0	4	2	4	1	2	2	4	1	0	0	2	0	3	0	1	1	3	0	0	1	4	0	2	4	1	4	4	0	3	3	4	3	3	1	0	2	4	1	1	2	1	4	3	0	3	3	4	2	4	4	0	3	4	3	1	4	2	4	2	4	4	2	1	2	3	0	2	4	3	3	4	1	4	0	3	0	3	1	3	3	3	1	2	0	1	3	3	2	3	4	0	1	2	1	4	1
(8269L, 1)	(8269L, 1)	3	1	3	4	3	4	3	1	4	0	0	0	0	4	0	3	0	2	2	0	0	4	2	4	3	4	0	0	0	1	1	0	0	3	0	4	1	0	3	2	0	0	2	3	3	4	0	3	1	1	1	3	0	2	4	2	2	4	1	0	0	0	0	4	0	3	0	3	1	3	0	0	1	4	0	2	4	1	4	1	0	3	3	4	3	0	1	0	0	2	1	3	1	2	2	4	0	3	1	4	4	1	4	0	1	4	3	1	4	2	4	2	4	4	2	1	4	0	0	2	2	3	1	4	1	3	0	1	0	3	1	3	2	0	2	2	0	1	3	3	2	1	2	0	1	2	1	1	1
(8231L, 1)	(8231L, 1)	3	2	1	3	3	4	3	4	2	0	0	1	0	1	0	4	0	1	3	0	0	4	2	4	3	4	0	0	0	1	2	1	0	3	2	4	1	0	1	2	0	0	3	3	1	2	3	1	1	1	3	3	0	2	2	2	1	2	2	2	0	0	0	4	0	3	0	1	3	3	0	0	1	2	0	1	4	3	4	1	0	1	3	4	3	3	1	0	0	2	1	1	0	1	2	4	0	3	3	4	2	4	2	0	1	4	3	1	4	3	1	1	2	4	2	3	2	3	0	2	2	3	3	4	3	4	0	1	0	3	0	3	3	3	2	4	0	1	1	3	2	1	2	0	3	2	3	0	3
(8270L, 1)	(8270L, 1)	3	2	1	3	1	4	1	4	4	2	2	1	0	1	0	3	0	2	2	2	0	4	4	2	3	2	0	0	2	1	1	1	0	4	4	2	4	4	3	2	0	0	3	1	1	4	1	3	1	1	3	3	0	4	2	0	1	4	2	4	1	0	0	2	0	3	0	1	1	3	1	0	1	2	0	1	1	1	2	4	0	1	3	3	3	3	1	0	4	4	3	1	1	1	4	4	0	3	3	4	2	4	4	0	3	4	3	1	4	2	4	2	2	1	2	1	2	3	0	2	2	1	1	3	3	3	0	3	0	1	1	3	3	3	2	2	1	3	1	4	2	1	2	0	1	2	1	1	3
(8271L, 1)	(8271L, 1)	3	2	1	4	3	4	1	4	4	2	4	3	0	4	0	3	0	1	2	4	0	4	4	2	1	4	0	0	2	1	2	1	0	3	4	2	4	0	1	4	0	0	2	3	3	2	3	1	1	1	3	3	0	4	4	0	1	2	1	2	1	0	0	4	0	4	0	3	3	3	0	0	1	2	0	1	4	1	4	1	0	1	1	3	3	1	1	0	2	2	1	3	1	2	2	3	0	4	1	4	4	1	4	0	3	2	3	1	2	2	4	2	4	4	2	3	2	4	0	2	2	3	3	4	3	3	0	3	0	3	1	3	3	1	2	2	1	3	1	4	2	1	4	0	1	2	1	4	1
(8272L, 1)	(8272L, 1)	1	1	1	3	1	4	1	1	2	3	2	3	0	4	0	4	0	1	3	0	0	2	2	4	3	4	0	0	0	1	2	1	0	3	2	4	4	0	3	4	0	0	2	1	3	4	3	3	1	3	1	3	0	4	4	4	1	2	2	2	0	0	0	2	0	4	0	3	3	1	0	0	1	2	0	1	1	3	2	4	0	3	1	4	3	3	2	0	0	2	1	3	1	1	4	4	0	3	3	4	2	4	4	0	3	2	3	3	4	3	4	1	4	1	1	1	2	0	0	2	2	1	3	4	3	4	0	1	0	1	0	1	3	1	2	2	0	1	3	4	2	1	2	0	1	4	1	1	3
(8273L, 1)	(8273L, 1)	3	1	3	4	3	4	1	1	2	2	2	1	0	4	0	3	0	1	2	0	0	2	4	4	3	4	0	0	0	1	2	1	0	4	2	2	4	0	3	4	0	0	3	3	1	4	1	3	1	1	3	3	0	2	4	9	2	4	2	4	1	0	0	4	0	4	0	3	1	3	0	0	1	2	0	1	1	3	4	4	0	3	3	4	1	0	1	0	2	4	1	1	1	2	4	4	2	4	0	4	2	4	4	0	3	2	3	3	2	2	1	1	4	4	2	1	2	0	0	2	4	1	1	4	1	4	0	1	0	3	1	3	0	1	2	2	0	3	3	3	2	1	2	0	1	4	1	1	1
(7062L, 1)	(7062L, 1)	3	2	1	3	3	2	1	1	4	2	2	1	3	1	2	3	0	1	2	2	1	2	2	2	1	4	2	4	0	1	1	1	3	4	4	2	1	2	3	2	3	3	2	1	3	2	3	1	3	1	3	3	3	4	2	4	1	4	2	4	0	1	2	4	2	4	1	1	1	3	4	4	1	0	3	1	4	1	4	1	2	1	3	3	1	3	0	3	2	4	1	3	1	2	4	4	4	3	3	4	2	1	2	2	1	2	3	1	4	3	4	1	4	4	2	3	2	0	3	2	4	3	3	3	3	3	3	3	1	1	1	0	2	3	2	2	3	1	1	3	3	3	4	1	3	2	1	1	1
(7061L, 1)	(7061L, 1)	1	1	1	3	1	4	1	1	2	3	2	3	1	4	2	4	0	1	3	2	2	2	2	4	3	4	2	1	4	1	2	1	1	3	2	4	4	2	3	4	3	3	2	1	3	4	3	3	1	3	1	3	1	4	4	4	1	2	2	2	1	3	4	2	2	4	2	3	3	1	1	4	1	2	3	1	1	3	2	4	4	3	1	4	3	3	2	1	4	2	1	3	1	1	4	4	4	3	3	4	2	4	4	2	3	2	3	3	4	3	4	1	4	1	1	1	2	0	3	2	2	1	3	4	3	4	4	1	3	1	3	1	3	1	2	2	3	1	3	4	2	1	2	3	1	4	1	1	3
(8274L, 1)	(8274L, 1)	3	1	1	4	3	2	3	1	4	2	2	3	0	1	0	4	0	0	3	2	0	2	4	2	3	9	0	0	0	1	1	1	0	3	4	4	4	2	3	4	0	0	3	3	3	4	3	3	1	1	3	3	0	4	2	4	1	4	1	0	0	0	0	2	0	4	0	1	1	3	0	0	4	4	0	1	4	1	4	1	0	1	1	3	1	3	2	3	2	2	1	3	1	1	4	4	4	4	3	4	4	4	2	0	1	2	4	1	2	2	1	2	4	4	2	1	2	3	0	4	2	3	3	4	3	3	0	1	0	3	0	1	3	3	2	2	1	3	1	3	3	1	2	0	3	2	3	1	3
(8275L, 1)	(8275L, 1)	3	2	1	4	3	2	3	4	4	0	4	1	0	4	0	3	0	1	2	4	0	4	4	4	3	2	0	0	0	1	2	1	0	4	2	2	1	4	3	2	0	0	2	3	3	2	1	1	3	3	1	3	0	2	4	4	1	2	1	4	0	0	0	4	0	3	0	0	1	3	0	0	1	2	3	1	4	1	2	1	0	3	3	3	1	3	2	0	0	2	3	3	2	2	4	4	0	4	3	2	2	1	2	0	3	4	3	1	4	2	1	1	0	4	2	1	2	3	0	4	2	1	3	3	3	4	0	3	0	3	1	3	2	3	2	4	0	3	3	3	0	1	2	0	1	2	1	1	1
(7072L, 1)	(7072L, 1)	0	0	0	0	0	0	0	0	0	0	0	0	0	0	0	0	0	0	0	0	0	0	0	0	0	0	0	0	0	0	0	0	0	0	0	0	0	0	0	0	0	0	0	0	0	0	0	0	0	0	0	0	0	0	0	0	0	0	0	0	0	0	0	0	0	0	0	0	0	0	0	0	0	0	0	0	0	0	0	0	0	0	0	0	0	0	2	0	0	0	0	0	0	0	0	0	0	0	0	0	0	0	0	0	0	0	0	0	0	0	0	0	0	0	0	0	0	0	0	0	0	0	0	0	0	0	0	0	0	0	0	0	0	0	0	0	0	0	0	0	0	0	0	0	0	0	0	0	0
(8276L, 1)	(8276L, 1)	1	2	1	4	1	2	1	4	2	2	2	3	0	1	0	3	0	2	2	4	0	2	4	4	1	4	0	0	4	1	1	3	0	3	4	4	4	2	3	2	0	0	3	3	3	2	1	1	1	3	3	3	0	4	2	4	2	2	1	4	3	0	0	4	0	3	0	1	3	3	0	0	1	2	0	1	1	1	4	4	0	3	1	4	1	3	2	0	2	4	1	1	2	1	4	3	2	4	3	4	4	1	4	0	3	4	4	1	2	3	4	1	2	4	1	3	2	4	0	2	4	1	1	4	3	3	0	1	0	1	0	1	3	3	1	2	1	1	3	3	3	1	2	0	1	2	3	1	3
(8277L, 1)	(8277L, 1)	1	1	1	4	3	2	3	1	4	2	2	3	0	4	0	3	0	2	2	0	0	4	2	4	3	4	0	0	2	1	2	3	0	4	2	4	1	0	3	4	0	0	3	3	3	4	1	1	3	3	3	3	0	4	4	9	1	2	2	2	0	0	0	2	0	4	0	1	1	3	0	0	1	4	0	1	1	3	2	4	0	3	3	3	3	0	1	0	2	4	3	1	2	2	4	3	4	4	3	4	2	4	2	0	3	2	3	1	4	2	1	1	2	4	2	3	2	0	0	4	2	1	1	3	3	4	0	1	0	3	0	3	3	3	1	2	0	3	3	3	3	3	2	0	1	2	1	1	1
(7064L, 1)	(7064L, 1)	3	2	1	4	1	2	1	4	4	2	2	3	1	4	4	3	0	2	3	2	1	4	2	4	0	4	2	1	0	3	2	3	3	4	2	4	1	4	3	4	1	1	2	3	1	4	3	1	3	3	3	3	3	4	4	2	1	2	2	2	3	1	2	4	2	3	1	1	3	3	4	1	1	2	3	1	4	1	4	4	4	0	3	4	3	1	1	3	2	2	3	1	2	2	4	3	9	3	3	2	2	1	4	2	3	4	4	3	4	2	4	2	4	4	2	3	2	4	3	4	2	1	1	3	1	4	4	1	1	1	1	1	3	3	2	2	3	3	1	3	0	1	2	1	1	0	1	1	1
(8278L, 1)	(8278L, 1)	3	0	1	0	3	0	0	4	4	2	2	0	0	0	0	3	0	1	2	2	0	0	4	0	1	2	0	0	0	1	1	1	0	3	2	4	1	2	3	2	0	0	0	1	3	0	0	3	1	3	3	3	0	4	4	9	1	2	0	2	0	0	0	4	0	3	0	0	1	3	0	0	1	4	0	1	0	1	2	1	0	0	1	0	0	1	1	0	2	2	1	0	2	0	4	4	2	0	0	4	0	0	4	0	3	0	0	1	2	3	1	1	0	4	2	0	0	4	0	2	2	3	0	0	0	3	0	1	0	3	1	1	3	3	2	0	0	3	0	4	0	0	2	0	1	4	3	1	1
(8279L, 1)	(8279L, 1)	3	2	1	3	3	2	3	4	2	2	2	1	0	4	0	4	0	1	2	0	0	2	4	4	1	4	0	0	0	1	2	3	0	3	4	4	1	0	1	4	0	0	2	3	3	2	1	1	1	1	3	4	0	2	2	4	2	2	1	2	0	0	0	2	0	3	0	3	1	3	0	0	4	2	0	2	4	1	4	4	0	1	1	4	1	3	1	0	0	4	1	1	1	2	2	4	0	4	0	4	2	4	4	0	1	4	3	1	4	3	1	1	4	1	2	3	2	0	0	2	4	3	3	3	3	3	0	3	0	1	0	1	2	1	1	2	0	1	1	3	3	3	4	0	1	2	3	1	1
(8280L, 1)	(8280L, 1)	3	1	3	4	3	2	1	1	2	3	2	1	0	4	0	4	0	1	2	2	0	2	2	4	1	2	0	0	0	3	2	1	0	3	4	4	1	0	3	2	0	0	3	1	3	4	3	3	1	1	3	3	0	4	4	4	1	2	1	2	0	0	0	4	0	3	0	1	1	1	0	0	1	2	0	2	4	1	2	1	0	3	3	4	3	3	2	0	2	2	1	3	2	2	4	3	0	3	3	4	2	1	4	0	3	2	3	3	4	2	1	1	4	1	2	1	2	0	0	2	4	3	3	4	3	4	0	3	0	3	1	3	3	3	2	2	0	1	1	3	2	1	4	0	3	2	1	4	1
(8281L, 1)	(8281L, 1)	3	1	1	4	3	2	1	4	2	0	4	1	0	4	0	3	0	1	3	0	0	2	4	4	3	4	0	0	0	3	2	1	0	3	2	2	4	0	3	4	0	0	2	3	3	4	3	3	3	1	3	3	0	4	2	4	1	2	1	4	0	0	0	2	0	4	0	3	3	1	0	0	1	2	0	2	1	3	2	1	0	3	1	4	1	1	2	0	0	2	3	1	2	2	2	4	0	3	3	2	4	4	2	0	1	2	4	3	4	3	1	2	4	1	2	1	2	3	0	2	2	3	3	3	3	4	0	1	0	1	1	3	2	3	2	2	0	3	3	3	2	3	2	0	3	4	3	1	3
(7460L, 1)	(7460L, 1)	3	2	1	4	3	4	3	4	4	3	4	1	3	4	4	4	0	1	2	2	1	2	2	2	1	2	2	1	0	1	1	3	1	4	4	4	4	4	3	4	3	1	2	3	1	4	3	3	3	1	3	4	3	4	2	4	1	2	2	4	0	1	2	4	1	3	2	1	3	1	4	4	4	2	3	1	4	1	4	4	2	3	3	3	1	3	2	1	2	4	1	1	2	2	2	4	4	4	3	2	4	1	4	2	1	4	3	3	2	3	4	1	4	4	2	1	4	0	3	2	4	3	3	4	3	4	3	3	3	1	3	0	3	1	1	2	3	3	3	3	2	1	2	3	1	2	1	4	3
(7094L, 1)	(7094L, 1)	1	1	1	4	3	2	3	4	4	2	2	1	3	4	4	4	0	1	2	4	2	2	2	2	3	4	2	1	4	3	1	1	3	3	2	2	1	2	3	4	1	3	3	3	1	2	3	1	3	1	3	4	3	4	4	4	1	2	1	2	1	3	4	2	2	3	1	1	1	3	1	4	1	2	3	2	4	1	4	4	2	1	1	4	3	0	5	1	2	4	1	1	1	1	4	4	4	4	1	4	2	1	4	3	3	4	3	1	4	2	4	0	4	4	2	1	2	0	2	2	4	3	3	4	3	3	3	3	1	3	1	3	3	1	0	4	1	1	1	3	2	1	4	3	3	2	1	0	1
(7419L, 1)	(7419L, 1)	3	1	1	4	3	4	1	4	4	2	2	3	3	4	2	3	0	1	2	2	1	2	2	2	1	2	3	4	0	1	1	1	3	4	4	2	1	4	3	4	3	3	2	1	3	2	3	3	3	1	3	3	1	2	2	4	1	4	2	2	0	3	4	2	2	3	2	3	1	3	1	1	1	2	1	1	4	1	4	1	4	1	1	4	1	1	5	1	2	2	1	1	2	1	4	3	9	3	1	4	2	4	4	3	3	4	3	1	2	3	4	2	4	4	2	3	2	4	3	2	4	3	3	4	3	4	4	1	3	1	1	6	3	3	1	2	3	1	1	3	3	3	4	1	1	2	3	1	3
(8233L, 1)	(8233L, 1)	3	2	1	3	1	2	1	1	2	2	4	1	0	4	0	3	0	1	2	4	0	2	4	4	1	4	0	0	2	3	2	1	0	4	2	4	1	4	3	4	0	0	2	3	1	4	1	1	3	1	1	3	0	2	4	0	1	4	1	4	3	0	0	2	0	3	0	3	3	1	0	0	4	2	0	1	4	1	4	4	0	1	1	4	3	3	1	0	0	2	3	1	1	1	4	3	2	3	1	4	4	4	2	0	1	2	4	3	4	2	1	2	4	4	1	3	4	4	0	4	4	1	3	3	3	4	4	3	0	3	1	3	2	1	1	2	3	3	3	3	3	3	4	0	1	2	3	1	1
(7096L, 1)	(7096L, 1)	1	2	1	3	3	4	3	4	4	2	4	3	3	4	4	4	0	1	2	2	2	2	2	2	1	4	3	1	2	1	1	1	3	3	4	2	1	4	3	4	1	1	2	3	3	2	1	3	3	3	1	3	3	4	4	4	1	2	1	4	1	1	2	2	1	3	1	1	1	3	1	4	1	2	1	2	1	1	4	1	2	3	3	4	1	3	2	1	2	4	1	3	2	1	4	3	2	4	3	4	4	1	4	2	1	2	3	3	4	3	4	1	4	4	1	3	2	4	3	2	4	1	3	4	1	4	4	3	3	3	1	3	3	1	2	2	3	1	1	3	3	1	4	3	3	2	3	1	3
(7103L, 1)	(7103L, 1)	3	2	1	4	3	4	3	4	4	3	4	1	3	4	4	4	0	1	2	2	1	2	2	2	1	2	2	1	0	1	1	3	1	4	4	4	4	4	3	4	3	1	2	3	1	4	3	3	3	1	3	4	3	4	2	4	1	2	2	4	1	1	2	4	1	3	2	1	3	1	4	4	4	2	3	1	4	1	4	4	2	3	3	3	1	3	2	1	2	4	1	1	2	2	2	4	4	4	3	2	4	1	4	2	1	4	3	3	2	3	4	1	4	4	2	1	4	0	3	2	4	3	3	4	3	4	3	3	3	1	3	6	3	1	1	2	3	3	3	3	2	1	2	3	1	2	1	4	3
(8283L, 1)	(8283L, 1)	3	2	1	3	3	2	3	4	4	3	0	3	0	4	0	4	0	2	2	2	0	2	2	4	3	4	0	0	2	1	2	3	0	3	4	4	1	2	3	2	0	0	3	1	3	4	1	3	1	3	3	4	0	2	9	4	2	2	1	4	3	0	0	4	0	3	0	1	3	3	0	0	1	2	0	2	1	1	4	1	0	1	3	3	3	3	1	0	2	2	1	3	2	1	4	3	2	3	1	2	4	4	4	0	3	4	4	1	2	2	4	1	2	4	1	1	2	0	0	4	2	3	3	4	1	3	4	1	0	3	0	3	2	1	2	2	0	1	3	3	3	1	2	0	1	2	3	4	3
(8284L, 1)	(8284L, 1)	3	2	1	4	3	4	3	4	4	2	4	3	0	4	0	3	0	1	3	2	0	2	4	4	3	4	0	0	4	1	1	3	0	4	4	4	1	2	3	2	0	0	2	1	1	4	1	3	3	6	3	10	0	4	9	4	1	9	5	2	1	0	0	2	0	3	0	3	3	3	0	0	1	2	0	2	1	1	4	4	0	3	3	4	3	3	2	0	2	4	1	1	2	2	2	3	0	3	1	4	4	4	4	0	1	4	4	1	2	2	4	1	2	4	2	3	9	3	0	2	4	3	3	4	1	4	0	3	0	1	1	3	2	1	2	2	0	1	1	3	2	1	2	0	3	2	6	4	3
(8285L, 1)	(8285L, 1)	3	1	1	3	1	4	3	4	2	2	2	3	0	4	0	4	0	1	2	0	0	4	4	4	3	4	0	0	0	1	0	1	0	4	4	2	1	4	3	2	0	0	3	1	1	2	1	3	3	1	3	3	0	4	4	4	1	2	2	4	1	0	0	2	0	3	0	1	1	1	0	0	1	2	3	2	4	1	4	4	0	3	3	3	1	3	2	0	2	2	1	1	2	2	4	4	2	4	1	4	4	4	4	0	3	4	4	1	2	2	4	1	4	4	2	1	4	3	0	2	2	3	3	4	1	3	0	1	0	0	0	1	2	3	2	2	0	3	3	3	2	1	2	0	1	2	1	1	3
(6008L, 1)	(6008L, 1)	3	2	1	4	3	4	3	4	2	2	2	1	0	1	0	3	0	1	2	2	0	2	2	4	3	2	0	0	0	1	0	1	0	3	4	4	1	2	1	4	0	0	2	1	1	4	3	3	3	1	3	4	0	4	4	4	1	4	1	4	1	0	0	4	0	3	0	1	1	1	0	0	1	2	3	2	4	1	4	4	0	3	3	4	1	3	2	0	2	4	1	3	2	2	4	4	0	4	1	4	2	4	4	0	1	4	3	1	4	2	4	2	4	4	2	1	2	3	0	2	2	3	3	4	3	3	0	1	0	3	0	6	2	3	0	2	0	1	1	3	2	1	2	0	3	2	3	4	3
(6008L, 2)	(6008L, 2)	3	2	1	4	3	4	3	4	4	2	4	1	3	1	2	3	0	1	2	2	2	2	2	4	3	4	2	1	2	3	2	1	1	3	0	4	1	2	1	4	3	1	2	1	1	4	1	3	3	3	3	4	1	4	2	4	1	2	1	4	1	3	4	4	2	3	1	3	1	3	4	4	1	2	1	1	4	1	4	4	2	3	3	4	1	3	1	1	2	4	1	3	2	2	4	4	4	4	3	4	4	4	4	2	1	2	3	3	2	3	1	1	4	4	2	1	4	3	3	2	4	3	3	4	3	4	4	1	3	3	3	3	2	3	2	2	3	1	1	3	2	1	2	3	3	2	0	4	3
(6009L, 4)	(6009L, 4)	0	0	0	0	0	0	0	0	0	0	0	0	0	0	0	0	0	0	0	0	0	0	0	0	0	0	0	0	0	0	0	0	0	0	0	0	0	0	0	0	0	0	0	0	0	0	0	0	0	0	0	0	0	0	0	0	0	0	0	0	0	0	0	0	0	0	0	0	0	0	0	0	0	0	0	0	0	0	0	0	0	0	0	0	0	0	0	0	0	0	0	0	0	0	0	0	0	0	0	0	0	0	0	0	0	0	0	0	0	0	0	0	0	0	0	0	0	0	0	0	0	0	0	0	0	0	0	0	0	0	0	0	0	0	0	0	0	0	0	0	0	0	0	0	0	0	0	0	0
(6009L, 3)	(6009L, 3)	1	1	1	3	1	4	3	4	2	3	4	3	3	4	2	4	0	2	3	2	1	2	4	4	3	2	2	4	2	1	2	3	1	3	0	4	1	2	1	4	3	3	2	3	3	4	3	3	1	1	3	4	1	4	2	0	1	4	1	4	0	1	2	4	2	4	2	3	3	1	4	1	1	2	3	1	4	3	4	1	2	3	3	4	1	3	1	1	4	2	1	3	1	1	4	4	4	4	3	2	2	1	2	2	1	4	4	3	4	3	4	1	4	4	2	1	2	4	3	4	4	3	3	4	1	4	3	1	1	1	3	1	2	1	2	2	1	1	3	3	2	1	2	1	3	4	1	4	3
(6009L, 2)	(6009L, 2)	1	1	1	3	1	4	3	4	2	3	4	3	3	4	2	4	0	2	3	2	1	2	4	4	3	2	2	4	2	1	2	3	1	3	0	4	0	2	1	4	3	3	2	3	3	4	3	3	1	1	3	4	1	4	2	2	1	4	1	4	0	1	2	4	2	4	2	3	3	1	4	1	1	2	3	1	4	3	4	1	2	0	0	4	1	3	1	1	4	2	1	3	1	1	4	4	4	4	3	2	2	1	2	2	1	4	4	3	4	3	4	1	4	4	2	1	2	4	3	4	4	3	3	4	1	4	0	1	1	1	0	1	2	1	2	2	1	1	3	3	0	1	2	1	3	0	1	4	3
(6009L, 1)	(6009L, 1)	1	1	1	3	1	4	3	4	2	3	4	3	3	4	2	4	0	2	3	2	1	2	4	4	3	2	2	4	2	1	2	3	1	3	4	4	0	2	1	4	3	3	2	3	3	4	3	3	1	1	3	4	1	4	2	2	1	4	1	4	0	1	2	4	2	4	2	3	3	1	4	1	1	2	3	1	4	3	4	1	2	0	0	4	1	3	1	1	0	2	1	3	1	1	4	4	4	4	3	2	2	1	2	2	1	4	4	3	4	3	4	1	4	4	2	1	2	4	3	4	4	3	3	4	1	4	0	1	1	1	0	1	2	1	2	2	1	1	3	3	0	1	2	1	3	0	1	4	3
(8287L, 1)	(8287L, 1)	1	2	3	4	3	4	3	4	2	3	0	3	0	1	0	4	0	2	3	0	0	2	4	4	1	4	0	0	0	1	2	1	0	3	4	4	4	0	3	2	0	0	2	3	1	4	3	3	1	1	3	4	0	4	2	2	1	4	1	4	0	0	0	4	0	4	0	3	3	1	0	0	1	4	0	2	4	1	4	4	0	3	1	4	1	3	1	0	0	2	1	3	0	2	4	4	0	4	3	4	2	1	2	0	1	4	4	3	4	3	4	1	4	4	2	1	2	4	0	4	4	3	3	4	1	3	0	3	0	1	0	1	3	1	2	2	0	3	3	4	2	1	2	0	1	4	1	4	3
(8288L, 1)	(8288L, 1)	1	2	1	3	3	2	1	1	2	3	0	3	0	1	0	4	0	1	3	0	0	2	4	4	1	4	0	0	0	1	2	1	0	3	4	4	4	0	3	2	0	0	2	3	3	4	3	3	1	3	1	4	0	4	2	4	2	2	1	4	0	0	0	4	0	3	0	3	3	3	0	0	1	2	0	2	1	1	4	4	0	1	1	4	1	3	0	0	0	2	3	1	2	2	4	4	0	4	1	2	2	4	4	0	1	2	4	1	2	3	1	1	4	4	1	1	4	0	0	4	4	1	3	4	3	3	0	3	0	3	1	1	2	1	2	4	0	1	1	3	3	3	2	0	3	4	1	1	1
(6016L, 2)	(6016L, 2)	1	2	1	3	1	4	1	4	2	3	4	3	1	1	2	4	0	2	2	2	1	4	4	2	1	2	3	4	0	1	2	3	1	3	0	4	1	2	1	4	3	1	2	1	1	2	3	3	3	1	3	4	1	4	2	2	1	4	1	4	0	1	2	4	2	4	2	3	3	1	4	1	1	4	1	2	1	1	4	1	4	3	3	4	1	3	1	1	4	2	1	3	1	1	4	4	4	3	3	4	4	4	4	2	3	4	4	3	2	3	1	1	2	4	2	1	2	3	3	4	4	3	3	4	1	4	0	1	3	1	3	3	3	1	1	2	1	1	3	4	2	1	2	1	3	4	1	4	3
(6016L, 1)	(6016L, 1)	1	2	1	3	1	4	1	4	2	3	4	3	0	1	0	4	0	2	2	2	0	4	4	2	1	2	0	0	0	1	2	3	0	3	4	4	1	2	1	4	0	0	2	1	1	2	3	3	3	1	3	4	0	4	2	0	1	4	1	4	0	0	0	4	0	4	0	3	3	1	0	0	1	4	0	2	1	1	4	1	0	3	3	4	1	3	1	0	0	2	1	3	1	1	4	4	0	3	3	4	4	4	4	0	3	4	4	3	2	3	1	1	2	4	2	1	2	3	0	4	4	3	3	4	1	4	0	1	0	1	0	3	3	1	1	2	1	1	3	4	2	1	2	0	3	4	1	4	3
(8289L, 1)	(8289L, 1)	3	2	1	4	3	4	1	4	2	3	4	3	0	1	0	3	0	1	2	2	0	2	2	2	1	2	0	0	2	1	1	1	0	3	2	4	1	0	1	4	0	0	2	3	3	2	3	1	3	1	3	3	0	4	4	2	2	4	2	2	3	0	0	4	0	3	0	1	3	3	0	0	1	2	0	1	1	1	2	1	0	1	1	3	3	0	1	0	2	2	1	1	2	1	2	4	0	3	3	4	2	4	4	0	3	4	4	1	4	2	1	1	2	4	2	3	2	0	0	4	4	3	3	3	3	3	0	3	0	0	1	3	2	1	2	2	0	3	1	4	2	3	2	0	3	2	1	1	3
(7109L, 1)	(7109L, 1)	3	2	1	4	1	4	3	4	4	2	2	3	1	4	4	3	0	2	2	4	2	2	2	4	1	2	2	1	2	3	2	3	3	4	2	2	1	4	3	4	1	1	2	3	3	2	1	1	3	3	3	3	3	4	4	0	1	2	2	2	3	3	4	2	2	4	2	1	3	3	4	1	1	2	3	1	1	3	2	4	2	3	3	4	3	1	0	3	4	2	3	1	1	2	4	3	9	3	3	2	2	1	4	2	3	2	3	3	4	2	1	2	4	4	2	1	4	0	2	4	2	1	1	3	1	4	4	1	3	3	3	3	2	1	2	2	3	3	1	4	3	1	4	1	1	2	3	1	1
(8290L, 1)	(8290L, 1)	3	1	3	4	3	2	1	1	2	3	2	1	0	4	0	4	0	1	2	2	0	2	2	4	1	2	0	0	0	3	2	1	0	3	4	4	1	4	3	2	0	0	3	1	3	4	3	3	1	1	3	3	0	4	4	4	1	2	1	2	1	0	0	4	2	3	0	1	1	1	0	0	1	2	3	2	4	1	2	1	0	3	3	4	3	3	2	0	2	2	1	3	2	2	4	3	0	3	3	4	2	1	4	0	3	2	3	3	4	2	1	1	4	1	2	1	2	3	0	2	4	3	3	4	3	4	0	3	0	3	1	3	3	3	2	2	0	1	1	3	2	1	4	0	3	2	1	4	1
(7123L, 1)	(7123L, 1)	1	1	1	4	3	2	1	4	4	2	4	3	1	4	4	4	0	1	2	2	1	2	4	2	1	4	3	1	2	1	2	1	3	3	2	2	1	4	3	4	3	3	2	3	3	2	1	3	1	1	3	3	3	2	4	4	1	2	2	2	3	1	2	4	2	4	1	3	1	3	4	1	4	2	1	1	1	1	4	1	2	1	3	4	1	3	2	3	2	2	3	1	1	1	2	4	4	4	3	4	4	4	4	3	3	4	3	1	4	2	4	1	4	1	2	1	4	0	3	2	2	3	3	4	3	3	3	3	3	3	1	3	3	3	2	2	1	3	1	3	2	1	2	1	1	4	1	1	3
(7125L, 1)	(7125L, 1)	1	2	1	4	3	4	1	1	2	3	2	3	3	4	4	3	0	1	3	2	1	2	4	2	3	2	2	1	0	1	2	1	1	4	0	4	4	4	3	2	3	1	2	1	3	4	3	3	1	1	3	4	1	2	4	4	1	4	1	2	0	3	4	2	2	4	1	1	3	1	1	4	1	2	3	2	1	1	4	1	2	1	3	3	3	3	0	1	2	4	1	3	1	2	4	4	9	3	3	2	2	1	4	2	3	4	4	3	4	2	4	1	4	4	1	3	2	0	3	2	2	3	3	4	1	3	3	3	3	1	1	6	3	3	2	4	3	1	1	4	3	3	4	3	3	2	3	4	1
(7127L, 1)	(7127L, 1)	3	2	1	4	3	4	1	1	2	2	4	1	3	4	4	4	0	2	3	2	1	2	2	2	1	2	2	4	9	3	2	1	1	4	4	2	4	2	3	4	3	1	2	3	3	4	1	1	3	3	1	3	3	4	2	4	2	2	1	4	0	1	2	4	2	4	2	3	3	3	4	4	1	2	1	1	1	1	4	1	2	3	1	4	1	1	2	3	2	2	1	3	0	1	2	3	9	4	3	4	2	1	4	3	1	2	3	3	2	2	4	1	2	4	2	3	4	0	3	2	4	3	3	4	1	4	3	3	3	1	1	3	3	1	2	4	3	1	1	3	3	3	4	1	1	2	1	1	3
(8291L, 1)	(8291L, 1)	3	2	1	4	1	4	3	4	2	3	0	3	0	4	0	4	0	1	3	4	0	4	4	2	1	4	0	0	0	1	1	1	0	4	2	2	1	2	3	4	0	0	2	3	3	2	3	1	3	3	3	4	0	4	2	2	1	2	1	2	0	0	0	2	0	3	0	1	1	3	0	0	4	2	0	2	4	1	2	1	0	1	3	4	3	0	0	0	2	2	3	3	1	1	4	4	0	4	1	4	4	1	2	0	1	2	3	1	2	2	4	2	4	4	2	1	2	0	0	2	4	3	3	4	3	3	0	3	0	1	1	3	2	1	2	2	0	1	1	3	2	1	4	0	1	4	1	4	3
(7130L, 1)	(7130L, 1)	0	1	3	3	3	2	1	4	2	2	2	3	1	4	2	4	0	1	2	2	1	4	2	2	1	4	3	1	2	1	1	1	1	4	2	4	1	2	3	4	1	1	2	3	1	4	3	3	3	1	1	3	3	2	4	2	1	2	1	2	1	3	4	4	1	4	2	1	1	1	1	1	1	2	3	1	4	1	4	4	2	0	3	4	1	3	1	3	4	4	3	1	1	2	4	3	4	3	3	4	2	4	4	2	3	2	3	1	4	0	7	1	4	4	2	1	2	3	2	2	2	1	3	4	1	3	3	1	1	3	1	3	2	1	2	2	3	3	1	3	0	1	2	1	1	0	1	1	3
(8292L, 1)	(8292L, 1)	1	2	1	3	1	4	1	4	2	3	4	3	0	1	0	4	0	2	3	0	0	2	4	2	1	2	0	0	0	1	2	3	0	3	4	4	4	0	1	2	0	0	2	1	3	2	3	3	1	3	3	4	0	4	2	2	1	4	1	4	1	0	0	2	0	4	0	3	3	1	0	0	1	2	0	1	4	1	2	4	0	3	1	4	1	1	2	0	2	2	1	3	2	1	2	4	0	4	3	4	2	4	2	0	3	4	4	3	2	3	1	1	4	4	2	1	2	4	0	4	2	1	3	4	1	4	0	1	0	1	0	1	3	1	1	2	0	1	3	3	3	1	2	0	3	4	3	4	3
(8293L, 1)	(8293L, 1)	1	2	1	3	1	4	1	4	2	3	4	3	0	1	0	4	0	2	3	0	0	2	4	2	1	4	0	0	4	3	2	3	0	3	4	4	1	2	1	2	0	0	2	1	3	2	3	3	3	1	3	4	0	4	2	2	1	4	1	4	1	0	0	2	0	4	0	3	3	1	0	0	1	4	0	2	1	3	4	1	0	3	1	4	1	1	2	0	2	2	1	1	1	2	2	4	0	4	3	2	2	7	2	0	3	4	4	3	2	3	1	1	4	4	2	1	2	3	0	4	2	1	3	4	1	4	0	1	0	1	1	3	3	1	1	2	1	1	3	3	3	1	2	0	3	4	3	1	3
(8294L, 1)	(8294L, 1)	3	2	1	4	1	4	3	1	2	0	2	3	0	4	0	3	0	1	2	2	0	2	4	4	3	4	0	0	0	3	2	3	0	4	2	4	4	2	3	2	0	0	2	3	1	2	1	1	1	3	1	3	0	4	4	2	1	2	2	2	0	0	0	4	0	3	0	3	3	3	0	0	1	4	0	1	1	1	4	4	0	3	3	3	3	0	0	0	2	2	3	1	1	1	4	4	0	4	3	4	4	1	4	0	1	2	4	1	4	2	1	1	2	1	2	1	4	0	0	4	2	1	1	4	3	3	0	1	0	1	0	3	3	1	2	2	0	1	3	3	3	1	2	0	1	2	1	1	1
(6024L, 1)	(6024L, 1)	3	1	3	4	3	4	1	4	2	3	2	1	1	1	2	4	0	1	2	4	2	2	2	2	1	4	3	4	0	3	2	3	3	3	4	4	4	4	1	4	3	3	3	3	3	4	3	3	1	1	3	3	1	4	4	4	1	2	1	4	0	3	4	4	1	3	1	3	1	3	1	4	4	2	1	2	1	1	4	1	2	1	3	4	1	3	1	1	2	4	3	1	2	1	4	4	9	3	1	4	2	1	4	3	3	2	4	3	4	2	1	1	4	4	2	1	2	4	3	2	4	1	3	4	3	4	3	3	1	3	3	1	3	1	2	2	3	1	1	4	3	3	2	3	1	4	1	1	3
(7133L, 1)	(7133L, 1)	3	1	3	4	3	4	1	1	2	2	4	3	1	4	2	4	0	1	2	2	2	2	2	4	3	4	3	1	0	1	2	3	3	3	0	4	1	4	1	4	1	3	2	3	3	2	1	3	3	1	3	3	3	4	2	4	1	2	2	4	0	3	4	4	2	3	1	3	3	3	1	4	1	2	1	1	4	1	2	1	2	3	3	4	1	3	2	1	2	2	1	1	1	2	4	4	4	4	3	4	4	4	4	3	3	4	4	1	4	3	4	2	4	4	2	1	2	0	3	4	4	3	3	4	3	4	4	3	1	3	1	3	2	1	2	2	3	1	3	3	2	3	4	1	3	4	3	1	3
(8295L, 1)	(8295L, 1)	1	1	3	3	1	2	1	1	2	2	4	1	0	4	0	3	0	1	2	4	0	2	4	4	1	4	0	0	0	1	2	1	0	4	4	2	1	0	3	4	0	0	3	3	3	4	3	3	3	3	1	4	0	4	2	4	1	2	1	4	0	0	0	4	0	4	0	1	3	3	0	0	1	2	0	1	4	1	4	4	0	1	1	3	1	3	0	0	2	4	1	3	2	2	4	4	0	4	3	4	4	4	4	0	1	4	3	1	2	3	1	1	4	4	2	1	2	0	0	2	2	3	3	4	3	4	0	1	0	3	1	3	3	3	2	2	0	3	1	3	2	1	4	0	3	2	1	4	3
(8296L, 1)	(8296L, 1)	3	2	1	3	3	4	3	4	2	2	4	3	0	4	0	3	0	1	2	4	0	4	4	2	1	4	0	0	2	1	1	1	0	4	4	2	1	2	3	2	0	0	3	3	3	2	3	3	3	3	3	3	0	4	2	4	1	4	1	4	3	0	0	4	0	3	0	3	3	3	0	0	4	2	0	1	4	1	4	4	0	3	3	3	1	3	1	0	2	4	3	3	1	1	2	4	2	3	1	4	4	1	4	0	3	2	3	1	4	3	4	1	4	4	2	1	4	4	0	2	4	3	3	4	3	3	0	3	0	1	0	1	3	3	2	4	1	1	1	3	3	3	4	0	3	2	1	1	3
(8297L, 1)	(8297L, 1)	3	2	1	3	1	2	1	4	4	2	2	3	0	4	0	3	0	2	2	2	0	2	2	2	1	4	0	0	2	3	2	3	0	4	2	4	1	2	3	2	0	0	3	3	3	4	1	3	1	3	1	3	0	2	2	0	1	2	1	2	1	0	0	2	0	4	0	1	3	3	0	0	1	2	0	1	1	3	4	4	0	1	3	4	1	1	1	0	2	2	3	1	2	2	2	4	2	4	3	4	2	4	4	0	3	2	3	1	4	2	1	1	2	4	2	3	2	4	0	4	2	3	1	4	3	4	0	3	0	3	1	0	3	3	2	2	0	3	1	3	3	3	4	0	3	2	3	1	1
(7147L, 1)	(7147L, 1)	3	2	1	3	1	4	3	1	4	2	4	3	3	1	2	3	0	1	3	4	1	2	4	2	3	4	2	1	4	1	2	1	1	3	4	4	1	2	3	4	3	3	3	3	1	2	1	3	1	1	3	4	1	4	4	4	2	2	1	4	3	3	4	2	2	3	1	3	3	3	1	4	4	2	3	2	1	1	4	1	2	3	3	3	3	3	5	1	2	4	3	1	2	2	4	4	4	3	3	2	2	4	2	3	3	2	4	1	4	2	4	1	4	4	1	3	2	4	3	2	4	1	3	4	3	3	3	1	3	3	1	3	3	1	2	4	1	1	1	3	2	1	2	1	1	2	1	1	3
(8298L, 1)	(8298L, 1)	1	2	1	4	3	4	1	1	2	2	2	3	0	1	0	3	0	1	3	0	0	2	4	2	3	4	0	0	0	1	1	3	0	3	4	4	4	2	3	4	0	0	2	3	3	4	3	1	1	1	1	4	0	4	4	0	1	4	2	2	0	0	0	2	0	3	0	1	1	3	0	0	1	4	0	2	1	3	4	1	0	1	3	4	1	3	1	0	2	2	3	1	2	1	4	4	0	3	3	4	4	4	2	0	3	2	3	1	4	3	4	2	4	1	1	1	4	4	0	4	2	3	3	4	3	3	0	1	0	1	1	1	3	3	2	4	0	1	1	3	2	1	4	0	1	4	1	1	3
(8299L, 1)	(8299L, 1)	1	2	1	4	3	4	1	1	2	2	2	3	0	1	0	3	0	1	3	4	0	2	4	2	3	4	0	0	0	1	1	3	0	3	4	4	4	2	3	4	0	0	2	3	3	4	3	1	1	1	1	4	0	4	4	2	1	4	2	2	0	0	0	2	0	3	0	1	1	3	0	0	1	4	0	2	1	3	4	1	0	1	3	4	1	3	0	0	2	2	3	1	2	1	4	4	2	3	3	4	4	4	2	0	3	2	3	1	4	3	4	2	4	1	1	1	4	0	0	4	2	3	3	4	3	3	0	1	0	1	1	1	3	3	2	4	0	1	1	3	2	1	4	0	1	4	1	1	3
(8300L, 1)	(8300L, 1)	3	1	3	4	3	4	3	4	4	2	4	3	0	4	0	4	0	1	3	2	0	4	4	4	1	4	0	0	0	0	1	1	0	4	4	4	1	2	1	9	0	0	3	1	3	4	0	3	3	3	3	3	0	4	2	4	1	2	2	4	0	0	0	2	0	3	0	1	3	3	0	0	4	2	0	2	4	1	4	1	0	3	3	4	3	0	1	0	2	4	0	1	2	2	4	4	0	4	0	2	4	4	4	0	1	4	4	1	2	2	4	1	4	4	2	1	2	4	0	2	4	3	3	4	1	3	0	0	0	1	1	3	3	0	2	4	0	1	1	3	3	3	4	0	3	2	1	0	3
(7160L, 1)	(7160L, 1)	3	2	1	3	1	2	1	1	2	2	4	1	1	4	2	3	0	1	2	4	2	2	4	4	1	4	3	1	0	3	2	1	3	4	0	4	1	4	3	4	1	3	2	3	1	4	1	1	3	1	1	3	3	2	4	9	1	4	1	4	0	3	4	2	1	3	2	3	3	1	4	1	4	2	1	1	4	1	4	4	2	1	1	4	3	3	5	1	4	2	3	1	1	1	4	3	9	3	1	4	4	4	2	3	1	2	4	3	4	2	1	2	4	4	1	3	4	0	3	4	4	1	3	3	3	4	4	3	1	3	1	3	2	1	1	2	3	3	3	3	3	3	4	1	1	2	3	1	1
(8301L, 1)	(8301L, 1)	3	2	1	3	1	2	1	4	2	2	2	3	0	4	0	3	0	1	2	4	0	4	4	2	1	4	0	0	0	1	1	1	0	3	4	2	4	2	3	2	0	0	3	3	1	2	3	3	3	3	1	4	0	2	2	2	2	4	2	2	1	0	0	2	0	3	0	3	3	3	0	0	4	2	0	1	4	1	4	1	0	1	3	3	1	3	1	0	2	2	3	1	1	1	4	4	0	3	3	4	2	4	4	0	1	4	3	3	4	2	4	2	4	4	1	3	2	0	0	2	2	3	3	4	3	3	0	3	0	3	1	3	2	1	2	2	0	1	1	3	3	3	2	0	3	4	1	1	3
(8234L, 1)	(8234L, 1)	1	2	1	4	1	4	3	4	2	2	2	1	0	4	0	3	0	1	2	4	0	2	2	4	1	4	0	0	4	1	1	1	0	4	4	4	4	4	3	2	0	0	8	6	1	2	3	3	1	1	1	4	0	2	2	4	1	2	2	4	3	0	0	4	0	3	0	1	1	3	0	0	1	2	3	1	1	1	4	1	0	3	3	3	1	3	1	0	2	2	1	1	2	1	2	3	2	4	1	4	2	4	4	0	3	4	3	3	4	3	7	1	4	4	2	1	4	4	0	2	2	3	1	4	3	4	0	3	0	1	1	3	3	1	2	2	0	3	1	3	2	1	2	0	3	4	1	1	3
(8302L, 1)	(8302L, 1)	1	1	3	4	3	2	3	4	4	0	0	3	0	1	0	3	0	1	2	0	0	2	4	4	1	4	0	0	0	3	2	1	0	4	2	2	4	0	3	4	0	0	2	3	1	4	1	1	1	1	3	3	0	4	4	4	1	4	1	2	0	0	0	2	0	3	0	1	3	3	0	0	1	2	0	1	4	3	4	1	0	1	1	3	1	0	2	0	0	2	3	1	1	2	4	4	0	4	3	2	2	1	4	0	3	2	3	1	4	2	1	2	4	4	2	1	4	0	0	4	2	1	3	3	1	4	0	1	0	3	0	3	3	0	1	2	0	3	3	4	3	1	4	0	3	2	1	1	1
(8303L, 1)	(8303L, 1)	3	0	1	3	3	2	3	4	2	2	2	1	0	4	0	4	0	1	2	2	0	2	4	4	1	4	0	0	0	1	2	3	0	3	4	4	1	0	1	4	0	0	3	3	1	2	0	1	1	1	3	4	0	2	2	4	2	2	1	2	0	0	0	2	0	3	0	3	1	3	0	0	1	4	0	2	4	1	4	1	0	1	1	3	3	3	2	0	2	2	1	1	1	0	2	4	0	3	0	2	2	1	4	0	1	4	0	3	4	2	4	2	4	4	1	3	2	4	0	2	2	3	3	3	3	3	0	3	0	1	0	1	3	3	2	2	0	1	1	3	3	1	2	0	1	4	1	4	1
(7163L, 1)	(7163L, 1)	3	2	3	4	3	2	3	4	4	2	2	3	1	1	4	4	0	1	2	4	2	4	2	2	1	2	3	1	0	3	2	1	1	4	2	4	1	4	1	2	3	3	2	3	1	2	1	3	1	3	3	3	3	4	2	4	1	2	2	2	0	1	2	4	1	3	1	3	3	3	1	4	1	2	3	1	1	3	4	1	2	3	1	3	3	1	2	3	2	2	3	1	1	1	4	3	9	4	3	4	2	1	4	3	1	4	4	1	4	2	4	1	4	7	2	6	2	0	8	2	4	3	3	4	1	4	3	3	3	1	3	3	3	1	2	4	3	1	1	3	2	1	4	1	1	2	1	1	1
(7164L, 1)	(7164L, 1)	1	2	1	4	1	4	1	1	4	2	4	3	1	1	2	4	0	1	2	2	2	2	2	2	3	2	3	1	0	1	1	1	3	3	4	2	4	2	3	2	3	3	2	3	1	4	1	1	3	1	3	3	3	4	2	4	1	2	1	2	1	1	2	4	2	3	1	1	1	3	4	4	1	2	3	1	1	1	4	1	2	3	3	4	3	3	5	3	2	4	3	1	2	2	4	3	9	3	3	2	4	4	4	3	3	4	4	1	4	2	1	2	4	4	2	3	2	0	3	2	2	1	3	4	3	4	4	1	3	3	3	1	0	3	2	2	1	1	3	3	2	1	2	1	1	4	1	1	3
(8304L, 1)	(8304L, 1)	1	2	1	4	3	4	1	1	4	2	2	1	0	4	0	4	0	1	2	4	0	2	4	4	1	2	0	0	0	3	2	1	0	3	4	2	1	2	3	2	0	0	3	1	1	2	1	1	3	3	1	3	0	4	4	2	1	2	1	2	0	0	0	4	0	3	0	3	1	3	0	0	1	4	3	1	4	1	2	4	0	3	1	4	3	3	1	0	2	4	1	1	2	2	2	4	2	3	1	4	2	1	4	0	1	4	3	3	4	3	1	2	2	1	2	1	2	4	0	2	2	3	1	4	1	3	0	3	0	3	0	3	2	3	2	2	0	1	3	4	2	1	4	0	3	2	3	4	3
(7172L, 1)	(7172L, 1)	1	2	1	3	1	2	1	4	2	3	9	1	1	1	4	3	0	1	2	2	2	2	2	4	1	4	2	4	0	1	1	1	3	3	4	2	4	2	3	4	1	3	3	1	3	4	1	3	1	3	3	3	3	4	2	4	2	2	1	4	3	3	4	2	2	3	1	1	3	3	1	4	1	2	1	1	4	1	4	1	2	1	3	3	3	1	5	1	4	4	3	1	2	2	4	3	4	4	3	4	4	1	4	3	1	4	3	1	4	3	4	1	4	4	2	1	2	0	3	2	4	3	3	4	1	3	4	1	1	1	3	1	2	3	2	2	3	1	1	3	2	1	4	1	3	4	1	1	3
(8235L, 1)	(8235L, 1)	3	2	1	0	3	2	3	1	4	2	4	1	0	1	0	4	0	1	2	2	0	2	4	4	1	2	0	0	2	1	2	1	0	4	4	4	1	4	3	4	0	0	3	3	3	4	1	3	3	3	3	4	0	4	2	4	1	2	2	2	3	0	0	4	0	4	0	1	1	1	0	0	1	4	3	1	1	1	2	1	0	3	3	3	3	0	1	0	2	4	1	1	2	2	2	4	0	3	1	2	4	1	4	0	3	4	3	1	4	2	1	1	4	4	2	1	2	3	0	4	4	3	3	4	3	3	0	3	0	1	1	1	2	1	2	2	0	1	3	3	2	1	4	0	3	2	1	4	1
(8306L, 1)	(8306L, 1)	1	1	1	3	3	4	1	4	2	2	2	3	0	4	0	4	0	1	3	2	0	2	2	4	3	4	0	0	4	3	2	1	0	3	4	4	1	4	1	2	0	0	3	3	1	4	3	3	1	3	3	3	0	4	4	4	2	2	1	4	3	0	0	2	0	3	0	1	3	3	0	0	4	2	3	2	4	1	4	1	0	1	3	4	1	3	2	0	2	2	1	1	2	1	4	3	2	3	3	2	2	4	4	0	1	4	4	1	4	2	1	2	4	1	2	3	2	4	0	2	4	3	3	4	1	3	0	1	0	3	0	3	3	3	2	2	0	3	3	4	2	1	4	0	3	4	1	4	1
(6039L, 1)	(6039L, 1)	1	2	1	4	3	4	1	4	2	2	4	1	0	1	0	3	0	1	2	2	0	2	2	2	1	4	0	0	0	1	1	1	0	3	4	4	1	2	3	4	0	0	2	1	3	4	1	3	1	3	1	3	0	4	2	4	2	2	1	4	3	0	0	4	0	3	0	3	1	3	0	0	4	2	0	2	4	1	4	1	0	3	1	4	1	3	2	0	2	2	3	1	2	1	2	3	0	3	3	4	4	1	4	0	1	4	3	3	4	2	1	1	4	1	2	1	2	3	0	2	4	3	3	4	1	3	0	3	0	1	1	3	3	3	2	2	0	3	1	3	3	1	2	0	3	2	1	1	1
(6039L, 2)	(6039L, 2)	1	2	1	4	3	4	1	4	2	2	4	1	1	1	2	0	0	1	0	2	1	2	2	2	6	4	2	1	2	1	1	1	3	3	0	4	1	2	3	4	3	3	2	1	3	4	1	3	1	3	1	3	1	4	2	4	0	2	1	4	0	1	2	4	2	3	2	3	1	3	4	4	4	2	1	2	4	1	4	0	4	3	1	4	1	3	2	1	2	2	3	1	2	1	2	3	4	3	3	4	4	1	4	2	1	4	3	3	4	2	1	1	4	1	2	1	2	0	3	0	0	3	3	4	1	3	3	3	3	0	1	3	3	3	2	2	3	3	1	3	3	1	2	3	3	2	1	1	1
(8308L, 1)	(8308L, 1)	3	2	1	0	1	4	3	4	4	2	0	3	0	4	0	3	0	1	3	0	0	4	2	4	3	4	0	0	0	1	2	3	0	4	2	2	1	0	3	4	0	0	2	3	3	2	1	1	1	3	3	3	0	4	4	2	1	2	2	2	0	0	0	2	0	4	0	1	3	3	0	0	1	2	0	1	1	1	2	1	0	3	1	3	3	0	2	0	0	2	3	1	1	2	4	3	0	3	3	2	2	1	4	0	3	4	3	3	4	2	1	2	4	4	2	3	2	0	0	4	2	1	1	3	1	4	0	1	0	3	0	3	2	1	2	2	0	3	1	4	3	1	4	0	1	2	3	1	1
(8309L, 1)	(8309L, 1)	3	2	1	4	1	2	1	4	4	2	2	3	0	4	0	3	0	2	3	2	0	2	4	4	1	4	0	0	0	1	2	1	0	4	2	2	4	2	3	4	0	0	2	1	3	4	1	1	3	3	3	3	0	4	2	2	2	2	2	2	0	0	0	4	0	4	0	1	3	3	0	0	1	4	0	1	4	3	2	1	0	1	3	4	1	3	1	0	2	2	3	1	2	2	4	3	0	3	1	2	2	4	2	0	1	4	4	1	4	2	1	2	2	4	2	3	2	0	0	4	2	1	1	4	1	4	0	1	0	0	0	1	3	1	2	2	0	3	1	3	3	1	2	0	1	2	3	1	1
(8310L, 1)	(8310L, 1)	1	1	1	0	3	4	0	1	2	0	2	3	0	0	0	3	0	2	2	0	0	0	4	2	3	4	0	0	0	3	0	3	0	3	4	2	1	0	3	4	0	0	0	3	3	0	0	3	1	3	3	3	0	4	4	4	2	2	0	4	0	0	0	4	0	3	0	0	3	3	0	0	1	2	0	1	1	1	4	4	0	0	3	3	0	3	2	0	2	2	3	1	2	0	4	4	0	0	0	4	2	0	4	0	3	0	3	1	4	3	4	1	4	4	1	0	2	3	0	2	4	3	3	0	0	3	0	1	0	3	0	1	2	3	2	0	0	1	0	3	0	1	4	0	1	4	3	4	3
(8236L, 1)	(8236L, 1)	3	2	1	3	3	4	3	1	2	3	2	3	0	4	0	3	0	1	2	4	0	2	4	4	1	4	0	0	4	1	2	3	0	4	4	4	1	0	3	2	0	0	2	3	1	4	1	3	3	3	3	4	0	4	2	4	1	2	2	2	0	0	0	4	0	3	0	3	3	3	0	0	1	2	3	2	1	1	4	4	0	3	3	3	3	3	2	0	2	4	1	3	2	2	4	4	2	3	3	4	4	1	4	0	1	2	3	1	2	2	1	1	4	4	1	1	2	3	0	2	2	3	3	4	1	3	0	3	0	1	1	3	2	3	2	2	0	3	3	3	2	1	4	0	3	2	3	4	1
(8311L, 1)	(8311L, 1)	3	1	3	4	3	4	3	4	2	2	2	3	0	4	0	3	0	1	3	4	0	2	4	2	1	2	0	0	4	3	2	1	0	4	4	4	4	2	3	4	0	0	3	3	1	2	1	3	3	3	3	3	0	4	2	4	1	4	1	2	1	0	0	4	0	3	0	1	3	1	0	0	1	4	3	1	4	1	2	4	0	1	1	3	1	3	2	0	2	2	1	3	2	2	4	4	0	4	1	4	4	4	4	0	3	4	4	1	4	2	1	2	2	4	2	1	4	3	0	2	2	3	3	3	1	4	0	1	0	3	0	6	2	3	2	2	0	1	1	3	2	3	4	0	1	4	1	1	3
(8312L, 1)	(8312L, 1)	3	2	1	3	3	4	1	1	2	2	2	3	0	4	0	3	0	1	3	4	0	2	2	2	3	2	0	0	0	1	2	1	0	4	2	2	1	2	1	4	0	0	2	3	3	4	3	1	3	1	3	3	0	4	4	4	2	4	1	4	0	0	0	2	0	4	0	3	1	1	0	0	1	2	3	2	4	1	4	1	0	3	3	3	3	0	2	0	0	2	3	1	2	1	4	4	0	4	3	2	2	4	4	0	1	4	3	1	4	2	4	2	4	4	2	1	4	4	0	2	2	3	3	3	3	3	0	3	0	3	1	3	2	3	2	4	0	1	1	4	2	1	4	0	3	2	1	1	3
(7181L, 1)	(7181L, 1)	3	1	1	4	3	4	3	4	2	3	2	3	1	1	4	4	0	2	2	2	1	2	4	4	3	4	3	1	0	1	2	1	3	4	2	2	1	4	3	2	1	3	3	1	3	2	1	3	3	3	3	3	1	4	2	4	1	2	1	2	0	1	2	2	1	3	1	3	1	1	4	1	1	2	3	1	1	1	2	1	2	3	3	3	3	3	5	1	4	2	3	1	2	2	4	4	4	3	3	4	4	4	4	2	1	4	4	1	2	3	4	2	4	4	2	3	4	0	3	2	2	3	3	4	3	4	0	1	3	3	1	3	3	1	2	4	3	1	1	4	2	3	2	1	3	2	1	1	3
(7424L, 1)	(7424L, 1)	3	2	1	3	3	2	1	4	2	2	0	3	3	4	2	3	0	1	3	2	1	4	4	4	1	4	2	0	2	1	2	1	1	4	4	4	1	0	1	4	0	0	2	1	1	4	1	3	3	1	1	3	3	4	2	4	1	2	2	0	1	1	2	4	2	3	2	0	3	3	4	4	1	2	3	2	4	1	4	4	2	1	3	4	3	3	0	1	2	2	1	1	2	2	4	4	4	4	3	4	2	4	4	3	3	4	3	1	2	3	1	2	2	4	2	1	4	3	3	2	2	3	1	3	3	3	3	3	3	1	3	3	3	3	2	4	1	1	1	3	3	1	2	3	1	2	1	1	3
(8313L, 1)	(8313L, 1)	3	2	3	4	3	4	1	1	2	2	2	3	0	1	0	3	0	1	3	4	0	2	4	4	3	2	0	0	0	1	2	1	0	4	4	4	1	4	3	2	0	0	2	3	3	4	3	3	3	3	3	3	0	4	2	4	1	2	2	0	0	0	0	2	0	3	0	1	1	1	0	0	1	4	0	2	4	1	4	4	0	1	3	3	3	0	2	0	2	2	1	1	2	2	4	4	2	4	3	4	4	4	4	0	3	4	3	1	2	2	4	1	2	4	2	3	2	4	0	2	4	1	3	4	3	3	0	3	0	1	1	3	2	1	2	2	0	1	1	3	3	1	4	0	3	2	1	4	3
(8314L, 1)	(8314L, 1)	3	2	3	4	3	2	1	1	4	2	4	1	0	1	0	4	0	1	2	2	0	2	2	4	3	2	0	0	0	3	2	1	0	4	2	4	1	2	3	4	0	0	3	3	1	4	1	3	1	3	1	3	0	4	4	4	2	4	1	2	1	0	0	2	0	3	0	3	3	3	1	0	4	2	3	2	4	1	4	4	0	1	3	3	3	3	1	0	0	2	1	3	2	2	4	4	0	4	1	2	4	1	4	0	1	4	4	1	4	2	4	1	4	1	2	3	2	3	0	2	2	1	3	4	1	3	0	3	0	3	0	3	2	3	0	2	0	1	1	3	3	1	4	0	1	2	1	4	3
(8237L, 1)	(8237L, 1)	3	1	1	4	3	4	3	4	2	3	2	3	0	1	0	4	0	1	3	2	0	4	4	2	1	4	0	0	9	1	1	3	0	4	4	4	1	0	3	4	0	0	2	1	3	2	3	3	1	1	3	4	0	4	2	4	1	2	2	4	3	0	0	4	0	3	0	1	1	1	0	0	4	2	0	1	4	1	4	1	0	3	3	3	3	0	2	0	2	2	3	1	2	2	4	3	0	3	1	2	2	4	4	0	1	4	3	1	4	2	4	1	4	1	2	1	2	4	0	2	2	1	1	4	1	3	0	3	0	3	0	3	3	1	2	2	0	3	1	3	2	1	2	0	1	4	1	4	1
(7202L, 1)	(7202L, 1)	3	1	1	4	3	2	1	4	2	2	2	3	1	4	2	3	0	1	3	2	1	4	2	2	3	4	2	4	0	1	1	1	3	3	4	2	1	2	3	4	3	3	2	3	1	2	3	1	1	1	3	3	3	2	4	4	1	2	2	2	0	3	4	2	1	4	1	3	1	3	1	1	1	2	1	1	4	1	4	1	4	1	3	3	3	0	0	1	2	4	1	1	2	2	4	3	4	4	1	2	2	4	2	3	3	4	3	1	4	3	4	2	4	4	2	3	2	3	3	2	2	1	3	4	3	4	3	1	1	3	1	3	2	1	2	2	3	1	1	3	3	3	4	3	1	2	1	4	3
(8238L, 1)	(8238L, 1)	3	2	1	4	3	4	1	4	4	2	2	3	1	1	4	3	0	1	3	4	2	2	4	2	3	4	2	4	2	1	1	1	3	3	4	2	4	4	1	2	1	3	3	3	3	4	1	3	3	1	3	3	1	2	4	2	1	2	2	2	1	3	4	2	1	3	2	1	3	3	1	4	4	2	1	1	4	1	4	4	4	1	3	4	1	0	2	3	4	4	1	1	2	1	2	3	4	4	3	4	4	1	4	2	1	2	3	1	4	3	4	2	4	1	2	3	2	3	2	2	4	3	3	3	3	4	0	3	1	1	1	3	3	1	2	2	3	1	1	3	3	1	4	3	1	2	1	1	3
(7192L, 1)	(7192L, 1)	0	2	1	4	3	4	1	1	2	2	2	1	1	1	4	4	0	1	2	4	1	2	4	2	1	2	2	4	4	3	2	1	3	3	4	4	4	2	3	4	3	3	2	3	3	4	3	1	1	3	3	3	1	4	2	4	2	2	1	2	1	3	4	2	1	3	2	1	0	3	4	4	1	2	1	1	4	1	4	1	2	0	3	4	1	3	1	3	2	4	3	1	1	2	4	4	9	3	1	4	2	4	4	2	1	4	3	1	2	3	1	1	4	4	1	1	4	4	2	2	4	3	3	4	3	3	4	3	1	3	3	3	3	1	2	2	3	1	3	3	0	1	2	1	1	0	1	1	3
(8316L, 1)	(8316L, 1)	3	2	3	4	3	4	3	4	4	0	2	3	0	4	0	4	0	1	2	0	0	4	2	2	1	4	0	0	0	3	2	1	0	4	2	4	1	0	3	2	0	0	3	3	3	4	1	3	3	1	3	3	0	4	4	9	2	2	1	2	0	0	0	2	0	3	0	1	3	3	0	0	1	2	0	1	4	3	2	1	0	3	3	3	3	0	2	0	0	2	3	1	2	2	4	3	2	4	3	2	4	1	2	0	3	2	4	1	4	2	4	1	2	4	2	3	4	0	0	2	2	3	1	3	1	4	0	1	0	3	1	3	3	3	1	2	0	1	1	3	3	1	4	0	1	2	3	1	1
(6040L, 2)	(6040L, 2)	3	1	3	4	3	4	1	4	2	3	2	1	1	4	4	3	0	1	2	4	1	2	2	4	3	0	2	1	0	1	0	1	1	3	4	4	1	2	3	4	3	3	3	3	3	4	1	3	3	1	3	3	3	4	2	9	1	2	2	2	0	3	4	2	2	3	1	3	1	3	1	1	4	2	1	2	1	1	4	1	2	1	3	4	1	3	1	1	2	4	3	1	2	1	4	4	9	3	1	4	2	1	4	3	3	2	4	3	4	2	1	1	4	1	2	1	2	4	3	2	4	1	3	4	3	4	3	3	1	3	1	1	3	3	2	2	3	1	1	4	3	3	2	3	1	4	1	1	3
(6040L, 1)	(6040L, 1)	3	1	3	4	3	4	1	4	2	3	2	1	0	4	0	3	0	1	2	4	0	2	2	4	3	9	0	0	2	1	0	1	0	3	4	4	1	2	3	4	0	0	3	3	3	4	1	3	3	1	3	3	0	4	2	2	1	2	2	2	1	0	0	2	0	3	0	3	1	3	0	0	4	2	0	2	1	1	4	1	0	1	3	4	1	3	1	0	2	4	3	1	2	1	4	4	2	3	1	4	2	1	4	0	3	2	4	3	4	2	1	1	4	1	2	1	2	4	0	2	4	1	3	4	3	4	0	3	0	3	1	1	3	3	2	2	0	1	1	4	3	3	2	0	1	4	1	1	3
(8317L, 1)	(8317L, 1)	3	2	1	3	1	2	1	1	2	2	4	1	0	4	0	3	0	1	2	4	0	2	4	4	1	4	0	0	2	3	2	1	0	4	2	4	1	0	3	4	0	0	2	3	1	4	1	1	3	1	1	3	0	2	4	2	1	4	1	4	3	0	0	2	0	3	0	3	3	1	0	0	4	2	0	1	4	1	4	4	0	1	1	4	3	3	1	0	0	2	3	1	1	1	4	3	2	3	1	4	4	4	2	0	1	2	4	3	4	2	1	2	4	4	1	3	4	4	0	4	4	1	3	3	3	4	0	3	0	3	1	3	2	1	1	2	0	3	3	3	3	3	4	0	1	2	3	1	1
(8318L, 1)	(8318L, 1)	3	2	1	3	1	2	1	1	2	2	4	1	0	4	0	3	0	1	2	4	0	2	4	4	1	4	0	0	0	3	2	1	0	4	2	4	1	0	3	2	0	0	3	3	3	2	1	1	1	3	1	3	0	2	4	4	2	2	2	4	1	0	0	4	0	4	0	3	3	1	0	0	1	2	0	1	1	1	4	4	0	3	3	4	3	1	0	0	2	2	3	1	2	2	4	4	2	4	1	4	4	4	2	0	3	4	3	1	4	3	4	1	2	4	1	3	4	0	0	4	4	1	3	3	3	4	0	3	0	1	0	3	3	1	2	2	0	1	1	3	3	3	4	0	1	2	3	1	1
(8239L, 1)	(8239L, 1)	1	2	1	4	3	4	1	1	2	2	4	3	0	4	0	3	0	1	2	2	0	2	4	4	3	4	0	0	0	1	2	1	0	3	4	4	1	0	3	4	0	0	2	3	1	2	3	1	1	3	3	3	0	2	2	4	1	2	2	2	1	0	0	2	0	3	0	1	1	1	0	0	1	2	0	1	4	3	4	4	0	1	3	4	1	0	2	0	0	2	3	3	2	2	4	4	2	4	3	4	4	1	4	0	1	2	3	3	4	3	1	2	4	4	2	3	2	4	0	2	2	3	3	3	3	4	4	1	0	3	1	3	2	1	2	4	0	1	1	4	3	3	4	0	1	4	3	1	1
(8319L, 1)	(8319L, 1)	1	2	1	4	1	4	3	4	2	2	2	1	0	4	0	3	0	1	2	4	0	4	2	2	1	4	0	0	2	1	1	1	0	3	2	4	1	2	1	2	0	0	2	1	3	2	1	3	1	3	1	3	0	4	4	4	1	2	1	4	1	0	0	4	0	3	0	3	1	3	0	0	4	4	0	2	4	1	2	1	0	3	3	3	1	3	2	0	2	2	1	1	0	2	2	4	0	3	1	2	2	4	2	0	3	4	4	3	2	3	1	1	2	4	1	3	4	3	0	2	4	3	3	4	3	4	0	3	0	3	1	3	2	1	2	4	0	1	3	4	2	1	4	0	3	4	3	1	1
(8240L, 1)	(8240L, 1)	1	2	1	4	3	2	3	4	2	3	2	3	0	1	0	3	0	1	2	2	0	4	4	4	1	4	0	0	0	1	1	1	0	3	4	4	4	2	3	4	0	0	2	3	1	4	1	3	3	3	3	4	0	4	4	2	1	2	2	2	0	0	0	4	0	3	0	1	3	3	0	0	4	2	0	2	4	1	4	1	0	1	3	3	3	0	2	0	2	2	3	3	2	2	4	4	0	4	0	2	4	1	2	0	1	2	3	3	4	3	4	2	4	1	2	1	4	4	0	2	2	3	3	4	3	4	0	1	0	3	1	3	0	3	2	2	0	1	1	3	2	1	2	0	3	4	1	4	3
(8320L, 1)	(8320L, 1)	3	1	1	4	1	4	3	4	2	0	0	1	0	4	0	3	0	1	3	0	0	2	2	2	1	4	0	0	0	1	2	1	0	3	2	4	1	0	1	2	0	0	2	1	1	2	1	3	1	3	3	3	0	4	4	4	1	2	1	4	1	0	0	4	0	3	0	3	1	3	0	0	4	4	0	1	4	1	2	1	0	3	3	4	1	3	2	0	0	2	1	1	2	2	2	4	0	4	3	4	2	1	2	0	3	4	3	3	2	3	4	1	2	4	2	1	4	0	0	2	4	3	3	4	3	3	0	1	0	0	1	3	2	3	2	4	0	1	1	3	2	3	4	0	3	2	3	1	3
(8321L, 1)	(8321L, 1)	1	2	1	10	3	4	3	4	9	2	9	6	0	4	0	10	0	1	2	9	0	2	2	2	1	4	0	0	2	1	1	1	0	3	4	2	1	0	3	4	0	0	2	3	3	2	1	3	1	3	1	3	0	4	9	4	1	9	1	0	1	0	0	4	0	3	0	1	1	3	0	0	7	9	0	5	7	1	9	7	0	6	3	4	1	3	2	0	2	4	1	3	2	5	2	4	2	4	3	2	2	4	9	0	6	9	3	3	9	8	4	1	9	4	1	3	9	10	0	2	4	3	3	4	3	3	0	1	0	3	1	6	3	0	2	2	0	1	6	10	0	6	4	0	3	2	3	1	3
(8322L, 1)	(8322L, 1)	1	2	1	4	3	4	3	4	2	2	2	1	0	4	0	3	0	1	2	0	0	2	2	2	1	4	0	0	0	1	2	1	0	3	4	4	1	0	1	4	0	0	2	1	1	2	3	3	1	3	1	3	0	4	2	4	1	4	1	2	1	0	0	4	0	3	0	1	1	3	0	0	4	4	0	1	4	1	2	4	0	1	3	3	1	3	2	0	2	2	1	3	0	2	2	4	2	4	3	2	2	4	2	0	3	4	3	3	2	2	4	1	2	4	1	3	4	0	0	2	4	3	3	4	3	3	0	1	0	0	1	1	3	3	2	4	0	1	3	4	2	3	2	0	3	2	1	1	3
(8323L, 1)	(8323L, 1)	1	2	1	3	3	4	1	4	4	2	0	3	0	4	0	3	0	1	2	4	0	2	4	2	3	2	0	0	2	1	1	1	0	3	4	4	4	4	1	2	0	0	3	3	3	2	1	1	3	3	3	3	0	4	2	4	1	4	1	4	0	0	0	4	0	3	0	1	3	3	0	0	1	4	3	1	4	1	4	4	0	1	3	3	3	3	1	0	2	2	1	1	2	2	2	4	0	3	3	4	4	4	4	0	3	2	3	1	4	2	1	1	2	1	2	1	2	4	0	2	4	3	3	3	3	3	0	3	0	1	0	3	3	3	2	4	1	1	1	3	3	3	4	0	3	2	1	1	3
(8324L, 1)	(8324L, 1)	1	2	1	3	3	4	3	4	4	2	4	3	0	4	0	4	0	1	2	0	0	2	2	2	1	4	0	0	0	1	1	1	0	3	4	2	1	0	3	4	0	0	2	3	3	2	1	3	3	3	1	3	0	4	4	4	1	2	1	4	0	0	0	2	0	3	0	1	1	3	0	0	1	2	0	2	1	1	4	1	0	3	3	4	1	3	2	0	0	4	1	3	2	1	4	3	0	4	3	4	4	1	4	0	1	2	3	3	4	3	4	1	4	4	1	3	2	0	0	2	4	1	3	4	1	4	0	3	0	3	1	3	3	1	2	2	0	1	1	3	3	1	4	0	3	2	3	1	3
(7231L, 1)	(7231L, 1)	3	2	1	4	3	2	1	4	4	2	4	3	1	4	4	3	0	2	2	4	1	4	4	2	6	4	2	1	2	1	1	1	3	4	4	4	1	2	3	4	3	1	0	3	3	2	3	1	3	1	3	3	1	2	2	4	2	2	1	2	1	1	2	4	2	3	2	3	3	3	4	4	1	2	1	1	4	1	4	1	2	0	3	4	3	1	1	1	2	2	3	1	2	2	2	3	2	4	3	2	2	4	4	3	1	2	3	1	2	2	4	1	2	4	2	1	2	4	2	2	4	3	1	3	3	4	3	1	1	1	1	3	3	3	1	2	1	1	1	3	0	3	4	1	1	0	1	1	3
(8241L, 1)	(8241L, 1)	1	2	1	3	3	4	1	4	2	2	4	1	0	4	0	3	0	2	2	2	0	2	2	4	3	4	0	0	2	1	1	3	0	3	4	2	1	4	3	2	0	0	2	3	1	4	1	3	3	3	3	3	0	4	4	4	2	2	1	4	3	0	0	2	0	3	0	1	1	3	0	0	4	2	0	2	4	1	4	4	0	3	1	4	3	3	1	0	2	4	1	1	2	2	2	4	2	4	3	2	2	1	4	0	1	4	3	1	4	2	4	1	4	4	2	1	2	4	0	2	4	3	3	4	3	4	0	3	0	3	0	3	3	3	2	2	0	3	1	3	2	1	2	0	1	4	1	4	3
(8242L, 1)	(8242L, 1)	1	2	3	4	1	4	3	4	2	2	4	1	0	4	0	3	0	1	3	4	0	2	4	4	3	4	0	0	0	1	2	1	0	3	4	4	4	4	3	4	0	0	3	3	1	2	3	3	3	1	3	3	0	2	2	4	2	2	1	2	0	0	0	2	0	3	0	1	3	3	0	0	1	2	3	1	1	1	4	1	0	3	3	3	1	3	1	0	2	4	1	1	2	2	2	4	2	3	3	2	4	4	2	0	1	4	3	3	4	3	1	1	4	1	2	1	2	4	0	2	2	3	3	4	1	3	0	1	0	1	1	3	3	3	2	2	0	1	3	3	2	1	2	0	1	4	1	1	3
(8325L, 1)	(8325L, 1)	3	2	1	4	3	2	1	4	2	0	0	1	0	4	0	3	0	1	3	0	0	4	2	2	1	2	0	0	0	1	1	0	0	4	0	2	1	0	3	4	0	0	2	3	1	4	3	3	3	1	3	3	0	4	2	4	2	2	2	0	0	0	0	4	0	3	0	1	1	1	0	0	4	4	0	1	4	1	4	1	0	3	3	4	3	0	2	0	0	4	1	1	2	2	2	4	0	4	3	2	2	4	4	0	3	2	3	1	2	3	4	1	4	1	2	1	2	3	0	2	2	3	3	4	1	4	0	1	0	1	0	3	3	0	2	2	0	3	1	4	2	3	4	0	3	2	3	4	3
(8326L, 1)	(8326L, 1)	3	2	1	3	3	4	3	4	2	3	4	3	0	4	0	3	0	1	2	2	0	2	4	4	3	2	0	0	4	3	2	1	0	3	4	4	1	2	3	4	0	0	3	1	1	4	3	3	3	1	3	3	0	4	2	4	2	2	1	4	1	0	0	4	0	3	0	1	3	3	0	0	4	2	3	1	4	1	2	1	0	3	3	4	1	3	0	0	2	4	1	1	2	2	4	4	2	3	3	4	4	1	4	0	1	4	4	3	4	2	4	1	2	4	2	1	2	4	0	4	4	3	1	3	3	3	0	3	0	3	1	3	3	3	2	2	0	1	3	3	2	1	2	0	3	4	1	1	3
(8222L, 2)	(8222L, 2)	1	2	1	4	3	4	3	4	2	2	4	1	0	4	0	3	0	1	3	0	0	2	2	4	1	4	0	0	0	1	2	1	0	4	4	4	1	0	3	4	0	0	2	3	3	4	3	3	1	1	3	4	0	4	4	4	1	2	2	2	0	0	0	4	0	3	0	1	1	3	0	0	1	2	0	2	1	1	4	4	0	3	3	4	3	3	1	0	0	4	1	1	2	2	4	3	2	3	3	2	4	4	4	0	3	4	3	3	2	3	4	1	2	4	2	1	2	4	0	2	2	3	3	4	3	4	0	1	0	3	0	3	3	3	2	4	0	3	1	3	2	1	2	0	3	2	3	1	1
(8222L, 1)	(8222L, 1)	1	2	1	4	3	4	3	4	2	2	4	1	3	4	4	3	0	1	3	2	1	2	2	4	1	4	2	1	0	1	2	1	3	4	0	4	1	2	3	4	1	3	2	3	3	4	3	3	1	1	3	4	1	4	4	4	1	2	2	2	0	1	2	4	1	3	2	1	1	3	4	1	1	2	1	2	1	1	4	4	2	3	3	4	3	3	5	3	2	4	1	1	2	2	4	3	9	3	3	2	4	4	4	3	3	4	3	3	2	3	4	1	2	4	2	1	2	0	3	2	2	3	3	4	3	4	4	1	3	3	0	3	3	3	2	4	3	3	1	3	2	1	2	1	3	2	0	1	1
(8328L, 1)	(8328L, 1)	3	2	3	0	3	4	1	4	4	3	0	3	0	4	0	4	0	1	2	0	0	2	4	4	3	4	0	0	0	1	2	1	0	4	4	2	1	0	1	4	0	0	3	3	3	4	3	1	3	1	3	3	0	2	2	2	2	4	2	2	0	0	0	2	0	4	0	1	3	3	0	0	4	4	0	2	4	1	4	1	0	3	3	4	3	0	2	0	0	2	1	1	2	2	2	3	0	4	1	4	2	1	4	0	3	4	3	3	4	2	4	1	4	4	2	1	2	0	0	2	2	1	3	4	3	4	0	3	0	0	0	3	2	1	1	2	0	3	3	4	3	1	2	0	1	4	3	1	1
(7238L, 1)	(7238L, 1)	3	2	3	3	3	4	1	4	4	3	2	3	3	4	4	4	3	1	2	2	1	2	4	4	3	4	2	1	2	1	2	1	1	4	4	2	1	2	3	2	1	3	0	1	3	4	3	1	3	1	3	3	3	2	2	2	2	4	2	2	0	3	4	2	2	4	1	1	3	3	1	1	4	4	3	2	1	1	4	1	4	0	3	4	3	1	1	1	2	2	1	1	2	2	2	3	9	4	1	4	2	1	4	2	3	4	3	3	4	2	4	1	4	4	2	1	2	4	3	2	2	1	3	4	3	4	3	3	3	0	3	3	3	3	2	4	3	1	1	4	0	1	2	1	1	0	3	1	1
(8329L, 1)	(8329L, 1)	1	1	1	4	1	4	1	1	4	2	0	3	0	4	0	3	0	1	2	2	0	2	2	4	1	4	0	0	0	1	2	3	0	4	4	4	1	2	3	2	0	0	3	1	3	4	1	1	1	1	1	3	0	4	4	2	2	2	1	2	0	0	0	4	0	3	0	1	3	3	0	0	1	2	0	1	4	1	4	4	0	1	1	3	1	3	1	0	2	2	3	3	2	2	4	4	2	3	3	4	4	4	4	0	1	4	4	1	4	3	4	1	2	1	2	1	4	4	0	4	2	3	1	4	3	4	0	1	0	3	1	3	2	1	2	2	0	3	3	3	3	1	2	0	1	4	3	1	1
(6042L, 2)	(6042L, 2)	1	1	1	3	3	2	3	4	4	2	2	1	1	4	4	3	0	1	3	2	2	2	4	4	1	4	2	4	4	1	0	3	1	3	4	2	1	4	3	4	0	1	3	1	3	2	1	3	3	3	3	3	3	4	2	4	2	2	1	4	3	3	4	4	1	3	0	1	1	3	4	4	4	4	1	2	1	1	4	4	2	1	3	4	1	3	1	1	0	4	1	3	1	2	4	3	4	4	3	4	2	4	4	2	3	4	3	1	2	2	1	2	4	4	1	3	2	4	2	2	4	3	3	4	3	3	0	1	3	3	3	3	3	1	2	4	3	1	3	3	2	1	4	1	3	4	3	1	3
(6042L, 1)	(6042L, 1)	1	1	3	4	3	2	3	1	2	3	2	1	0	4	0	3	0	1	2	2	0	2	4	4	1	4	0	0	2	1	1	1	0	4	2	4	1	4	1	4	0	0	2	3	3	2	1	3	3	1	3	4	0	4	4	4	1	2	2	2	1	0	0	4	0	3	0	3	3	1	0	0	4	2	3	1	4	1	4	4	0	1	3	4	3	3	1	0	2	4	1	3	1	2	4	3	0	3	0	4	2	4	4	0	1	4	3	3	2	2	1	2	4	4	2	3	2	4	0	2	4	3	1	4	3	3	0	1	0	3	1	3	3	3	2	4	0	1	1	3	2	1	2	0	3	4	1	1	3
(6043L, 2)	(6043L, 2)	1	0	1	0	1	0	0	4	2	3	4	0	0	0	0	4	0	2	3	0	0	0	4	0	3	2	0	0	0	3	1	1	0	3	2	4	4	0	3	4	0	0	0	3	1	0	0	3	3	1	3	4	0	4	2	2	1	4	0	4	0	0	0	2	0	3	0	0	3	3	0	0	1	2	0	2	0	3	4	4	0	0	1	0	0	0	1	0	0	4	1	0	1	0	2	4	0	0	0	4	0	0	4	0	3	0	0	3	4	3	4	1	0	4	2	0	0	3	0	4	2	3	0	0	0	4	0	3	0	0	1	3	3	1	2	0	0	3	0	3	0	0	2	0	1	4	1	4	3
(6043L, 1)	(6043L, 1)	1	1	1	3	1	4	1	4	2	3	4	3	1	1	2	4	0	2	3	2	1	2	4	4	3	2	2	4	4	3	1	1	1	3	2	4	4	2	3	4	3	3	3	3	1	4	3	3	3	1	3	4	1	4	2	2	1	4	1	4	1	1	2	2	2	3	1	3	3	3	4	1	1	2	1	2	1	3	4	4	2	3	1	4	1	1	1	1	2	4	1	3	1	1	2	4	4	4	3	4	4	4	4	2	3	4	3	3	4	3	4	1	4	4	2	1	2	3	3	4	2	3	3	4	3	4	0	3	3	3	1	3	3	1	2	2	3	3	3	3	2	1	2	3	1	4	1	4	3
(6046L, 2)	(6046L, 2)	1	1	1	3	1	4	1	4	2	3	4	3	0	1	0	4	0	2	3	2	0	2	4	4	3	2	0	0	4	3	1	1	0	3	2	4	4	2	3	4	0	0	3	3	1	4	3	3	3	1	3	4	0	4	2	2	1	4	1	4	1	0	0	2	0	3	0	3	3	3	0	0	1	2	0	2	1	3	4	4	0	3	1	4	1	0	0	0	0	4	1	3	1	1	2	4	0	4	3	4	4	4	4	0	3	4	3	3	4	3	4	1	4	4	2	1	2	0	0	4	2	3	3	4	3	4	0	3	0	0	1	3	3	1	2	2	0	3	3	3	2	1	2	0	1	4	1	4	3
(6046L, 1)	(6046L, 1)	1	1	1	3	1	4	1	4	2	3	4	3	1	1	2	4	0	2	3	2	1	2	4	4	3	2	2	4	4	3	1	1	1	3	2	4	4	2	3	4	3	3	3	3	1	4	3	3	3	1	3	4	1	4	2	0	1	4	1	4	1	1	2	2	2	3	1	3	3	3	4	1	1	2	1	2	1	3	4	4	2	3	1	4	1	1	1	1	2	4	1	3	1	1	2	4	4	4	3	4	4	4	4	2	3	4	3	3	4	3	4	1	4	4	2	1	2	3	3	4	2	3	3	4	3	4	3	3	3	3	1	3	3	1	2	2	3	3	3	3	2	1	2	3	1	4	1	4	3
(8332L, 1)	(8332L, 1)	3	2	1	3	3	2	3	4	4	0	2	3	0	4	0	4	0	1	2	0	0	4	4	4	1	4	0	0	0	1	0	1	0	3	4	2	1	0	3	2	0	0	2	3	3	4	1	3	3	3	3	3	0	4	4	4	1	4	2	2	1	0	0	2	0	4	0	3	1	1	0	0	1	2	0	2	4	1	4	4	0	1	3	3	3	3	2	0	0	4	1	1	2	2	4	4	0	4	1	4	4	4	4	0	1	4	4	1	2	2	1	2	2	4	2	3	2	0	0	2	4	3	1	4	3	3	0	1	0	3	0	3	2	3	1	2	0	3	1	3	2	1	2	0	1	2	3	1	3
(8333L, 1)	(8333L, 1)	3	2	1	3	3	4	3	1	2	2	2	1	0	4	0	4	0	1	2	0	0	4	4	2	1	4	0	0	0	1	1	1	0	3	4	4	1	0	1	2	0	0	3	3	3	4	1	3	3	1	3	4	0	4	2	4	1	2	2	2	1	0	0	2	0	4	0	1	1	3	0	0	4	2	0	2	4	1	4	4	0	3	1	4	3	3	2	0	2	4	1	1	2	2	2	3	0	4	3	2	4	1	4	0	1	4	3	1	2	2	4	1	4	4	2	1	2	0	0	2	2	3	3	4	1	3	0	1	0	3	1	3	3	3	2	4	0	1	1	4	2	1	2	0	1	2	1	4	3
(8334L, 1)	(8334L, 1)	1	1	1	4	1	4	1	4	4	3	2	1	0	4	0	3	0	1	2	2	0	2	4	4	3	4	0	0	0	1	1	3	0	4	4	4	1	4	3	4	0	0	3	3	3	2	1	3	3	1	3	3	0	4	2	4	1	2	2	2	0	0	0	2	0	3	0	1	3	3	0	0	4	4	3	2	4	1	2	1	0	1	1	4	3	3	1	0	2	2	3	1	2	2	2	4	0	4	3	4	2	4	4	0	1	4	3	1	2	2	1	1	2	4	2	1	4	3	0	2	2	3	1	4	3	3	0	1	0	1	0	1	2	1	2	4	0	1	3	3	3	1	4	0	3	2	1	4	3
(8335L, 1)	(8335L, 1)	3	1	3	4	3	4	1	4	2	3	2	1	0	1	0	4	0	1	2	4	0	2	2	4	3	4	0	0	2	3	2	3	0	3	4	2	1	2	3	4	0	0	3	3	3	2	3	3	1	1	3	3	0	4	4	4	1	2	1	4	1	0	0	2	0	3	0	3	1	3	0	0	4	2	0	2	1	1	4	1	0	1	3	4	1	3	1	0	2	4	3	1	2	1	4	4	2	3	1	4	2	1	4	0	3	2	4	3	4	2	1	1	4	4	2	1	2	4	0	2	4	1	3	4	3	4	0	3	0	3	0	1	3	1	2	2	0	1	1	4	3	3	2	0	1	4	1	1	3
(8336L, 1)	(8336L, 1)	3	1	3	3	1	2	3	1	2	2	2	3	0	4	0	3	0	1	2	2	0	4	4	2	3	4	0	0	0	3	2	1	0	3	2	2	1	2	3	4	0	0	2	1	3	2	3	1	1	3	1	3	0	2	2	4	2	2	1	2	1	0	0	2	0	4	0	3	1	3	0	0	1	2	0	1	4	1	4	1	0	1	3	4	3	0	1	0	2	2	1	1	1	2	4	4	2	4	1	4	2	4	2	0	1	2	3	1	2	3	1	1	4	4	2	1	4	0	0	4	2	3	1	4	1	4	0	1	0	3	1	3	2	1	2	4	0	1	1	4	3	1	4	0	1	2	1	4	1
(7453L, 1)	(7453L, 1)	1	1	1	3	1	4	1	1	4	3	4	1	1	1	2	4	0	1	3	2	1	2	2	2	1	2	3	1	0	3	1	1	3	4	4	4	1	2	1	4	3	3	0	3	1	2	1	3	1	3	3	3	3	2	2	4	1	2	2	2	3	1	2	2	2	3	2	3	3	1	4	4	1	4	1	2	4	1	4	1	2	0	1	3	3	3	2	3	2	2	1	1	2	2	4	4	4	3	3	2	2	1	4	3	1	4	3	3	4	2	4	2	4	4	1	3	2	4	3	2	2	3	3	4	3	4	4	3	3	1	3	1	3	3	2	2	3	1	1	3	0	1	2	1	1	0	1	4	1
(7245L, 1)	(7245L, 1)	0	1	1	10	3	4	0	1	2	2	4	3	1	4	4	3	0	1	2	2	1	2	2	2	1	2	2	4	2	1	1	1	1	3	4	2	1	4	3	2	3	3	8	3	1	9	3	1	3	3	3	3	1	4	4	2	2	2	0	2	0	1	2	2	2	3	2	0	1	3	4	4	4	2	1	1	1	1	2	1	2	0	3	4	1	3	1	3	4	2	3	1	1	1	2	4	2	4	1	4	2	4	4	3	3	4	0	1	4	0	4	1	4	4	1	1	4	4	2	2	4	3	3	4	3	3	3	3	1	0	1	3	2	1	0	2	3	1	1	3	0	3	4	1	3	0	1	1	3
(7255L, 1)	(7255L, 1)	3	2	1	3	3	2	1	4	4	2	2	3	1	4	4	4	0	2	3	2	1	4	4	2	1	2	2	4	2	1	2	1	3	3	4	4	1	4	1	2	1	3	2	3	3	2	1	1	1	3	1	3	3	4	2	2	1	4	2	4	1	3	4	2	1	3	1	3	3	3	4	4	1	2	1	1	4	1	4	4	2	0	3	3	3	3	1	1	2	4	1	3	1	1	0	3	9	4	0	2	4	4	4	2	3	2	3	1	2	3	4	2	4	4	2	3	2	4	2	2	2	3	3	4	1	3	3	3	3	3	3	1	2	3	2	2	3	1	1	3	0	3	4	1	1	0	1	1	3
(8337L, 1)	(8337L, 1)	3	1	3	4	1	4	1	1	4	2	0	3	0	4	0	3	0	1	2	0	0	4	2	4	1	4	0	0	0	1	2	1	0	4	2	4	1	0	3	4	0	0	3	3	3	2	1	1	1	3	3	3	0	4	4	2	2	2	1	4	0	0	0	2	0	3	0	3	3	3	0	0	1	2	0	2	4	1	4	4	0	1	3	4	3	0	1	0	0	2	3	1	2	2	4	4	2	3	1	4	2	4	2	0	1	4	3	3	2	2	4	1	4	4	1	3	4	4	0	2	4	3	3	4	1	4	0	1	0	3	1	6	2	3	2	2	0	3	3	3	3	1	2	0	1	2	1	1	1
(8338L, 1)	(8338L, 1)	3	1	1	4	3	2	1	4	2	2	2	3	0	1	0	3	0	2	2	4	0	2	2	4	3	4	0	0	0	3	2	3	0	3	2	4	1	2	3	4	0	0	2	3	3	2	3	1	1	1	3	3	0	2	2	4	1	4	2	4	0	0	0	2	0	3	0	3	3	3	0	0	1	2	0	2	1	3	2	1	0	3	3	3	1	3	2	0	2	4	1	1	1	2	4	4	2	3	1	4	4	4	4	0	3	4	3	3	2	3	1	2	4	1	2	1	2	3	0	2	2	3	3	4	3	3	4	3	0	1	1	3	3	1	2	2	0	3	3	4	2	3	2	0	3	4	3	1	3
(8339L, 1)	(8339L, 1)	3	2	3	4	3	4	1	1	4	2	0	1	0	1	0	4	0	1	3	2	0	2	4	4	3	2	0	0	0	1	1	3	0	3	2	4	4	0	3	4	0	0	3	3	3	4	1	3	3	1	1	3	0	4	4	2	1	4	1	2	0	0	0	4	0	3	0	1	1	1	0	0	1	2	0	1	4	1	4	4	0	1	3	4	1	3	2	0	0	4	1	1	1	1	2	4	0	4	3	2	2	4	4	0	1	4	3	1	2	2	1	2	2	4	2	1	4	0	0	2	2	3	3	4	3	4	0	1	0	3	0	3	3	3	1	2	0	3	3	4	2	3	4	0	3	2	3	1	3
(8340L, 1)	(8340L, 1)	3	2	1	4	3	2	1	4	2	2	2	1	0	4	0	3	0	1	2	0	0	4	2	2	1	2	0	0	0	3	2	1	0	3	4	4	1	0	1	4	0	0	2	1	3	4	1	3	1	1	3	4	0	4	4	4	1	2	1	4	0	0	0	4	0	3	0	3	3	1	0	0	1	2	0	2	4	1	4	1	0	3	1	3	1	3	2	0	2	2	1	1	0	2	2	4	0	3	3	2	2	4	2	0	1	2	3	3	2	3	4	1	2	4	1	3	4	0	0	2	4	3	3	4	3	3	0	3	0	1	0	3	2	3	2	4	0	1	1	3	2	3	4	0	3	2	1	4	1
(8341L, 1)	(8341L, 1)	1	1	1	3	3	4	3	1	2	2	0	3	0	4	0	3	0	1	2	0	0	2	2	2	1	9	0	0	0	1	1	1	0	3	4	2	1	0	3	2	0	0	3	3	1	4	3	1	3	3	3	3	0	4	4	9	2	2	2	2	0	0	0	2	0	3	0	3	1	3	0	0	4	2	0	1	1	1	2	1	0	3	3	4	1	3	1	0	0	2	3	1	1	1	2	4	0	4	1	4	2	4	4	0	3	4	4	1	4	3	4	1	4	4	1	1	4	0	0	2	4	3	3	4	3	3	0	3	0	1	1	3	2	1	2	2	0	1	1	3	3	3	4	0	3	2	1	1	3
(8342L, 1)	(8342L, 1)	3	2	1	3	3	4	1	1	2	2	4	3	0	4	0	4	0	1	2	2	0	2	4	4	1	4	0	0	0	1	1	1	0	3	2	4	1	2	3	2	0	0	3	3	3	2	3	1	3	1	3	3	0	4	4	4	2	2	1	4	1	0	0	2	0	3	0	1	1	3	0	0	1	2	0	1	1	1	4	4	0	1	3	3	3	3	0	0	2	4	1	1	2	2	2	3	0	3	3	4	2	4	4	0	3	4	3	1	2	3	4	2	4	1	1	1	2	0	0	2	4	3	3	3	3	3	0	3	0	1	1	3	2	3	2	4	0	1	1	3	3	1	2	0	3	2	3	1	3
(8429L, 1)	(8429L, 1)	1	1	1	4	3	4	3	4	2	2	0	1	0	4	0	3	0	1	2	0	0	2	2	2	1	4	0	0	0	3	2	1	0	3	4	4	1	0	3	4	0	0	2	1	3	2	3	3	1	3	1	4	0	4	4	4	1	2	2	4	0	0	0	4	0	3	0	1	1	3	0	0	4	2	0	2	4	1	4	1	0	3	1	4	3	3	2	0	0	2	3	3	2	2	4	4	0	3	3	4	2	4	2	0	1	4	3	3	2	3	4	1	2	4	2	3	2	0	0	2	4	3	3	4	3	3	0	1	0	0	1	3	3	3	2	4	0	1	1	3	3	3	4	0	3	4	3	1	3
(8343L, 1)	(8343L, 1)	1	2	1	3	1	4	1	1	2	3	4	3	0	1	0	4	0	1	3	4	0	2	2	2	1	4	0	0	0	1	1	3	0	3	2	4	4	2	3	2	0	0	3	3	1	4	1	3	1	1	3	3	0	4	4	4	2	2	1	2	0	0	0	2	0	4	0	3	3	3	0	0	0	2	3	5	1	1	2	4	0	3	3	3	3	3	2	0	0	2	3	3	1	1	4	4	0	4	3	4	2	4	4	0	3	4	3	1	2	2	0	2	2	1	2	1	2	3	0	2	2	3	1	4	3	4	0	3	0	3	0	3	3	3	2	2	0	3	1	4	2	1	4	0	1	2	1	1	3
(8246L, 1)	(8246L, 1)	3	1	1	3	1	4	1	4	4	2	2	1	0	4	0	0	0	1	0	2	0	2	4	4	1	4	0	0	2	3	2	1	0	4	2	4	1	4	3	4	0	0	2	3	1	4	1	1	6	3	3	0	0	4	2	4	0	4	1	4	1	0	0	2	0	3	0	3	3	0	0	0	1	0	3	0	4	0	4	1	0	1	1	4	3	3	1	0	0	0	3	1	1	1	4	0	0	3	1	4	4	4	0	0	1	4	4	0	4	2	1	1	4	4	1	1	4	4	0	0	0	3	1	3	3	0	4	3	0	0	1	0	3	1	1	4	0	1	3	4	3	3	4	0	0	0	3	1	1
(7265L, 1)	(7265L, 1)	1	1	1	4	3	2	3	1	2	2	2	1	1	4	2	3	0	1	2	4	2	2	4	4	1	2	2	1	0	1	2	1	1	4	0	2	1	4	1	4	3	3	2	3	3	2	1	3	3	1	3	3	1	2	2	0	2	4	1	2	0	3	4	2	1	3	1	1	1	1	1	4	1	2	1	1	1	1	4	1	2	1	1	4	3	3	5	3	2	2	3	1	2	2	4	4	4	4	3	4	4	4	2	3	1	4	4	1	4	2	4	2	4	4	1	1	2	0	2	2	2	3	1	4	1	3	3	3	3	1	1	3	2	1	1	2	1	3	1	3	3	3	4	3	3	2	1	1	3
(8344L, 1)	(8344L, 1)	1	1	1	4	3	2	3	1	2	2	2	1	0	4	0	3	0	1	2	4	0	2	4	4	1	2	0	0	2	1	2	1	0	4	4	2	1	0	1	4	0	0	2	3	3	2	1	3	3	1	3	3	0	2	2	2	2	4	1	2	3	0	0	2	0	3	0	1	1	1	0	0	1	2	0	1	1	1	4	1	0	1	1	4	3	3	1	0	2	2	3	1	2	2	4	4	0	4	3	4	4	4	2	0	1	4	4	1	4	2	4	2	4	4	1	1	2	0	0	2	2	3	1	4	1	3	0	3	0	1	1	3	2	1	1	2	1	3	1	3	3	3	4	0	3	2	1	1	3
(8345L, 1)	(8345L, 1)	3	2	3	4	3	4	1	4	4	2	2	3	0	4	0	3	0	1	2	2	0	2	4	4	3	4	0	0	0	3	2	3	0	4	2	2	4	0	3	4	0	0	2	1	3	4	3	3	1	3	3	3	0	4	4	4	1	4	1	2	0	0	0	4	0	3	0	3	1	3	0	0	1	2	0	1	4	3	2	4	0	1	1	4	3	0	1	0	2	2	3	1	2	2	4	4	0	3	1	4	4	4	4	0	1	4	3	3	4	2	1	2	4	4	2	3	2	0	0	4	2	1	1	3	1	4	0	1	0	1	0	3	2	3	2	2	0	3	1	4	3	1	4	0	1	2	3	1	1
(8346L, 1)	(8346L, 1)	3	2	3	3	1	2	3	4	4	2	0	3	0	4	0	3	0	1	2	2	0	2	4	4	3	4	0	0	2	3	2	3	0	4	2	2	4	2	3	4	0	0	2	3	3	4	1	1	1	3	3	3	0	4	4	2	1	2	2	2	3	0	0	2	0	4	0	1	3	3	0	0	1	2	0	1	4	1	4	4	0	3	1	3	3	1	2	0	2	2	3	1	1	2	4	3	0	3	3	2	4	1	4	0	1	2	3	3	4	2	4	2	4	4	2	3	2	0	0	4	2	1	1	3	1	4	0	1	0	1	1	1	2	3	2	4	0	3	1	4	3	1	4	0	1	2	3	1	1
(7275L, 1)	(7275L, 1)	3	2	1	3	3	2	1	4	4	3	2	3	3	4	4	3	0	1	2	2	1	4	4	2	3	4	2	1	0	1	2	1	3	4	4	4	4	4	3	2	3	3	3	1	3	2	1	1	3	1	3	4	3	4	4	0	1	2	1	2	1	1	4	2	2	3	2	1	3	3	4	4	1	2	3	1	4	1	4	1	4	1	3	4	3	1	2	3	2	4	1	1	1	2	2	3	4	3	3	2	4	1	4	2	1	2	3	3	2	2	1	2	4	4	1	1	4	0	2	4	2	1	3	4	1	3	3	3	3	3	3	3	3	3	2	2	1	1	3	3	2	1	4	1	3	4	1	4	1
(8347L, 1)	(8347L, 1)	1	1	1	3	3	4	3	4	2	3	2	3	0	1	0	3	0	2	3	4	0	4	2	2	1	4	0	0	0	1	1	1	0	3	4	4	1	2	3	2	0	0	2	3	1	4	3	1	1	1	1	4	0	4	4	2	2	2	1	4	3	0	0	4	0	3	0	3	1	3	0	0	1	2	0	1	4	1	4	1	0	3	1	3	3	3	1	0	2	2	1	1	2	2	4	3	0	4	1	2	2	1	4	0	1	4	4	1	4	3	4	2	4	4	1	3	2	0	0	4	2	1	3	4	3	4	0	1	0	1	1	1	0	3	2	4	0	3	3	3	3	3	4	0	1	2	1	1	1
(8348L, 1)	(8348L, 1)	3	2	1	4	3	4	3	4	4	2	2	3	1	4	2	4	0	1	2	2	1	4	4	4	1	2	3	1	0	1	1	1	1	3	4	4	1	2	3	4	1	3	2	3	3	4	1	1	3	3	3	3	1	4	2	0	1	2	2	4	0	3	4	4	1	3	1	3	3	3	4	4	1	2	3	1	1	1	4	1	4	1	3	4	1	3	1	3	2	2	3	3	1	2	4	3	4	4	3	4	2	4	4	3	1	4	3	1	2	2	4	1	0	1	2	1	2	4	2	2	4	3	3	4	3	3	3	3	1	1	0	3	2	1	2	2	3	1	3	3	3	3	2	1	3	2	1	1	3
(7262L, 1)	(7262L, 1)	3	2	1	3	1	4	3	4	4	2	2	1	3	4	4	3	0	1	2	4	2	4	2	2	3	4	2	4	0	1	2	1	3	3	4	4	1	4	1	4	3	3	3	3	3	2	3	3	1	3	3	3	3	4	2	9	1	2	2	4	1	3	4	2	2	4	1	1	1	3	1	4	1	2	1	1	4	1	4	1	2	1	3	3	3	3	5	1	2	2	1	1	1	1	4	3	4	4	1	4	2	4	4	3	1	4	3	1	4	2	4	1	2	4	2	3	2	0	2	2	4	3	1	4	3	3	3	3	3	1	3	1	3	3	2	4	1	3	1	3	3	1	2	1	3	2	1	1	3
(6064L, 2)	(6064L, 2)	1	2	1	3	1	4	1	4	2	3	4	3	1	1	2	4	0	2	3	2	1	4	4	4	3	2	3	1	2	1	2	3	1	3	4	4	1	2	1	4	3	1	3	3	3	4	3	3	1	1	3	4	1	4	2	2	1	4	1	4	1	1	2	4	2	4	2	3	3	1	4	1	1	4	1	2	4	1	2	1	4	3	1	3	3	3	1	1	4	2	1	3	1	1	4	4	4	3	3	4	4	1	4	3	1	4	3	3	4	3	1	1	4	1	2	1	2	3	3	4	2	3	3	4	1	4	3	1	1	3	1	3	3	3	2	2	3	3	3	4	2	1	2	1	1	4	1	4	3
(6064L, 1)	(6064L, 1)	1	2	1	3	1	4	1	4	2	3	4	3	0	1	0	4	0	2	3	2	0	4	4	4	3	2	0	0	2	1	2	3	0	3	4	4	1	2	1	4	0	0	3	3	3	4	3	3	1	1	3	4	0	4	2	2	1	4	1	4	1	0	0	4	0	4	0	3	3	1	0	0	1	4	0	2	4	1	2	1	0	3	1	3	3	3	1	0	4	2	1	3	1	1	4	4	0	3	3	4	4	1	4	0	1	4	3	3	4	3	1	1	4	1	2	1	2	3	0	4	2	3	3	4	1	4	0	1	0	3	1	3	3	3	2	2	0	3	3	4	2	1	2	0	1	4	1	4	3
(7276L, 1)	(7276L, 1)	1	2	1	0	1	2	0	4	2	2	4	1	1	4	2	3	0	1	2	4	2	2	4	2	3	4	2	1	0	1	2	1	3	3	0	2	1	4	1	2	3	3	2	3	1	2	0	3	1	3	1	3	3	4	2	2	1	2	2	2	0	3	4	4	2	4	0	0	1	3	4	4	4	2	1	1	4	1	4	4	2	0	1	0	0	3	2	1	0	2	3	1	1	2	2	3	4	4	1	4	4	0	4	3	3	0	3	1	4	2	4	1	4	1	2	1	2	0	2	2	2	3	0	0	3	3	0	3	3	3	1	3	2	3	2	2	3	1	1	3	2	1	2	1	1	4	1	1	1
(8349L, 1)	(8349L, 1)	1	1	1	4	3	4	1	4	2	3	0	1	0	4	0	3	0	2	3	2	0	4	4	4	1	4	0	0	0	3	2	3	0	4	4	4	4	0	3	4	0	0	2	3	3	4	1	3	3	1	3	3	0	2	2	4	2	2	1	4	0	0	0	4	0	3	0	3	1	3	0	0	1	2	0	1	1	1	4	4	0	1	3	3	3	3	2	0	0	4	1	1	2	2	4	4	0	4	1	4	2	4	4	0	1	4	4	3	4	3	1	1	2	4	1	3	2	3	0	4	2	3	3	4	3	4	0	3	0	1	0	3	3	3	2	4	0	1	1	3	3	1	2	0	3	2	3	1	3
(8350L, 1)	(8350L, 1)	1	2	3	3	1	4	1	4	2	3	2	1	0	4	0	3	0	1	3	4	0	4	4	2	3	4	0	0	0	1	2	3	0	3	4	4	4	0	3	2	0	0	2	1	3	4	3	3	3	1	3	3	0	2	2	4	2	2	1	4	3	0	0	4	0	3	0	1	3	3	0	0	1	2	0	1	4	3	4	4	0	3	3	4	3	3	2	0	2	4	3	1	2	1	2	3	0	3	3	2	2	4	4	0	3	4	4	1	4	2	4	1	4	1	2	1	2	3	0	4	2	3	1	4	3	4	0	3	0	1	1	3	2	3	2	4	0	1	1	3	2	3	2	0	1	2	3	4	3
(7282L, 1)	(7282L, 1)	3	2	3	4	3	4	3	1	4	2	2	1	1	1	4	3	0	2	2	4	2	2	4	2	3	4	2	4	4	1	1	1	1	3	0	2	4	4	3	4	3	3	2	3	3	2	1	1	1	3	3	3	3	4	4	0	1	2	2	2	0	3	4	2	2	3	2	1	1	3	4	4	1	2	1	1	1	1	4	1	2	1	3	3	1	1	5	1	2	2	3	3	1	2	4	3	4	3	1	2	2	1	2	3	3	4	3	1	4	2	4	2	2	4	2	1	4	0	3	2	2	3	3	4	3	3	3	3	3	1	1	0	3	1	2	4	3	1	1	3	3	3	4	1	1	2	1	1	3
(6074L, 2)	(6074L, 2)	1	2	1	0	3	4	1	4	2	2	4	3	3	4	2	4	0	2	3	4	1	2	4	4	1	2	2	1	0	1	1	3	1	4	2	2	1	4	1	4	3	3	2	3	3	2	3	3	1	3	1	3	3	4	2	9	1	2	1	2	0	1	2	4	2	3	2	1	3	3	1	4	4	2	1	1	4	1	2	4	2	3	3	3	1	3	1	1	2	2	1	3	2	2	4	3	9	4	3	4	2	1	2	2	1	2	4	1	4	3	4	1	4	4	2	3	4	3	2	2	2	3	3	4	3	4	4	1	3	1	3	3	2	3	2	2	3	3	1	3	3	1	2	3	3	4	1	1	3
(6074L, 1)	(6074L, 1)	1	2	1	0	3	4	1	4	2	2	4	3	0	4	0	4	0	2	3	4	0	2	4	4	1	2	0	0	0	1	1	3	0	4	2	2	1	4	1	4	0	0	2	3	3	2	3	3	1	3	1	3	0	4	2	0	1	2	1	2	1	0	0	4	0	3	0	1	3	3	0	0	4	2	0	1	4	1	2	4	0	3	3	3	1	3	1	0	2	2	1	3	2	2	4	3	2	4	3	4	2	1	2	0	1	2	4	1	4	3	4	1	4	4	2	3	4	3	0	2	2	3	3	4	3	4	0	1	0	1	0	3	2	3	2	2	0	3	1	3	3	1	2	0	3	4	1	1	3
(8351L, 1)	(8351L, 1)	1	2	1	3	3	4	1	4	2	3	4	1	0	4	0	4	0	1	2	4	0	2	4	4	3	2	0	0	0	3	1	1	0	3	4	4	1	2	1	2	0	0	3	3	1	2	3	3	1	3	3	4	0	4	2	2	1	2	2	2	0	0	0	4	0	3	0	3	3	1	0	0	1	4	3	1	4	1	2	4	0	1	1	3	3	0	1	0	0	2	1	1	2	1	4	4	2	3	3	2	4	1	4	0	1	4	4	3	4	0	1	1	4	4	2	1	2	3	0	2	2	3	3	4	1	4	0	1	0	3	0	1	3	3	2	2	0	3	1	3	3	1	2	0	1	4	1	1	3
(8352L, 1)	(8352L, 1)	1	2	1	3	3	4	3	4	4	2	4	1	0	1	0	3	0	1	3	2	0	2	2	2	3	2	0	0	0	1	1	1	0	3	2	4	1	0	3	4	0	0	3	3	3	2	1	1	1	3	3	3	0	2	2	4	2	2	1	2	0	0	0	2	0	3	0	1	3	3	0	0	4	2	0	1	4	1	4	4	0	3	3	3	3	3	1	0	2	2	1	1	1	2	4	4	0	3	3	2	2	4	4	0	1	2	4	1	2	3	4	1	2	4	2	1	4	0	0	2	4	3	1	4	3	4	0	3	0	0	1	1	2	3	2	2	0	1	1	4	3	1	2	0	1	2	1	1	3
(8353L, 1)	(8353L, 1)	3	1	3	4	1	4	1	1	4	2	2	3	0	1	0	3	0	1	3	4	0	2	4	4	1	4	0	0	0	1	2	1	0	3	2	4	1	0	3	4	0	0	3	3	3	2	3	3	3	3	3	3	0	2	4	4	1	4	1	4	0	0	0	4	0	4	0	1	3	1	0	0	1	4	0	2	1	1	4	0	0	1	3	3	3	0	1	0	0	2	1	1	2	2	4	3	0	4	3	4	2	4	4	0	3	4	3	3	4	3	4	1	4	1	2	3	4	4	0	2	4	1	1	4	1	4	0	1	0	1	1	3	3	3	2	2	0	3	1	3	3	1	2	0	1	2	3	1	1
(8354L, 1)	(8354L, 1)	3	2	1	3	3	4	1	4	4	2	4	1	0	4	0	3	0	1	2	4	0	4	2	2	1	2	0	0	2	1	2	1	0	4	2	2	1	2	1	4	0	0	2	1	3	2	3	3	1	3	1	3	0	4	4	4	1	2	1	4	0	0	0	4	0	3	0	1	3	3	0	0	4	4	0	1	4	1	2	1	0	1	3	4	1	3	1	0	9	4	1	1	2	2	4	4	2	3	1	2	4	4	4	0	1	4	4	3	4	2	1	1	4	4	1	1	2	4	0	2	4	3	3	4	3	4	4	3	0	3	0	3	2	1	2	2	0	1	3	4	2	1	4	0	3	4	3	1	3
(8355L, 1)	(8355L, 1)	1	2	1	3	3	2	3	4	4	2	2	3	0	4	0	4	0	1	2	0	0	4	2	4	1	4	0	0	0	1	1	3	0	4	4	4	4	0	3	2	0	0	2	3	3	4	3	3	3	1	3	3	0	2	2	4	1	2	1	2	1	0	0	2	0	3	0	3	1	3	0	0	1	2	0	1	4	1	4	4	0	3	3	3	3	3	0	0	0	2	1	1	2	1	2	3	0	3	1	2	2	1	2	0	1	4	3	1	4	2	1	1	2	4	2	1	2	0	0	2	4	3	3	4	1	3	0	1	0	3	1	3	3	3	2	4	0	1	3	3	2	1	2	0	3	4	1	4	3
(8243L, 1)	(8243L, 1)	3	1	3	4	3	4	1	4	4	2	2	0	0	1	0	3	0	1	2	2	0	2	2	4	1	4	0	0	2	1	1	1	0	4	2	2	1	2	1	4	0	0	2	3	3	2	1	1	3	3	3	3	0	2	2	0	2	4	2	4	3	0	0	4	2	3	0	3	3	3	0	0	4	4	0	2	4	1	4	4	0	3	3	4	3	1	1	0	2	2	1	3	2	2	4	3	2	4	1	2	4	4	2	0	3	4	3	1	2	2	4	2	4	4	1	1	2	4	0	2	2	3	3	4	1	4	0	1	0	3	1	1	2	3	1	2	3	3	3	3	2	1	2	0	1	2	1	1	1
(8244L, 1)	(8244L, 1)	3	1	1	4	3	4	1	1	4	3	0	3	0	4	0	3	0	1	3	4	0	2	2	4	1	4	0	0	0	1	1	1	0	3	4	2	1	2	3	4	0	0	3	3	1	4	1	1	1	1	3	4	0	4	2	4	2	2	2	2	1	0	0	2	0	3	0	3	1	3	1	0	1	2	3	1	1	1	4	1	0	3	3	3	3	1	1	0	0	4	3	3	2	2	4	3	0	3	3	4	2	4	2	0	3	4	4	1	2	2	1	1	4	4	2	1	2	3	0	2	2	1	1	4	3	3	4	1	0	3	1	3	3	1	2	2	0	1	3	3	3	3	2	0	3	4	3	1	3
(8356L, 1)	(8356L, 1)	3	1	3	4	3	4	1	1	2	2	4	1	0	4	0	4	0	1	2	2	0	2	2	4	1	4	0	0	2	1	1	3	0	3	4	4	1	4	3	2	0	0	3	3	1	4	1	3	1	1	3	4	0	4	4	4	2	2	1	2	1	0	0	4	0	3	0	3	1	1	1	0	1	2	3	2	4	1	4	1	0	3	3	4	3	3	2	0	2	2	3	3	2	2	4	3	0	3	3	4	2	1	4	0	3	2	3	3	4	2	1	1	4	1	2	1	2	3	0	2	4	3	3	4	3	3	0	1	0	3	1	3	3	3	2	2	0	1	3	4	3	3	2	0	1	2	3	4	1
(8357L, 1)	(8357L, 1)	1	1	1	3	3	4	3	1	4	2	2	3	0	4	0	4	0	1	2	4	0	4	4	4	3	4	0	0	0	3	2	1	0	4	2	2	1	2	1	4	0	0	2	3	3	4	3	1	1	1	3	3	0	4	4	4	2	4	1	2	0	0	0	4	0	4	0	3	3	3	0	0	1	2	3	1	1	1	4	1	0	1	3	4	3	1	1	0	2	2	1	1	2	1	4	3	0	4	3	2	4	4	2	0	3	4	3	1	4	2	1	1	2	4	1	1	2	4	0	2	2	1	1	3	3	3	0	3	0	3	1	3	3	3	1	2	0	3	1	3	3	3	2	0	1	4	3	1	1
(8358L, 1)	(8358L, 1)	3	2	1	3	1	2	1	1	2	2	4	1	0	4	0	3	0	1	2	4	0	2	4	4	1	4	0	0	2	3	2	1	3	4	2	4	1	0	3	4	0	0	2	3	1	4	1	1	3	1	1	3	0	2	4	2	1	4	1	4	3	0	0	2	0	3	0	3	3	1	4	0	4	2	0	1	4	1	4	4	0	1	1	4	3	3	0	0	4	2	3	1	1	1	4	3	2	3	1	4	4	4	2	0	1	2	4	3	4	2	1	2	4	4	1	3	4	4	3	4	4	1	3	3	3	4	0	3	0	3	1	3	2	1	1	2	3	3	3	3	3	3	4	0	1	2	3	1	1
(8359L, 1)	(8359L, 1)	3	2	0	4	3	2	1	1	4	2	0	3	0	1	0	3	0	1	3	0	0	2	4	4	1	4	0	0	2	1	2	3	0	3	4	2	1	0	3	2	0	0	3	3	3	2	3	3	3	1	1	3	0	2	4	2	1	4	1	4	3	0	0	2	0	3	0	3	3	3	0	0	4	2	0	1	1	1	4	4	0	1	3	3	3	3	1	0	0	2	3	1	1	1	4	3	0	3	1	4	4	4	2	0	1	2	4	3	4	2	1	1	4	1	1	1	2	0	0	2	4	1	3	4	1	4	0	1	0	3	0	1	3	1	1	4	0	1	1	3	3	1	4	0	1	2	3	1	3
(7306L, 1)	(7306L, 1)	1	1	1	3	3	2	1	4	2	2	2	3	1	4	4	3	0	1	2	2	1	2	2	4	1	4	3	1	0	1	1	1	3	4	2	4	1	4	3	4	3	1	2	3	3	2	3	1	1	1	1	3	3	2	4	2	2	4	1	2	0	3	4	4	2	4	1	1	1	3	4	1	1	2	3	1	0	1	4	4	4	3	3	4	1	1	2	1	4	2	1	1	1	1	4	3	4	3	3	4	4	4	4	2	3	2	3	1	4	3	1	2	2	4	2	1	2	4	2	4	2	1	0	4	1	3	4	1	1	3	3	3	2	1	2	2	3	1	3	3	2	1	2	1	1	2	1	1	1
(8360L, 1)	(8360L, 1)	1	1	1	3	3	4	3	4	4	3	0	3	0	1	0	3	0	1	2	0	0	2	4	2	1	2	0	0	0	3	5	3	0	3	4	2	1	2	3	4	0	0	3	3	1	2	1	3	3	1	1	4	0	4	2	2	1	2	2	2	0	0	0	4	0	4	0	1	3	3	0	0	1	4	0	1	1	1	4	4	0	1	1	3	1	3	2	0	0	2	3	1	2	1	2	3	0	3	3	2	4	4	2	0	1	4	3	1	4	3	1	1	4	4	2	3	2	0	0	4	2	1	1	4	3	4	0	1	0	3	0	1	2	1	1	2	0	3	1	3	3	1	2	0	1	2	1	1	1
(8361L, 1)	(8361L, 1)	1	2	1	4	3	4	1	4	4	2	4	1	0	4	0	3	0	2	3	0	0	4	4	4	1	4	0	0	0	1	1	1	0	3	4	2	4	0	3	2	0	0	2	1	3	4	1	3	3	3	3	4	0	4	2	4	1	2	1	2	0	0	0	2	0	3	0	3	1	3	0	0	4	2	0	2	4	1	4	1	0	3	3	4	1	3	2	0	0	4	1	3	2	2	2	4	0	3	3	4	4	4	4	0	1	2	3	1	2	2	4	1	2	1	2	1	2	0	0	2	4	3	1	4	1	3	0	3	0	3	1	3	3	3	2	4	0	1	3	4	2	1	4	0	1	4	1	4	3
(8362L, 1)	(8362L, 1)	3	2	1	4	3	4	3	4	2	2	4	3	0	1	0	3	0	1	2	2	0	4	4	4	1	4	0	0	4	1	1	1	0	4	4	4	1	0	1	4	0	0	3	3	3	4	3	3	3	3	3	4	0	4	2	4	2	2	2	4	1	0	0	2	0	3	0	1	3	1	0	0	4	4	0	1	4	1	4	1	0	1	3	3	1	3	1	0	2	4	1	1	2	2	4	4	2	4	3	4	4	1	4	0	1	2	3	1	2	2	4	1	4	4	2	1	2	4	0	2	4	1	1	4	3	3	0	3	0	3	0	3	3	1	2	4	0	1	1	3	2	1	2	0	3	2	1	4	1
(8363L, 1)	(8363L, 1)	3	2	1	4	3	4	1	4	2	2	2	1	0	1	0	4	0	1	2	2	0	4	4	4	1	4	0	0	4	1	1	1	0	4	4	4	1	4	1	4	0	0	3	3	3	4	3	3	3	3	3	4	0	4	2	4	2	2	2	4	1	0	0	4	2	3	0	3	3	3	0	0	4	2	0	2	4	1	4	1	0	1	3	3	3	3	2	0	2	2	1	1	2	2	4	4	2	4	3	4	2	1	4	0	1	2	3	1	2	2	4	1	4	4	2	1	2	4	0	2	4	1	1	4	3	3	0	3	0	3	0	3	3	1	2	4	0	1	1	3	2	1	2	0	3	2	1	4	1
(8364L, 1)	(8364L, 1)	1	1	3	3	1	2	1	1	2	0	2	3	0	4	0	3	0	2	2	2	0	4	2	2	3	2	0	0	0	1	1	3	0	3	2	2	1	0	3	2	0	0	2	1	3	2	1	3	1	3	3	3	0	2	4	4	2	2	1	2	0	0	0	4	0	3	0	1	3	3	0	0	1	2	0	1	4	1	4	1	0	3	3	3	1	0	0	0	0	4	3	3	1	2	2	3	2	4	1	4	2	4	2	0	3	2	3	1	4	3	1	1	4	4	2	1	4	0	0	4	2	1	1	3	3	4	0	3	0	3	1	3	2	3	2	4	0	3	3	3	3	1	2	0	1	2	1	1	3
(8365L, 1)	(8365L, 1)	3	2	1	3	3	2	3	4	4	2	4	3	0	4	0	3	0	1	2	2	0	2	2	4	3	4	0	0	0	1	1	1	0	3	4	4	1	2	3	4	0	0	2	1	3	4	3	3	3	1	3	3	0	4	2	4	1	4	1	2	1	0	0	2	0	3	0	1	3	3	0	0	1	2	3	2	4	1	4	1	0	1	3	4	3	3	2	0	2	4	1	3	2	2	4	4	0	4	3	4	2	4	4	0	1	4	3	1	2	2	4	1	4	1	2	1	2	3	0	2	4	3	3	4	1	3	0	3	0	3	0	3	2	3	2	2	0	3	3	3	3	3	2	0	1	2	1	4	3
(8411L, 1)	(8411L, 1)	3	2	1	4	1	4	3	4	2	3	4	3	0	4	0	4	0	1	3	4	0	4	4	2	1	4	0	0	0	1	1	1	0	4	2	2	1	2	3	4	0	0	2	3	3	2	3	1	3	3	3	4	0	4	2	2	1	2	1	2	0	0	0	2	0	3	0	1	1	3	0	0	4	2	3	2	4	1	2	1	0	1	3	4	3	1	1	0	2	2	3	3	1	1	4	4	0	4	1	4	4	1	2	0	1	2	3	1	2	2	4	2	4	4	2	1	2	3	0	2	4	3	3	4	3	3	0	3	0	1	1	3	2	1	2	2	0	1	1	3	2	1	4	0	1	4	1	4	3
(8367L, 1)	(8367L, 1)	3	2	1	4	3	4	3	4	2	2	2	3	0	4	0	4	0	1	2	0	0	2	4	2	1	4	0	0	0	3	2	1	0	3	4	4	1	0	3	2	0	0	3	3	1	2	1	3	1	1	3	3	0	4	2	4	2	4	1	2	0	0	0	4	0	4	0	3	3	3	0	0	1	2	0	1	1	1	4	4	0	1	1	0	3	3	2	0	0	2	3	1	2	2	4	3	2	3	3	2	4	4	2	0	3	0	4	1	9	2	1	2	4	4	2	3	2	4	0	4	2	3	1	3	3	4	0	1	0	1	1	3	2	3	2	2	0	1	1	4	3	3	2	0	1	2	3	1	1
(8368L, 1)	(8368L, 1)	0	2	0	0	0	4	0	0	0	0	0	3	0	0	0	4	0	0	0	0	0	4	0	2	1	4	0	0	0	0	0	0	0	4	0	0	1	0	3	0	0	0	3	1	0	4	0	0	0	0	0	3	0	0	0	0	0	0	0	0	0	0	0	0	0	4	0	3	3	3	0	0	1	2	0	1	4	3	4	0	0	1	1	0	1	0	0	0	0	0	3	1	0	2	4	0	0	0	3	0	4	0	9	0	1	0	3	1	2	0	1	0	4	0	2	3	2	0	0	4	2	3	1	3	3	4	0	1	0	0	0	3	0	0	0	0	0	3	0	4	2	1	2	0	1	2	3	0	0
(8369L, 1)	(8369L, 1)	3	1	3	4	3	4	3	4	4	2	2	1	0	1	0	4	0	1	2	2	0	2	2	2	3	4	0	0	2	3	2	3	0	3	4	2	1	2	3	4	0	0	3	3	1	2	3	3	1	1	3	4	0	4	4	4	1	2	2	2	3	0	0	4	0	3	0	1	1	3	0	0	4	2	0	2	1	1	4	1	0	3	3	4	1	3	1	0	2	4	3	1	2	1	4	4	2	3	1	4	2	1	4	0	3	2	4	3	4	2	1	1	4	4	1	3	2	3	0	2	4	1	3	4	3	4	0	3	0	3	1	1	3	3	2	2	0	1	1	4	3	3	2	0	1	2	1	1	3
(7471L, 1)	(7471L, 1)	3	2	1	4	3	4	1	4	2	2	2	1	3	4	4	3	0	1	2	4	1	4	4	2	1	4	2	4	0	1	1	1	3	3	2	4	1	2	3	2	1	1	2	3	3	2	3	3	1	3	1	3	3	4	4	4	1	2	1	2	0	3	4	2	1	3	1	1	1	3	4	4	4	2	3	2	4	1	2	1	2	1	3	4	1	3	2	1	2	2	3	3	1	1	4	4	4	4	1	4	4	1	2	2	1	2	3	1	2	2	4	2	4	4	1	1	4	0	2	2	4	3	1	4	3	4	3	3	3	3	3	3	3	3	2	4	1	1	3	3	2	1	4	1	3	4	3	1	3
(8370L, 1)	(8370L, 1)	3	2	1	3	1	2	1	1	2	2	4	1	0	4	0	3	0	1	2	4	0	2	4	4	1	4	0	0	2	3	2	1	0	4	2	4	1	0	3	4	0	0	2	3	1	4	1	1	3	1	1	3	0	2	4	2	1	4	1	4	3	0	0	2	0	3	0	3	3	1	0	0	4	2	0	1	4	1	4	4	0	1	1	3	3	1	1	0	0	2	3	1	1	1	4	3	0	3	3	4	2	4	4	0	3	2	3	1	4	2	1	2	2	4	1	3	4	0	0	4	4	1	3	3	3	4	0	3	0	3	1	3	2	1	1	2	0	3	1	3	3	1	4	0	1	2	3	1	1
(8371L, 1)	(8371L, 1)	1	1	1	3	3	2	3	1	2	3	2	3	0	4	0	3	0	2	2	2	0	2	4	4	1	4	0	0	2	3	2	1	0	4	2	4	1	0	3	4	0	0	2	3	3	4	1	1	3	3	3	3	0	4	4	4	2	2	1	2	3	0	0	4	0	4	0	1	3	3	0	0	1	2	0	1	4	1	4	4	0	3	1	3	3	3	2	0	0	2	3	1	2	1	4	3	0	4	3	4	2	4	4	0	3	2	3	1	4	2	1	2	2	4	1	1	4	0	0	4	2	1	1	3	3	4	0	3	0	3	1	3	2	3	2	4	0	3	1	3	3	1	4	0	1	2	1	1	1
(8372L, 1)	(8372L, 1)	3	2	1	3	1	2	1	1	2	2	4	1	0	4	0	3	0	1	2	4	0	2	4	4	1	4	0	0	2	3	2	1	0	4	2	4	1	4	3	4	0	0	2	3	1	4	1	1	3	1	1	3	0	2	4	0	1	4	1	4	3	0	0	2	0	3	0	3	3	1	0	0	4	2	0	1	4	1	4	4	0	1	1	4	3	3	1	0	4	2	3	1	1	1	4	3	2	3	0	4	4	4	2	0	1	2	4	3	4	2	1	2	4	4	1	3	4	0	0	4	4	1	3	3	3	4	0	3	0	3	1	3	2	1	1	2	3	3	3	3	3	3	4	0	1	2	3	1	1
(8374L, 1)	(8374L, 1)	3	2	1	4	3	4	1	4	4	2	2	3	0	1	0	3	0	1	3	4	0	2	4	2	3	4	0	0	0	1	1	1	0	3	4	2	0	4	1	2	0	0	3	3	3	4	1	3	3	1	3	3	0	2	4	2	1	2	2	2	0	0	0	2	0	3	0	1	3	3	0	0	4	2	0	1	4	1	4	4	0	1	3	4	1	1	2	0	0	4	1	1	2	1	2	3	0	4	3	4	4	1	4	0	1	2	3	1	4	3	4	2	4	1	2	3	2	3	0	2	4	3	3	3	3	4	0	3	0	1	1	3	3	1	0	2	0	1	1	3	3	1	4	0	1	2	1	1	3
(8375L, 1)	(8375L, 1)	3	2	1	4	3	4	1	4	2	2	4	1	0	4	0	3	0	1	2	4	0	4	2	2	3	2	0	0	0	3	2	1	0	3	4	4	4	2	3	2	0	0	2	1	3	2	3	3	1	1	1	3	0	4	4	4	1	2	1	4	1	0	0	4	0	3	0	1	1	3	0	0	4	4	0	1	4	1	2	1	0	3	3	3	1	0	2	0	2	2	1	3	0	2	2	4	0	3	3	4	2	4	2	0	1	4	4	3	2	3	4	1	2	4	1	3	4	4	0	2	4	3	3	4	3	3	0	1	0	0	1	3	3	3	2	4	0	1	3	3	2	1	4	0	3	4	3	1	3
(8247L, 1)	(8247L, 1)	1	1	3	4	3	4	1	4	2	3	2	1	0	1	0	4	0	1	2	4	0	2	2	4	3	4	0	0	2	1	2	1	0	3	4	2	1	2	3	4	0	0	3	3	1	2	3	3	1	1	3	3	0	4	4	4	1	2	1	4	1	0	0	2	0	3	0	1	1	1	0	0	4	2	0	2	4	1	4	1	0	1	1	4	1	3	1	0	2	4	1	1	2	1	4	4	0	3	1	4	4	4	4	0	3	4	4	3	4	3	4	1	4	1	1	1	4	3	0	2	2	1	1	4	3	4	0	3	0	3	0	1	3	1	2	2	0	1	1	4	3	3	2	0	1	4	1	1	3
(8376L, 1)	(8376L, 1)	1	1	1	3	1	4	1	4	2	3	4	3	0	4	0	3	0	1	2	0	0	2	4	2	3	2	0	0	4	3	1	1	0	3	4	4	4	0	3	4	0	0	2	3	3	2	3	3	1	1	3	0	0	2	2	4	1	2	1	2	1	0	0	4	0	3	0	3	3	1	0	0	1	4	0	1	1	3	2	1	0	1	3	4	1	3	1	0	0	2	1	3	2	1	4	4	0	4	1	2	2	1	4	0	1	4	4	3	4	3	4	1	4	4	1	1	2	3	0	4	4	1	3	4	1	4	0	1	0	1	0	1	3	1	2	2	0	3	1	3	3	1	2	0	1	4	1	4	3
(8377L, 1)	(8377L, 1)	3	2	1	3	3	2	3	4	2	2	2	1	0	4	0	4	0	1	2	2	0	2	4	4	1	4	0	0	2	1	2	3	0	3	4	4	1	4	1	4	0	0	2	3	3	2	1	1	1	1	3	4	0	2	2	4	2	2	1	2	1	0	0	2	0	3	0	3	1	3	0	0	4	2	0	2	4	1	4	4	0	1	1	4	1	3	1	0	2	4	1	1	1	2	2	4	0	4	1	4	2	4	4	0	1	4	3	1	4	3	1	1	4	1	2	3	2	4	0	2	4	3	3	3	3	3	0	3	0	1	0	1	2	1	1	2	1	1	1	3	3	3	4	0	1	2	3	1	1
(8378L, 1)	(8378L, 1)	3	2	1	4	3	4	1	4	4	2	4	3	0	1	0	3	0	2	2	2	0	4	4	4	3	4	0	0	0	3	2	1	0	4	4	4	1	4	3	4	0	0	3	1	3	4	1	1	3	1	3	4	0	4	2	2	1	2	2	2	1	0	0	4	0	3	0	1	3	3	1	0	1	2	0	2	4	1	4	4	0	1	3	3	3	3	2	0	2	4	1	3	2	2	2	3	2	4	3	4	4	1	4	0	1	4	3	3	4	3	4	1	4	4	2	1	4	4	0	2	2	3	3	3	1	3	0	3	0	1	1	3	3	3	2	4	1	1	1	3	2	1	2	0	3	2	3	4	3
(8379L, 1)	(8379L, 1)	1	1	1	3	3	4	1	4	4	2	2	3	0	4	0	4	0	1	3	2	0	4	4	4	3	4	0	0	0	1	2	1	0	3	2	4	1	2	1	4	0	0	3	3	3	4	1	1	1	3	3	3	0	2	2	4	1	4	1	2	0	0	0	4	0	4	0	1	3	3	0	0	1	4	0	1	4	1	4	1	0	3	3	4	3	0	0	0	0	2	1	1	2	1	4	4	2	4	3	2	4	4	4	0	3	4	3	1	4	2	4	2	2	4	2	1	2	0	0	2	2	1	3	4	1	3	0	3	0	3	1	3	3	1	1	4	0	1	3	3	3	3	2	0	1	4	3	1	3
(8245L, 1)	(8245L, 1)	3	2	3	4	3	4	3	4	4	2	2	3	0	4	0	4	0	1	2	4	0	4	2	2	1	4	0	0	0	3	2	1	0	4	2	4	1	4	3	2	0	0	3	3	3	4	1	3	3	1	3	3	0	4	4	9	2	2	1	2	0	0	0	2	0	3	0	1	3	3	1	0	1	2	1	1	4	3	2	1	0	3	3	3	3	0	2	3	0	2	3	1	2	2	4	3	2	4	3	2	4	1	2	0	3	2	4	1	4	2	4	1	2	4	2	3	4	4	2	2	2	3	1	3	1	4	0	1	0	3	1	3	3	3	1	2	3	1	1	3	3	1	4	0	1	2	3	1	1
(7332L, 1)	(7332L, 1)	3	2	3	4	3	4	3	4	4	2	2	3	1	4	4	4	0	1	2	4	1	4	2	2	1	4	3	1	2	3	2	1	1	4	2	4	1	4	3	2	3	3	3	3	3	4	1	3	3	1	3	3	1	4	4	9	2	2	1	2	1	3	4	2	1	3	1	1	3	3	1	1	1	2	1	1	4	3	2	1	4	3	3	3	3	1	2	3	4	2	3	1	2	2	4	3	2	4	3	2	4	1	2	2	3	2	4	1	4	2	4	1	2	4	2	3	4	0	2	2	2	3	1	3	1	4	3	1	3	3	1	3	3	3	1	2	3	1	1	3	3	1	4	1	1	2	3	1	1
(8380L, 1)	(8380L, 1)	1	1	1	3	3	4	3	4	4	2	2	3	0	4	0	4	0	1	2	4	0	2	4	2	3	0	0	0	0	1	2	1	0	4	4	2	1	2	1	4	0	0	2	3	3	4	1	1	1	1	1	3	0	2	2	2	1	4	1	4	3	0	0	4	0	3	0	1	1	1	0	0	1	2	3	1	4	1	4	1	0	3	3	4	1	1	1	0	0	2	1	1	2	1	4	4	2	4	3	4	2	4	4	0	3	4	3	1	4	2	1	1	4	4	2	1	2	4	0	2	2	1	3	4	1	3	0	1	0	3	1	3	3	3	2	4	0	3	1	3	3	3	2	0	3	4	3	1	1
(7328L, 1)	(7328L, 1)	0	2	0	3	0	2	3	0	0	2	4	3	0	1	2	4	0	1	3	0	0	2	4	4	3	0	0	1	2	0	0	1	3	3	0	4	0	2	0	0	3	1	3	0	3	4	1	0	1	0	3	3	1	0	0	0	1	2	2	2	3	3	4	0	2	0	0	1	0	3	4	7	1	4	3	5	4	1	4	1	0	3	0	3	3	0	0	3	0	2	0	1	0	1	4	4	9	4	3	2	4	4	4	3	0	4	3	1	0	0	0	0	0	4	0	1	2	0	3	2	2	0	3	4	1	3	0	0	3	3	1	3	3	0	0	4	3	3	1	3	3	3	0	1	3	2	0	0	0
(8248L, 1)	(8248L, 1)	0	2	0	4	1	4	3	0	0	2	2	1	0	4	0	3	0	1	3	0	0	4	2	2	1	0	0	0	0	0	0	1	0	3	2	2	0	0	0	0	0	0	2	0	3	2	1	0	1	0	1	3	0	0	0	0	1	2	1	4	1	0	0	0	0	0	0	3	0	3	0	0	4	4	0	1	4	1	2	1	0	3	0	3	1	0	0	0	0	2	0	1	0	2	2	4	0	3	1	2	2	4	2	0	0	4	4	3	0	0	0	0	2	4	0	3	4	0	0	2	4	0	3	4	3	4	0	0	0	1	1	1	2	3	0	4	0	1	3	4	2	1	0	0	3	4	0	0	0
(8381L, 1)	(8381L, 1)	1	2	1	4	1	4	1	4	2	2	2	1	0	4	0	3	0	0	3	0	0	4	2	2	1	2	0	0	0	1	2	1	0	3	2	4	1	0	1	2	0	0	2	1	3	2	1	3	1	3	1	3	0	4	4	4	1	2	1	4	0	0	0	4	0	3	0	3	1	3	0	0	4	4	0	2	1	1	2	1	0	3	3	3	1	3	2	0	0	2	1	1	0	2	2	4	0	3	3	4	2	1	2	0	3	4	4	3	2	2	4	1	2	4	1	3	4	0	0	2	4	3	3	4	3	4	0	1	0	1	1	3	2	1	2	4	0	1	3	3	2	3	2	0	3	4	3	1	1
(8382L, 1)	(8382L, 1)	1	2	3	4	3	4	3	4	4	2	0	3	0	1	0	4	0	1	3	4	0	2	4	4	1	4	0	0	2	1	2	3	0	3	4	2	1	2	3	4	0	0	2	3	3	2	1	3	3	1	1	4	0	2	2	4	2	2	1	4	3	0	0	4	0	3	0	1	3	3	0	0	1	2	3	1	1	1	4	1	0	3	3	4	1	3	1	0	2	2	1	1	0	2	2	4	0	3	3	4	4	4	4	0	3	4	4	3	4	2	1	1	2	1	2	1	2	4	0	2	2	3	3	4	3	4	0	3	0	1	0	3	3	3	2	2	0	3	1	3	2	1	2	0	3	2	1	4	3
(8383L, 1)	(8383L, 1)	1	1	1	3	3	4	1	4	2	0	4	3	0	4	0	4	0	1	3	0	0	2	2	4	3	2	0	0	0	1	2	1	0	3	4	4	1	0	1	2	0	0	3	3	1	4	1	3	1	3	3	3	0	2	2	4	2	2	1	2	1	0	0	4	0	3	0	1	3	3	0	0	1	2	0	1	4	3	4	1	0	3	3	3	1	0	1	0	0	2	1	1	2	1	2	4	2	3	3	2	2	1	2	0	1	4	4	3	2	2	1	1	4	4	2	1	4	0	0	2	4	3	3	4	3	4	0	3	0	3	0	3	3	1	2	2	0	1	1	3	2	1	2	0	3	2	3	4	3
(8384L, 1)	(8384L, 1)	3	2	1	4	3	2	3	1	4	2	2	3	0	4	0	3	0	2	3	0	0	2	4	4	3	4	0	0	0	1	1	3	0	4	2	2	1	0	3	2	0	0	3	3	3	2	1	1	1	3	3	3	0	4	4	2	1	2	2	2	0	0	0	4	0	4	0	1	1	3	0	0	1	4	0	1	4	3	2	4	0	3	1	3	3	0	1	0	0	4	3	1	1	2	4	4	2	3	3	2	4	4	4	0	1	2	3	3	4	2	4	2	4	1	2	3	2	4	0	4	2	1	1	3	1	4	0	1	0	1	1	3	3	3	2	2	0	3	1	4	3	1	4	0	1	2	1	1	1
(8385L, 1)	(8385L, 1)	3	2	1	4	1	2	1	4	2	0	4	3	0	1	0	3	0	1	2	0	0	4	4	4	1	4	0	0	0	3	2	3	0	3	4	4	1	2	1	4	0	0	2	3	3	2	1	1	1	1	1	3	0	4	2	4	2	2	1	2	1	0	0	2	0	4	0	3	3	3	0	0	1	2	0	1	4	1	4	4	0	3	3	4	1	0	1	0	2	2	1	1	2	1	4	4	2	3	1	4	2	4	4	0	1	2	3	1	4	3	4	2	2	4	1	3	4	4	0	2	4	1	1	4	3	3	0	1	0	1	1	3	2	1	2	2	0	1	3	3	3	3	2	0	3	2	1	1	3
(8386L, 1)	(8386L, 1)	3	2	1	3	3	2	1	1	4	2	4	3	3	4	4	3	0	1	2	2	2	2	2	4	3	4	3	1	0	1	1	1	3	3	4	4	1	4	1	4	1	3	2	1	1	4	3	3	3	3	3	4	3	4	2	4	2	4	1	2	0	3	4	4	2	3	2	3	3	3	4	4	1	2	1	2	4	1	4	4	2	3	3	4	1	3	1	1	2	4	1	1	2	2	4	4	2	4	3	4	2	4	4	3	3	4	4	1	2	3	4	2	2	4	2	1	4	4	3	2	4	3	3	4	1	4	3	3	3	3	3	0	2	1	2	2	3	3	1	3	2	3	2	3	3	2	1	1	3
(8387L, 1)	(8387L, 1)	1	2	1	4	3	4	1	4	2	3	4	3	0	1	0	3	0	1	2	2	0	2	2	2	1	2	0	0	2	1	1	1	0	3	2	4	1	4	1	4	0	0	2	3	3	2	3	1	3	1	3	3	0	4	4	0	2	4	2	2	3	0	0	4	2	3	0	1	3	3	0	0	1	2	3	1	1	1	2	1	0	1	1	3	3	1	1	0	2	2	1	3	2	2	2	4	0	3	3	4	2	4	4	0	3	4	4	1	4	2	1	1	2	4	2	3	2	4	0	4	4	3	3	3	3	3	4	3	0	1	1	3	3	1	2	2	0	1	1	4	2	3	4	0	3	2	1	1	3
(7346L, 1)	(7346L, 1)	1	2	1	3	3	2	3	4	4	2	4	3	3	4	4	4	0	1	0	2	1	2	2	2	3	4	2	1	2	0	2	3	3	3	0	4	1	2	3	0	3	1	0	1	3	2	3	3	3	1	0	4	1	4	2	0	1	4	1	4	0	1	2	4	2	3	0	0	3	3	4	1	1	4	1	1	4	1	4	1	2	0	3	3	1	0	0	1	2	2	0	1	2	2	4	4	2	0	1	4	4	1	4	2	0	4	3	1	4	3	1	0	4	4	2	1	2	0	2	4	2	3	3	4	1	3	3	1	3	3	0	3	3	3	2	4	1	3	3	4	0	1	2	0	3	0	1	0	3
(6088L, 1)	(6088L, 1)	1	2	1	4	3	4	3	4	2	3	2	1	1	4	2	3	0	1	2	2	1	2	4	4	3	4	2	1	0	1	1	1	1	3	0	4	1	2	1	4	1	3	3	1	3	4	1	1	3	1	1	3	1	4	4	4	2	4	1	4	0	1	2	4	2	3	1	1	3	3	4	4	1	2	1	1	1	1	4	1	2	1	3	4	1	1	1	1	2	4	1	1	1	2	4	3	9	4	3	2	4	4	2	3	1	4	4	1	4	3	1	1	4	1	1	3	4	4	3	4	2	3	3	4	3	4	3	3	3	3	1	3	2	3	2	2	3	1	1	3	3	1	2	1	1	4	1	1	1
(8388L, 1)	(8388L, 1)	3	2	1	3	3	4	3	1	2	2	2	1	0	4	0	3	0	1	2	4	0	2	2	4	1	2	0	0	0	3	2	1	0	3	4	4	1	4	3	2	0	0	3	1	3	4	3	3	1	3	3	3	0	4	2	4	1	4	1	4	0	0	0	4	0	3	0	3	3	3	0	0	4	4	3	1	4	1	2	4	0	1	3	4	1	3	1	0	0	4	1	3	2	2	4	3	0	4	3	4	4	4	4	0	1	4	3	3	2	3	1	0	0	4	1	1	2	4	0	2	4	3	3	4	1	4	0	1	0	0	1	3	3	1	2	2	0	1	1	3	2	1	4	0	3	2	1	4	1
(8389L, 1)	(8389L, 1)	3	2	1	4	3	4	3	4	4	2	4	3	0	1	0	3	0	2	3	4	0	2	4	2	1	2	0	0	0	1	1	1	0	4	4	4	1	2	3	4	0	0	2	3	1	4	1	3	3	3	3	4	0	4	2	4	1	2	2	2	0	0	0	2	0	3	0	3	3	3	0	0	1	2	0	2	4	1	4	4	0	3	3	3	3	3	1	0	2	4	1	1	2	2	2	4	0	4	3	4	2	4	4	0	1	4	3	1	4	2	4	1	4	4	2	1	2	3	0	2	2	1	1	4	3	3	0	3	0	1	0	3	3	3	2	4	1	3	1	3	2	3	2	0	1	2	3	4	3
(8390L, 1)	(8390L, 1)	3	2	1	4	1	4	1	4	2	3	4	3	0	1	0	3	0	2	3	0	0	2	2	4	3	2	0	0	0	1	2	3	0	3	4	4	1	0	1	4	0	0	2	3	3	2	1	3	1	1	1	3	0	4	2	4	1	2	1	2	1	0	0	4	0	3	0	3	3	1	0	0	4	4	0	2	1	3	2	4	0	1	3	3	3	3	1	0	0	4	1	1	2	1	4	4	0	4	3	4	2	4	4	0	3	4	3	3	2	3	4	1	4	4	1	3	4	0	0	4	4	3	3	4	1	3	0	3	0	0	1	3	2	1	2	2	0	1	1	3	3	1	2	0	1	4	1	4	3
(8391L, 1)	(8391L, 1)	3	2	1	4	1	4	1	4	2	3	4	3	0	1	0	3	0	2	3	0	0	2	2	4	3	2	0	0	0	1	2	3	0	3	4	4	1	0	1	4	0	0	2	3	3	2	1	3	1	1	1	3	0	4	2	4	1	2	1	2	0	0	0	4	0	3	0	3	3	1	0	0	4	4	0	2	1	3	2	4	0	1	3	3	3	3	1	0	0	4	1	1	2	1	4	4	0	4	3	4	2	4	4	0	3	4	3	3	2	3	4	1	4	4	1	3	4	0	0	4	4	3	3	4	1	3	0	3	0	0	1	3	2	1	2	2	0	1	1	3	3	1	2	0	1	4	1	4	3
(7352L, 1)	(7352L, 1)	3	0	1	0	3	0	0	4	2	3	2	0	1	0	4	0	0	2	0	4	2	0	2	0	0	4	2	1	0	1	2	1	3	4	2	2	1	4	3	2	1	3	0	1	3	0	0	3	3	3	3	3	1	4	2	4	1	2	0	2	0	1	2	2	1	3	1	0	1	1	4	1	1	2	3	0	0	1	2	0	2	0	1	0	0	3	0	1	4	0	3	0	2	0	4	4	4	0	0	4	0	0	4	2	1	0	0	1	2	3	4	2	0	4	2	0	0	4	3	0	0	3	0	0	0	0	3	1	3	3	1	3	0	1	2	0	3	1	0	3	0	0	2	1	3	2	1	1	3
(7356L, 1)	(7356L, 1)	3	2	1	3	1	2	1	1	2	2	4	1	1	4	2	3	0	1	2	4	2	2	4	4	1	4	3	1	2	3	2	1	3	4	2	4	1	4	3	4	1	3	2	3	1	9	1	1	3	1	3	3	3	4	2	2	2	2	1	4	3	3	4	2	1	3	2	3	3	1	4	1	4	2	1	1	4	1	4	4	2	1	1	4	3	3	5	1	4	2	3	1	1	5	4	4	9	3	1	4	4	4	4	2	3	2	4	1	4	2	4	2	2	1	2	1	2	3	2	2	2	1	3	4	3	4	4	1	3	3	3	3	2	1	1	2	3	3	3	3	3	3	2	1	1	2	3	1	3
(6243L, 2)	(6243L, 2)	3	1	1	4	1	2	1	1	2	2	2	1	3	4	2	3	0	1	3	4	1	4	2	2	1	4	2	1	0	1	2	1	1	3	2	2	1	2	3	4	1	3	2	3	3	4	1	3	3	6	3	0	3	4	4	4	1	4	2	4	1	1	2	4	1	4	2	1	3	1	4	4	1	2	1	1	4	1	4	4	2	3	3	4	1	1	1	1	2	4	1	1	2	2	2	4	9	4	3	4	4	4	4	2	1	4	3	1	4	2	4	1	4	4	2	1	2	4	3	2	2	3	1	4	1	3	0	3	1	3	1	1	3	3	2	4	3	3	1	3	2	3	2	1	3	4	1	1	3
(6243L, 1)	(6243L, 1)	3	1	1	4	1	2	1	1	2	2	2	1	0	4	0	3	0	1	3	4	0	4	2	2	1	4	0	0	0	1	2	1	0	3	2	2	1	2	3	4	0	0	2	3	3	4	0	3	3	1	3	3	0	4	4	4	1	4	2	4	0	0	0	4	0	4	0	1	3	1	0	0	1	2	0	1	4	1	4	4	0	3	3	4	1	0	1	0	2	4	1	1	2	0	2	4	2	4	3	4	4	4	4	0	1	4	3	1	4	2	4	1	4	4	2	1	2	4	0	2	2	3	1	4	1	3	0	3	0	3	1	1	3	3	2	4	0	3	1	3	2	3	2	0	3	4	1	1	3
(8392L, 1)	(8392L, 1)	1	1	3	3	1	4	3	1	4	3	2	1	0	4	0	3	0	2	3	4	0	4	4	4	3	4	0	0	0	3	2	3	0	4	2	2	1	2	1	4	0	0	2	1	3	4	3	1	1	1	3	3	0	4	4	2	1	4	2	4	0	0	0	2	0	4	0	1	3	3	0	0	4	4	0	2	4	1	4	1	0	3	3	4	3	0	1	0	2	2	1	1	2	2	4	4	0	4	1	4	4	4	4	0	3	4	3	3	4	2	4	1	4	4	2	1	2	0	0	2	2	1	3	4	3	4	0	3	0	3	0	3	2	1	1	2	0	3	1	4	3	3	2	0	1	4	3	1	3
(8393L, 1)	(8393L, 1)	3	1	3	3	1	4	3	1	4	2	2	3	0	1	0	4	0	1	3	2	0	4	4	4	3	4	0	0	0	1	1	3	0	4	4	4	1	2	1	4	0	0	2	3	3	4	3	1	1	3	3	3	0	2	2	2	2	4	2	2	0	0	0	2	0	4	0	1	1	1	0	0	1	4	0	1	4	1	4	1	0	3	3	4	3	0	2	0	0	2	1	1	2	2	4	4	0	4	3	4	4	1	4	0	3	4	3	1	4	2	4	2	4	4	1	1	2	0	0	2	2	3	1	3	3	3	0	3	0	0	0	3	3	3	1	2	0	3	1	4	2	3	2	0	3	4	3	1	1
(8394L, 1)	(8394L, 1)	1	2	3	3	3	4	1	4	4	2	2	3	0	4	0	3	0	1	2	2	0	2	4	2	1	4	0	0	0	1	2	3	0	3	4	4	1	0	3	4	0	0	2	3	1	2	1	3	3	1	3	3	0	2	2	4	1	2	1	4	0	0	0	2	0	3	0	1	1	3	0	0	1	2	0	2	4	1	4	1	0	1	3	3	3	0	0	0	0	2	1	3	2	2	4	4	2	3	3	2	4	4	4	0	1	4	4	1	2	3	4	2	4	4	2	1	2	0	0	2	2	3	3	4	3	3	0	3	0	3	1	3	2	3	2	2	0	1	1	3	2	3	4	0	1	4	1	1	3
(8395L, 1)	(8395L, 1)	1	2	3	3	3	4	1	4	4	2	2	3	0	4	0	3	0	1	2	2	0	2	4	2	1	4	0	0	0	1	2	3	0	3	4	4	1	2	3	4	0	0	2	3	1	2	1	3	3	1	3	3	0	2	2	2	1	2	1	4	0	0	0	2	0	3	0	1	1	3	1	0	1	2	3	2	4	1	4	1	0	1	3	3	3	1	1	0	4	2	1	3	2	2	4	4	2	3	3	2	4	4	4	0	1	4	4	1	2	3	4	2	4	4	2	1	2	4	0	2	2	3	3	4	3	3	4	3	0	3	1	3	2	3	2	2	0	1	1	3	2	3	4	0	1	4	1	1	3
(7376L, 1)	(7376L, 1)	0	1	1	4	3	4	3	1	0	2	2	3	1	4	4	4	4	1	2	2	1	4	4	4	1	9	2	1	2	1	2	3	3	3	4	4	1	4	0	0	1	3	3	0	3	2	1	0	3	1	3	3	3	0	0	4	2	4	1	4	3	3	4	2	2	4	2	3	1	1	1	4	4	2	3	2	4	1	4	1	2	0	3	3	3	0	2	3	4	2	3	1	0	2	4	3	4	3	1	4	4	1	4	3	0	4	3	1	0	0	4	2	4	4	2	1	4	4	2	2	4	3	3	4	3	3	3	1	1	3	1	3	2	3	0	4	1	1	3	3	0	3	4	1	1	0	3	0	0
(7381L, 1)	(7381L, 1)	1	0	3	0	3	0	0	1	2	2	4	0	3	0	2	3	0	1	2	2	2	0	4	0	1	2	2	1	0	3	2	3	3	4	4	4	4	2	3	2	1	1	0	1	1	0	0	3	1	3	1	3	3	2	4	2	1	4	0	2	0	3	4	4	1	3	1	0	3	3	1	4	1	2	1	1	0	1	4	1	2	0	3	0	0	3	2	1	2	4	1	0	2	0	4	4	4	0	0	4	0	0	4	2	3	0	0	1	2	2	1	2	0	4	2	0	0	0	2	2	2	3	0	0	0	4	3	3	3	1	1	1	3	3	2	0	1	1	0	3	0	0	2	3	3	2	1	4	1
(8396L, 1)	(8396L, 1)	1	2	3	4	3	4	1	4	2	3	2	1	0	1	0	4	0	1	2	2	0	4	4	4	1	4	0	0	2	1	2	1	0	3	4	2	1	2	3	4	0	0	3	3	1	2	3	3	3	3	1	3	0	4	4	4	1	4	2	2	1	0	0	4	0	3	0	1	3	3	0	0	1	2	0	1	4	1	4	1	0	1	1	4	1	3	1	0	2	2	1	1	2	2	4	3	2	3	3	4	4	4	4	0	3	2	3	1	2	2	1	1	2	1	1	1	4	3	0	2	4	3	3	4	3	4	0	3	0	1	0	1	3	3	2	2	0	1	1	3	3	3	4	0	1	2	3	1	3
(8397L, 1)	(8397L, 1)	1	2	1	4	3	2	1	1	4	3	2	1	0	4	0	3	0	2	2	2	0	2	2	4	3	4	0	0	4	1	1	1	0	4	4	2	4	0	1	4	0	0	3	3	3	4	1	3	1	1	3	3	0	4	2	4	1	2	1	2	1	0	0	4	0	3	0	1	3	1	0	0	4	2	0	1	4	1	4	4	0	3	3	3	3	3	0	0	2	4	3	1	2	1	4	4	0	4	1	4	2	1	2	0	3	4	3	1	4	3	4	2	4	4	1	1	4	0	0	4	2	1	3	4	3	3	0	3	0	3	1	3	3	3	2	4	0	3	1	3	3	3	2	0	1	4	1	1	3
(8398L, 1)	(8398L, 1)	3	2	3	4	3	2	1	1	2	2	2	1	0	1	0	4	0	1	3	2	0	2	4	4	1	2	0	0	0	1	2	1	0	4	4	4	4	2	3	2	0	0	2	1	3	4	1	3	3	3	3	3	0	2	4	4	1	2	2	2	3	0	0	4	0	3	0	3	3	3	0	0	1	2	0	1	1	1	2	1	0	1	3	3	3	0	2	0	2	2	1	1	2	2	4	4	0	3	3	2	2	1	4	0	1	4	4	1	4	2	4	2	2	4	1	1	4	0	0	2	4	3	3	4	1	3	0	3	0	1	1	3	3	3	2	2	0	1	3	3	2	1	2	0	1	2	1	4	3
(8399L, 1)	(8399L, 1)	3	1	1	4	3	4	1	1	2	2	2	3	0	4	0	3	0	1	3	2	0	2	2	4	3	4	0	0	0	3	1	1	0	4	4	4	4	0	3	2	0	0	2	1	3	4	1	3	3	3	3	3	0	2	4	4	2	4	1	2	1	0	0	2	0	3	0	3	1	3	0	0	1	2	0	2	1	1	4	4	0	1	3	3	3	0	2	0	2	4	1	3	2	2	2	3	2	3	1	4	4	4	4	0	1	4	4	3	4	2	1	1	2	4	1	1	4	0	0	2	4	3	3	4	1	3	0	1	0	1	0	3	3	3	2	2	0	1	1	3	2	1	2	0	3	2	1	1	1
(8400L, 1)	(8400L, 1)	3	1	3	4	3	4	1	1	2	2	4	3	0	1	0	3	0	2	2	4	0	4	4	4	3	4	0	0	2	1	1	1	0	3	2	4	1	2	3	2	0	0	2	1	1	4	3	1	3	1	3	3	0	4	4	2	2	4	2	2	3	0	0	2	0	4	0	1	1	3	0	0	1	2	0	1	4	1	4	1	0	1	1	3	3	1	1	0	0	2	3	1	2	1	4	4	2	4	3	4	4	4	4	0	3	4	3	1	4	2	1	1	4	4	1	1	4	3	0	4	2	1	1	3	3	3	0	1	0	3	1	3	2	3	2	4	0	1	1	4	2	3	2	0	1	4	3	1	3
(8401L, 1)	(8401L, 1)	1	1	1	3	3	4	1	4	2	0	0	3	0	4	0	4	0	2	3	0	0	4	4	4	1	2	0	0	0	1	2	0	0	3	0	2	4	0	3	2	0	0	3	1	1	4	3	3	3	1	3	3	0	2	2	2	1	2	2	0	1	0	0	4	0	3	0	3	3	3	0	0	1	4	0	2	1	1	2	1	0	3	1	3	1	3	2	0	0	2	1	1	2	2	2	4	0	4	3	4	2	1	4	0	3	2	4	1	4	2	1	2	4	1	2	1	4	0	0	2	2	3	3	4	3	3	0	3	0	3	0	3	2	0	1	4	0	1	1	3	3	1	2	0	3	4	1	1	3
(8402L, 1)	(8402L, 1)	1	1	1	3	3	2	1	4	2	3	4	3	0	4	0	3	0	2	3	2	0	4	4	4	1	2	0	0	2	1	2	3	0	3	2	4	1	0	3	4	0	0	3	3	3	4	3	3	3	1	3	4	0	2	2	2	1	2	2	4	0	0	0	4	0	3	0	3	3	3	0	0	1	4	0	1	1	1	2	1	0	3	1	3	1	3	1	0	0	2	1	3	2	2	2	4	0	4	3	4	2	1	4	0	3	2	4	1	0	2	1	2	4	1	2	1	2	3	0	4	2	3	3	4	3	4	0	1	0	3	0	3	2	1	2	4	0	3	1	3	3	1	2	0	3	4	1	1	3
(8249L, 1)	(8249L, 1)	1	2	3	4	3	4	3	4	2	2	4	1	0	4	0	3	0	1	2	2	0	2	2	2	1	4	0	0	2	1	2	1	0	3	4	4	1	2	3	2	0	0	2	1	3	2	3	3	3	1	3	4	0	2	2	4	1	4	1	2	1	0	0	4	0	3	0	1	3	3	0	0	1	2	3	1	4	1	4	4	0	3	3	3	3	1	1	0	2	4	1	3	1	2	4	4	0	3	1	2	2	1	4	0	1	4	4	3	2	2	1	1	2	4	2	3	4	3	0	2	4	1	3	4	3	4	0	3	0	3	0	3	2	1	2	2	0	1	1	3	2	1	2	0	1	4	1	1	3
(8403L, 1)	(8403L, 1)	3	2	1	4	0	4	1	4	2	0	0	3	0	4	0	3	0	0	2	0	0	2	2	4	1	4	0	0	0	3	2	0	0	3	0	4	4	0	1	4	0	0	3	3	3	4	1	3	1	1	3	4	0	4	4	4	1	4	2	0	0	0	0	4	0	3	0	1	1	3	0	0	4	2	0	1	1	1	4	1	0	3	3	3	3	3	2	0	0	4	1	3	2	2	2	4	0	4	3	4	2	4	4	0	1	4	3	3	2	2	4	1	4	4	2	1	2	0	0	2	4	3	3	4	1	4	0	3	0	3	1	3	3	0	2	4	0	1	1	3	2	1	4	0	3	2	3	4	3
(7477L, 1)	(7477L, 1)	3	2	1	3	1	2	3	4	4	2	2	1	1	4	2	3	0	1	2	4	1	2	4	2	3	4	2	1	2	1	2	3	3	3	0	2	1	4	3	4	1	3	3	3	3	4	3	3	3	3	3	3	1	4	4	4	1	4	1	4	1	3	4	2	2	4	1	3	1	1	1	4	1	0	3	1	1	1	4	4	2	1	3	3	3	3	5	1	2	4	1	1	2	2	4	4	2	3	1	4	4	1	4	3	1	4	3	1	2	2	4	1	4	1	2	3	2	4	2	2	4	3	3	4	3	3	0	3	3	1	3	1	3	3	2	4	3	1	1	4	2	3	4	3	1	2	3	1	1
(8404L, 1)	(8404L, 1)	1	2	3	4	3	4	1	4	2	0	2	0	0	4	0	3	0	1	2	0	0	4	4	4	3	2	0	0	0	1	2	1	0	3	4	4	1	0	3	2	0	0	3	3	1	2	0	1	1	3	3	3	0	4	4	0	1	4	2	2	0	0	0	4	0	3	0	3	1	3	0	0	1	2	0	1	1	1	4	1	0	3	3	3	3	3	0	0	0	2	3	1	2	2	2	4	0	4	1	2	4	4	2	0	3	4	3	1	4	2	1	2	2	4	2	1	4	0	0	2	2	1	3	3	3	4	0	3	0	1	0	3	3	3	2	2	0	3	1	4	2	3	2	0	1	2	1	4	3
(8405L, 1)	(8405L, 1)	3	1	1	3	3	4	1	4	2	2	2	1	0	1	0	3	0	1	2	4	0	4	2	2	1	2	0	0	0	3	2	1	0	3	2	4	4	0	3	4	0	0	2	1	3	4	3	3	1	1	3	4	0	2	4	4	1	4	1	2	0	0	0	2	0	4	0	1	3	1	0	0	1	2	0	2	1	1	4	1	0	1	3	3	3	3	1	0	0	2	1	3	1	2	4	4	0	3	3	2	2	1	4	0	3	4	4	3	2	3	1	1	4	4	1	3	2	0	0	2	2	3	3	4	1	3	0	3	0	1	1	3	3	3	2	4	0	1	1	4	3	1	4	0	3	4	3	4	3
(8406L, 1)	(8406L, 1)	1	1	1	3	3	2	3	4	4	2	0	1	0	4	0	3	0	1	3	0	0	2	4	4	1	4	0	0	0	1	0	3	0	3	4	2	1	0	3	4	0	0	3	1	3	2	1	3	3	3	3	3	0	4	2	4	2	2	1	4	3	0	0	4	0	3	0	1	1	3	0	0	4	4	0	2	1	1	4	4	0	1	3	4	1	3	1	0	0	4	1	3	1	2	4	3	0	4	3	4	2	4	4	0	3	4	3	1	2	2	1	2	4	4	2	3	2	4	0	2	4	3	3	4	3	3	0	1	0	0	0	3	3	1	2	4	0	1	3	3	2	1	4	0	3	4	3	1	3
(7406L, 1)	(7406L, 1)	1	2	3	4	3	4	1	4	4	3	4	3	1	1	4	3	0	1	2	4	1	2	2	4	1	2	2	1	4	3	1	1	1	3	4	4	1	2	3	2	3	3	2	1	1	2	3	3	1	1	1	3	1	2	4	2	1	2	1	4	3	3	4	4	2	3	1	3	3	3	4	4	1	2	1	1	4	1	4	4	2	0	1	3	3	3	1	1	2	4	1	1	1	2	4	3	2	4	1	2	4	4	4	2	1	4	4	1	4	3	4	2	2	4	2	3	4	3	2	4	2	3	3	4	3	4	4	1	1	3	3	3	3	3	1	2	1	3	3	3	0	1	4	3	1	0	3	4	3
(8407L, 1)	(8407L, 1)	1	2	1	4	1	2	1	4	4	2	2	1	0	4	0	4	0	1	3	0	0	2	4	2	1	4	0	0	0	1	1	1	0	4	4	2	1	0	3	4	0	0	2	3	3	2	3	1	1	3	3	3	0	4	2	4	1	4	2	4	0	0	0	2	0	3	0	3	1	1	0	0	4	4	0	1	4	3	4	1	0	1	3	4	3	0	2	0	0	2	1	1	2	2	4	3	0	4	3	2	4	4	4	0	3	2	3	3	2	2	4	2	4	1	2	1	2	0	0	2	2	3	3	3	3	3	0	3	0	0	0	1	2	3	1	2	0	1	1	3	3	1	2	0	3	2	3	1	1
(8408L, 1)	(8408L, 1)	3	2	3	3	3	4	1	4	2	2	2	3	0	1	0	3	0	1	2	2	0	2	4	4	1	4	0	0	0	1	2	1	0	4	2	4	1	0	3	4	0	0	2	3	1	4	1	1	3	1	1	3	0	2	4	9	2	2	1	4	0	0	0	2	0	4	0	3	3	3	0	0	4	2	0	1	1	3	4	1	0	1	3	3	3	3	1	0	0	2	3	1	1	1	4	3	2	4	3	4	4	1	4	0	3	2	4	3	4	2	1	1	4	4	1	3	4	0	0	4	4	1	3	3	3	4	0	3	0	1	0	1	2	1	1	2	0	3	3	3	3	3	4	0	1	2	3	1	1
(8409L, 1)	(8409L, 1)	3	2	1	4	3	4	3	4	4	2	4	3	0	1	0	4	0	1	2	2	0	2	2	2	1	4	0	0	4	1	1	1	0	3	4	4	1	2	3	2	0	0	2	1	3	4	1	3	1	1	3	3	0	4	2	4	1	2	2	4	1	0	0	4	0	3	0	3	1	3	0	0	1	2	0	2	4	1	4	4	0	3	3	4	1	3	0	0	2	2	1	3	2	1	4	4	2	3	1	2	4	4	4	0	1	4	4	1	2	2	4	1	4	4	2	1	4	0	0	2	2	3	3	4	3	4	0	1	0	3	0	3	2	3	2	2	0	1	3	4	2	1	4	0	3	2	1	4	3
(8410L, 1)	(8410L, 1)	1	2	1	3	1	4	3	4	4	0	2	3	0	4	0	3	0	2	3	0	0	4	2	4	1	2	0	0	0	1	2	1	0	3	4	2	1	0	3	4	0	0	2	1	3	4	3	3	3	3	3	4	0	4	2	4	1	2	2	4	0	0	0	2	0	3	0	1	1	1	0	0	1	4	0	1	1	1	4	1	0	3	3	4	3	3	2	0	2	4	1	3	2	1	2	4	0	4	3	4	2	4	2	0	1	4	4	1	2	2	1	1	4	4	2	3	2	3	0	2	4	3	3	4	1	4	0	3	0	1	1	3	2	1	2	2	0	3	3	3	2	1	4	0	1	2	1	4	1
(7418L, 1)	(7418L, 1)	0	1	3	4	3	4	0	4	4	2	2	3	3	4	4	3	3	1	2	4	1	2	4	2	3	4	3	1	0	1	2	1	3	3	4	2	1	2	3	2	3	3	8	1	1	2	0	1	3	3	1	3	3	2	4	2	1	4	1	4	0	3	4	2	2	3	1	3	1	3	4	1	1	4	3	1	4	1	4	1	4	0	1	0	1	3	2	1	2	4	3	1	1	0	4	3	2	4	1	4	4	4	2	2	3	4	0	1	4	2	4	2	4	4	2	1	4	3	2	2	2	3	1	4	3	4	3	3	1	3	3	3	3	3	2	2	3	3	1	3	0	1	2	1	1	0	3	4	3
