strain	nativename	AtMSQTsnp 2	AtMSQTsnp 4	AtMSQTsnp 8	AtMSQTsnp 9	AtMSQTsnp 10	AtMSQTsnp 11	AtMSQTsnp 12	AtMSQTsnp 14	AtMSQTsnp 15	AtMSQTsnp 18	AtMSQTsnp 21	AtMSQTsnp 22	AtMSQTsnp 27	AtMSQTsnp 29	AtMSQTsnp 30	AtMSQTsnp 31	AtMSQTsnp 33	AtMSQTsnp 38	AtMSQTsnp 40	AtMSQTsnp 41	AtMSQTsnp 47	AtMSQTsnp 48	AtMSQTsnp 49	AtMSQTsnp 53	AtMSQTsnp 54	AtMSQTsnp 57	AtMSQTsnp 58	AtMSQTsnp 60	AtMSQTsnp 61	AtMSQTsnp 62	AtMSQTsnp 63	AtMSQTsnp 65	AtMSQTsnp 67	AtMSQTsnp 69	AtMSQTsnp 73	AtMSQTsnp 76	AtMSQTsnp 85	AtMSQTsnp 87	AtMSQTsnp 88	AtMSQTsnp 90	AtMSQTsnp 91	AtMSQTsnp 92	AtMSQTsnp 97	AtMSQTsnp 100	AtMSQTsnp 101	AtMSQTsnp 104	AtMSQTsnp 108	AtMSQTsnp 114	AtMSQTsnp 118	AtMSQTsnp 123	AtMSQTsnp 126	AtMSQTsnp 128	AtMSQTsnp 129	AtMSQTsnp 130	AtMSQTsnp 132	AtMSQTsnp 138	AtMSQTsnp 140	AtMSQTsnp 142	AtMSQTsnp 143	AtMSQTsnp 145	AtMSQTsnp 146	AtMSQTsnp 155	AtMSQTsnp 156	AtMSQTsnp 159	AtMSQTsnp 164	AtMSQTsnp 169	AtMSQTsnp 170	AtMSQTsnp 173	AtMSQTsnp 174	AtMSQTsnp 177	AtMSQTsnp 184	AtMSQTsnp 186	AtMSQTsnp 187	AtMSQTsnp 188	AtMSQTsnp 189	AtMSQTsnp 191	AtMSQTsnp 194	AtMSQTsnp 197	AtMSQTsnp 198	AtMSQTsnp 203	AtMSQTsnp 205	AtMSQTsnp 214	AtMSQTsnp 220	AtMSQTsnp 222	AtMSQTsnp 223	AtMSQTsnp 231	AtMSQTsnp 232	AtMSQTsnp 235	AtMSQTsnp 237	AtMSQTsnp 242	AtMSQTsnp 244	AtMSQTsnp 249	AtMSQTsnp 254	AtMSQTsnp 260	AtMSQTsnp 263	AtMSQTsnp 266	AtMSQTsnp 267	AtMSQTsnp 274	AtMSQTsnp 278	AtMSQTsnp 279	AtMSQTsnp 281	AtMSQTsnp 282	AtMSQTsnp 285	AtMSQTsnp 286	AtMSQTsnp 288	AtMSQTsnp 292	AtMSQTsnp 294	AtMSQTsnp 300	AtMSQTsnp 304	AtMSQTsnp 306	AtMSQTsnp 307	AtMSQTsnp 310	AtMSQTsnp 312	AtMSQTsnp 315	AtMSQTsnp 321	AtMSQTsnp 323	AtMSQTsnp 325	AtMSQTsnp 327	AtMSQTsnp 331	AtMSQTsnp 334	AtMSQTsnp 343	AtMSQTsnp 350	AtMSQTsnp 351	AtMSQTsnp 355	AtMSQTsnp 358	AtMSQTsnp 359	AtMSQTsnp 360	AtMSQTsnp 361	AtMSQTsnp 368	AtMSQTsnp 370	AtMSQTsnp 372	AtMSQTsnp 373	AtMSQTsnp 378	AtMSQTsnp 379	AtMSQTsnp 388	AtMSQTsnp 390	AtMSQTsnp 392	AtMSQTsnp 394	AtMSQTsnp 395	AtMSQTsnp 397	AtMSQTsnp 398	AtMSQTsnp 399	AtMSQTsnp 404	AtMSQTsnp 406	AtMSQTsnp 408	AtMSQTsnp 409	AtMSQTsnp 410	AtMSQTsnp 412	AtMSQTsnp 415
5837	Bor-1	1	2	1	3	3	2	1	4	2	2	2	3	0	4	0	3	0	1	3	2	0	4	4	2	1	4	0	0	2	3	2	1	0	4	4	4	1	4	1	4	0	0	3	1	3	4	1	1	3	3	3	4	0	4	2	4	2	4	1	4	1	0	0	4	0	3	0	1	1	1	0	0	1	4	0	2	1	1	4	4	0	1	3	4	3	3	1	0	2	4	1	1	2	2	4	4	0	4	3	4	2	4	4	0	3	4	4	1	2	2	4	2	2	4	2	1	4	4	0	2	2	3	3	4	1	3	0	3	0	3	0	3	2	3	2	4	0	3	1	3	2	3	4	0	3	2	1	1	3
6008	Duk	3	2	1	4	3	4	3	4	4	2	4	1	3	1	2	3	0	1	2	2	2	2	2	4	3	4	2	1	2	3	2	1	1	3	0	4	1	2	1	4	3	1	2	1	1	4	1	3	3	3	3	4	1	4	2	4	1	2	1	4	1	3	4	4	2	3	1	3	1	3	4	4	1	2	1	1	4	1	4	4	2	3	3	4	1	3	1	1	2	4	1	3	2	2	4	4	4	4	3	4	4	4	4	2	1	2	3	3	2	3	1	1	4	4	2	1	4	3	3	2	4	3	3	4	3	4	4	1	3	3	3	3	2	3	2	2	3	1	1	3	2	1	2	3	3	2	0	4	3
6016	Eds-1	1	2	1	3	1	4	1	4	2	3	4	3	1	1	2	4	0	2	2	2	1	4	4	2	1	2	3	4	0	1	2	3	1	3	0	4	1	2	1	4	3	1	2	1	1	2	3	3	3	1	3	4	1	4	2	2	1	4	1	4	0	1	2	4	2	4	2	3	3	1	4	1	1	4	1	2	1	1	4	1	4	3	3	4	1	3	1	1	4	2	1	3	1	1	4	4	4	3	3	4	4	4	4	2	3	4	4	3	2	3	1	1	2	4	2	1	2	3	3	4	4	3	3	4	1	4	0	1	3	1	3	3	3	1	1	2	1	1	3	4	2	1	2	1	3	4	1	4	3
6024	Fly2-2	3	1	3	4	3	4	1	4	2	3	2	1	1	1	2	4	0	1	2	4	2	2	2	2	1	4	3	4	0	3	2	3	3	3	4	4	4	4	1	4	3	3	3	3	3	4	3	3	1	1	3	3	1	4	4	4	1	2	1	4	0	3	4	4	1	3	1	3	1	3	1	4	4	2	1	2	1	1	4	1	2	1	3	4	1	3	1	1	2	4	3	1	2	1	4	4	9	3	1	4	2	1	4	3	3	2	4	3	4	2	1	1	4	4	2	1	2	4	3	2	4	1	3	4	3	4	3	3	1	3	3	1	3	1	2	2	3	1	1	4	3	3	2	3	1	4	1	1	3
6039	Hovdala-2	1	2	1	4	3	4	1	4	2	2	4	1	1	1	2	0	0	1	0	2	1	2	2	2	6	4	2	1	2	1	1	1	3	3	0	4	1	2	3	4	3	3	2	1	3	4	1	3	1	3	1	3	1	4	2	4	0	2	1	4	0	1	2	4	2	3	2	3	1	3	4	4	4	2	1	2	4	1	4	0	4	3	1	4	1	3	2	1	2	2	3	1	2	1	2	3	4	3	3	4	4	1	4	2	1	4	3	3	4	2	1	1	4	1	2	1	2	0	3	0	0	3	3	4	1	3	3	3	3	0	1	3	3	3	2	2	3	3	1	3	3	1	2	3	3	2	1	1	1
6040	Kni-1	3	1	3	4	3	4	1	4	2	3	2	1	1	4	4	3	0	1	2	4	1	2	2	4	3	0	2	1	0	1	0	1	1	3	4	4	1	2	3	4	3	3	3	3	3	4	1	3	3	1	3	3	3	4	2	9	1	2	2	2	0	3	4	2	2	3	1	3	1	3	1	1	4	2	1	2	1	1	4	1	2	1	3	4	1	3	1	1	2	4	3	1	2	1	4	4	9	3	1	4	2	1	4	3	3	2	4	3	4	2	1	1	4	1	2	1	2	4	3	2	4	1	3	4	3	4	3	3	1	3	1	1	3	3	2	2	3	1	1	4	3	3	2	3	1	4	1	1	3
6042	Lom1-1	1	1	1	3	3	2	3	4	4	2	2	1	1	4	4	3	0	1	3	2	2	2	4	4	1	4	2	4	4	1	0	3	1	3	4	2	1	4	3	4	0	1	3	1	3	2	1	3	3	3	3	3	3	4	2	4	2	2	1	4	3	3	4	4	1	3	0	1	1	3	4	4	4	4	1	2	1	1	4	4	2	1	3	4	1	3	1	1	0	4	1	3	1	2	4	3	4	4	3	4	2	4	4	2	3	4	3	1	2	2	1	2	4	4	1	3	2	4	2	2	4	3	3	4	3	3	0	1	3	3	3	3	3	1	2	4	3	1	3	3	2	1	4	1	3	4	3	1	3
6043	Löv-1	1	0	1	0	1	0	0	4	2	3	4	0	0	0	0	4	0	2	3	0	0	0	4	0	3	2	0	0	0	3	1	1	0	3	2	4	4	0	3	4	0	0	0	3	1	0	0	3	3	1	3	4	0	4	2	2	1	4	0	4	0	0	0	2	0	3	0	0	3	3	0	0	1	2	0	2	0	3	4	4	0	0	1	0	0	0	1	0	0	4	1	0	1	0	2	4	0	0	0	4	0	0	4	0	3	0	0	3	4	3	4	1	0	4	2	0	0	3	0	4	2	3	0	0	0	4	0	3	0	0	1	3	3	1	2	0	0	3	0	3	0	0	2	0	1	4	1	4	3
6046	Löv-5	1	1	1	3	1	4	1	4	2	3	4	3	0	1	0	4	0	2	3	2	0	2	4	4	3	2	0	0	4	3	1	1	0	3	2	4	4	2	3	4	0	0	3	3	1	4	3	3	3	1	3	4	0	4	2	2	1	4	1	4	1	0	0	2	0	3	0	3	3	3	0	0	1	2	0	2	1	3	4	4	0	3	1	4	1	0	0	0	0	4	1	3	1	1	2	4	0	4	3	4	4	4	4	0	3	4	3	3	4	3	4	1	4	4	2	1	2	0	0	4	2	3	3	4	3	4	0	3	0	0	1	3	3	1	2	2	0	3	3	3	2	1	2	0	1	4	1	4	3
6064	Nyl-2	1	2	1	3	1	4	1	4	2	3	4	3	1	1	2	4	0	2	3	2	1	4	4	4	3	2	3	1	2	1	2	3	1	3	4	4	1	2	1	4	3	1	3	3	3	4	3	3	1	1	3	4	1	4	2	2	1	4	1	4	1	1	2	4	2	4	2	3	3	1	4	1	1	4	1	2	4	1	2	1	4	3	1	3	3	3	1	1	4	2	1	3	1	1	4	4	4	3	3	4	4	1	4	3	1	4	3	3	4	3	1	1	4	1	2	1	2	3	3	4	2	3	3	4	1	4	3	1	1	3	1	3	3	3	2	2	3	3	3	4	2	1	2	1	1	4	1	4	3
6074	Ör-1	1	2	1	0	3	4	1	4	2	2	4	3	3	4	2	4	0	2	3	4	1	2	4	4	1	2	2	1	0	1	1	3	1	4	2	2	1	4	1	4	3	3	2	3	3	2	3	3	1	3	1	3	3	4	2	9	1	2	1	2	0	1	2	4	2	3	2	1	3	3	1	4	4	2	1	1	4	1	2	4	2	3	3	3	1	3	1	1	2	2	1	3	2	2	4	3	9	4	3	4	2	1	2	2	1	2	4	1	4	3	4	1	4	4	2	3	4	3	2	2	2	3	3	4	3	4	4	1	3	1	3	3	2	3	2	2	3	3	1	3	3	1	2	3	3	4	1	1	3
6088	Stu1-1	1	2	1	4	3	4	3	4	2	3	2	1	1	4	2	3	0	1	2	2	1	2	4	4	3	4	2	1	0	1	1	1	1	3	0	4	1	2	1	4	1	3	3	1	3	4	1	1	3	1	1	3	1	4	4	4	2	4	1	4	0	1	2	4	2	3	1	1	3	3	4	4	1	2	1	1	1	1	4	1	2	1	3	4	1	1	1	1	2	4	1	1	1	2	4	3	9	4	3	2	4	4	2	3	1	4	4	1	4	3	1	1	4	1	1	3	4	4	3	4	2	3	3	4	3	4	3	3	3	3	1	3	2	3	2	2	3	1	1	3	3	1	2	1	1	4	1	1	1
6243	Tottarp-2	3	1	1	4	1	2	1	1	2	2	2	1	3	4	2	3	0	1	3	4	1	4	2	2	1	4	2	1	0	1	2	1	1	3	2	2	1	2	3	4	1	3	2	3	3	4	1	3	3	6	3	0	3	4	4	4	1	4	2	4	1	1	2	4	1	4	2	1	3	1	4	4	1	2	1	1	4	1	4	4	2	3	3	4	1	1	1	1	2	4	1	1	2	2	2	4	9	4	3	4	4	4	4	2	1	4	3	1	4	2	4	1	4	4	2	1	2	4	3	2	2	3	1	4	1	3	0	3	1	3	1	1	3	3	2	4	3	3	1	3	2	3	2	1	3	4	1	1	3
8222	Lis-2	1	2	1	4	3	4	3	4	2	2	4	1	0	4	0	3	0	1	3	0	0	2	2	4	1	4	0	0	0	1	2	1	0	4	4	4	1	0	3	4	0	0	2	3	3	4	3	3	1	1	3	4	0	4	4	4	1	2	2	2	0	0	0	4	0	3	0	1	1	3	0	0	1	2	0	2	1	1	4	4	0	3	3	4	3	3	1	0	0	4	1	1	2	2	4	3	2	3	3	2	4	4	4	0	3	4	3	3	2	3	4	1	2	4	2	1	2	4	0	2	2	3	3	4	3	4	0	1	0	3	0	3	3	3	2	4	0	3	1	3	2	1	2	0	3	2	3	1	1
8231	Brö1-6	3	2	1	3	3	4	3	4	2	0	0	1	0	1	0	4	0	1	3	0	0	4	2	4	3	4	0	0	0	1	2	1	0	3	2	4	1	0	1	2	0	0	3	3	1	2	3	1	1	1	3	3	0	2	2	2	1	2	2	2	0	0	0	4	0	3	0	1	3	3	0	0	1	2	0	1	4	3	4	1	0	1	3	4	3	3	1	0	0	2	1	1	0	1	2	4	0	3	3	4	2	4	2	0	1	4	3	1	4	3	1	1	2	4	2	3	2	3	0	2	2	3	3	4	3	4	0	1	0	3	0	3	3	3	2	4	0	1	1	3	2	1	2	0	3	2	3	0	3
8233	Dem-4	3	2	1	3	1	2	1	1	2	2	4	1	0	4	0	3	0	1	2	4	0	2	4	4	1	4	0	0	2	3	2	1	0	4	2	4	1	4	3	4	0	0	2	3	1	4	1	1	3	1	1	3	0	2	4	0	1	4	1	4	3	0	0	2	0	3	0	3	3	1	0	0	4	2	0	1	4	1	4	4	0	1	1	4	3	3	1	0	0	2	3	1	1	1	4	3	2	3	1	4	4	4	2	0	1	2	4	3	4	2	1	2	4	4	1	3	4	4	0	4	4	1	3	3	3	4	4	3	0	3	1	3	2	1	1	2	3	3	3	3	3	3	4	0	1	2	3	1	1
8234	Gul1-2	1	2	1	4	1	4	3	4	2	2	2	1	0	4	0	3	0	1	2	4	0	2	2	4	1	4	0	0	4	1	1	1	0	4	4	4	4	4	3	2	0	0	8	6	1	2	3	3	1	1	1	4	0	2	2	4	1	2	2	4	3	0	0	4	0	3	0	1	1	3	0	0	1	2	3	1	1	1	4	1	0	3	3	3	1	3	1	0	2	2	1	1	2	1	2	3	2	4	1	4	2	4	4	0	3	4	3	3	4	3	7	1	4	4	2	1	4	4	0	2	2	3	1	4	3	4	0	3	0	1	1	3	3	1	2	2	0	3	1	3	2	1	2	0	3	4	1	1	3
8235	Hod	3	2	1	0	3	2	3	1	4	2	4	1	0	1	0	4	0	1	2	2	0	2	4	4	1	2	0	0	2	1	2	1	0	4	4	4	1	4	3	4	0	0	3	3	3	4	1	3	3	3	3	4	0	4	2	4	1	2	2	2	3	0	0	4	0	4	0	1	1	1	0	0	1	4	3	1	1	1	2	1	0	3	3	3	3	0	1	0	2	4	1	1	2	2	2	4	0	3	1	2	4	1	4	0	3	4	3	1	4	2	1	1	4	4	2	1	2	3	0	4	4	3	3	4	3	3	0	3	0	1	1	1	2	1	2	2	0	1	3	3	2	1	4	0	3	2	1	4	1
8236	HSm	3	2	1	3	3	4	3	1	2	3	2	3	0	4	0	3	0	1	2	4	0	2	4	4	1	4	0	0	4	1	2	3	0	4	4	4	1	0	3	2	0	0	2	3	1	4	1	3	3	3	3	4	0	4	2	4	1	2	2	2	0	0	0	4	0	3	0	3	3	3	0	0	1	2	3	2	1	1	4	4	0	3	3	3	3	3	2	0	2	4	1	3	2	2	4	4	2	3	3	4	4	1	4	0	1	2	3	1	2	2	1	1	4	4	1	1	2	3	0	2	2	3	3	4	1	3	0	3	0	1	1	3	2	3	2	2	0	3	3	3	2	1	4	0	3	2	3	4	1
8237	Kävlinge-1	3	1	1	4	3	4	3	4	2	3	2	3	0	1	0	4	0	1	3	2	0	4	4	2	1	4	0	0	9	1	1	3	0	4	4	4	1	0	3	4	0	0	2	1	3	2	3	3	1	1	3	4	0	4	2	4	1	2	2	4	3	0	0	4	0	3	0	1	1	1	0	0	4	2	0	1	4	1	4	1	0	3	3	3	3	0	2	0	2	2	3	1	2	2	4	3	0	3	1	2	2	4	4	0	1	4	3	1	4	2	4	1	4	1	2	1	2	4	0	2	2	1	1	4	1	3	0	3	0	3	0	3	3	1	2	2	0	3	1	3	2	1	2	0	1	4	1	4	1
8238	Kent	3	2	1	4	3	4	1	4	4	2	2	3	1	1	4	3	0	1	3	4	2	2	4	2	3	4	2	4	2	1	1	1	3	3	4	2	4	4	1	2	1	3	3	3	3	4	1	3	3	1	3	3	1	2	4	2	1	2	2	2	1	3	4	2	1	3	2	1	3	3	1	4	4	2	1	1	4	1	4	4	4	1	3	4	1	0	2	3	4	4	1	1	2	1	2	3	4	4	3	4	4	1	4	2	1	2	3	1	4	3	4	2	4	1	2	3	2	3	2	2	4	3	3	3	3	4	0	3	1	1	1	3	3	1	2	2	3	1	1	3	3	1	4	3	1	2	1	1	3
8239	Köln	1	2	1	4	3	4	1	1	2	2	4	3	0	4	0	3	0	1	2	2	0	2	4	4	3	4	0	0	0	1	2	1	0	3	4	4	1	0	3	4	0	0	2	3	1	2	3	1	1	3	3	3	0	2	2	4	1	2	2	2	1	0	0	2	0	3	0	1	1	1	0	0	1	2	0	1	4	3	4	4	0	1	3	4	1	0	2	0	0	2	3	3	2	2	4	4	2	4	3	4	4	1	4	0	1	2	3	3	4	3	1	2	4	4	2	3	2	4	0	2	2	3	3	3	3	4	4	1	0	3	1	3	2	1	2	4	0	1	1	4	3	3	4	0	1	4	3	1	1
8240	Kulturen-1	1	2	1	4	3	2	3	4	2	3	2	3	0	1	0	3	0	1	2	2	0	4	4	4	1	4	0	0	0	1	1	1	0	3	4	4	4	2	3	4	0	0	2	3	1	4	1	3	3	3	3	4	0	4	4	2	1	2	2	2	0	0	0	4	0	3	0	1	3	3	0	0	4	2	0	2	4	1	4	1	0	1	3	3	3	0	2	0	2	2	3	3	2	2	4	4	0	4	0	2	4	1	2	0	1	2	3	3	4	3	4	2	4	1	2	1	4	4	0	2	2	3	3	4	3	4	0	1	0	3	1	3	0	3	2	2	0	1	1	3	2	1	2	0	3	4	1	4	3
8241	Liarum	1	2	1	3	3	4	1	4	2	2	4	1	0	4	0	3	0	2	2	2	0	2	2	4	3	4	0	0	2	1	1	3	0	3	4	2	1	4	3	2	0	0	2	3	1	4	1	3	3	3	3	3	0	4	4	4	2	2	1	4	3	0	0	2	0	3	0	1	1	3	0	0	4	2	0	2	4	1	4	4	0	3	1	4	3	3	1	0	2	4	1	1	2	2	2	4	2	4	3	2	2	1	4	0	1	4	3	1	4	2	4	1	4	4	2	1	2	4	0	2	4	3	3	4	3	4	0	3	0	3	0	3	3	3	2	2	0	3	1	3	2	1	2	0	1	4	1	4	3
8242	Lillö-1	1	2	3	4	1	4	3	4	2	2	4	1	0	4	0	3	0	1	3	4	0	2	4	4	3	4	0	0	0	1	2	1	0	3	4	4	4	4	3	4	0	0	3	3	1	2	3	3	3	1	3	3	0	2	2	4	2	2	1	2	0	0	0	2	0	3	0	1	3	3	0	0	1	2	3	1	1	1	4	1	0	3	3	3	1	3	1	0	2	4	1	1	2	2	2	4	2	3	3	2	4	4	2	0	1	4	3	3	4	3	1	1	4	1	2	1	2	4	0	2	2	3	3	4	1	3	0	1	0	1	1	3	3	3	2	2	0	1	3	3	2	1	2	0	1	4	1	1	3
8243	PHW-2	3	1	3	4	3	4	1	4	4	2	2	0	0	1	0	3	0	1	2	2	0	2	2	4	1	4	0	0	2	1	1	1	0	4	2	2	1	2	1	4	0	0	2	3	3	2	1	1	3	3	3	3	0	2	2	0	2	4	2	4	3	0	0	4	2	3	0	3	3	3	0	0	4	4	0	2	4	1	4	4	0	3	3	4	3	1	1	0	2	2	1	3	2	2	4	3	2	4	1	2	4	4	2	0	3	4	3	1	2	2	4	2	4	4	1	1	2	4	0	2	2	3	3	4	1	4	0	1	0	3	1	1	2	3	1	2	3	3	3	3	2	1	2	0	1	2	1	1	1
8244	PHW-34	3	1	1	4	3	4	1	1	4	3	0	3	0	4	0	3	0	1	3	4	0	2	2	4	1	4	0	0	0	1	1	1	0	3	4	2	1	2	3	4	0	0	3	3	1	4	1	1	1	1	3	4	0	4	2	4	2	2	2	2	1	0	0	2	0	3	0	3	1	3	1	0	1	2	3	1	1	1	4	1	0	3	3	3	3	1	1	0	0	4	3	3	2	2	4	3	0	3	3	4	2	4	2	0	3	4	4	1	2	2	1	1	4	4	2	1	2	3	0	2	2	1	1	4	3	3	4	1	0	3	1	3	3	1	2	2	0	1	3	3	3	3	2	0	3	4	3	1	3
8245	Seattle-0	3	2	3	4	3	4	3	4	4	2	2	3	0	4	0	4	0	1	2	4	0	4	2	2	1	4	0	0	0	3	2	1	0	4	2	4	1	4	3	2	0	0	3	3	3	4	1	3	3	1	3	3	0	4	4	9	2	2	1	2	0	0	0	2	0	3	0	1	3	3	1	0	1	2	1	1	4	3	2	1	0	3	3	3	3	0	2	3	0	2	3	1	2	2	4	3	2	4	3	2	4	1	2	0	3	2	4	1	4	2	4	1	2	4	2	3	4	4	2	2	2	3	1	3	1	4	0	1	0	3	1	3	3	3	1	2	3	1	1	3	3	1	4	0	1	2	3	1	1
8246	NC-6	3	1	1	3	1	4	1	4	4	2	2	1	0	4	0	0	0	1	0	2	0	2	4	4	1	4	0	0	2	3	2	1	0	4	2	4	1	4	3	4	0	0	2	3	1	4	1	1	6	3	3	0	0	4	2	4	0	4	1	4	1	0	0	2	0	3	0	3	3	0	0	0	1	0	3	0	4	0	4	1	0	1	1	4	3	3	1	0	0	0	3	1	1	1	4	0	0	3	1	4	4	4	0	0	1	4	4	0	4	2	1	1	4	4	1	1	4	4	0	0	0	3	1	3	3	0	4	3	0	0	1	0	3	1	1	4	0	1	3	4	3	3	4	0	0	0	3	1	1
8247	San-2	1	1	3	4	3	4	1	4	2	3	2	1	0	1	0	4	0	1	2	4	0	2	2	4	3	4	0	0	2	1	2	1	0	3	4	2	1	2	3	4	0	0	3	3	1	2	3	3	1	1	3	3	0	4	4	4	1	2	1	4	1	0	0	2	0	3	0	1	1	1	0	0	4	2	0	2	4	1	4	1	0	1	1	4	1	3	1	0	2	4	1	1	2	1	4	4	0	3	1	4	4	4	4	0	3	4	4	3	4	3	4	1	4	1	1	1	4	3	0	2	2	1	1	4	3	4	0	3	0	3	0	1	3	1	2	2	0	1	1	4	3	3	2	0	1	4	1	1	3
8248	Shahdara	0	2	0	4	1	4	3	0	0	2	2	1	0	4	0	3	0	1	3	0	0	4	2	2	1	0	0	0	0	0	0	1	0	3	2	2	0	0	0	0	0	0	2	0	3	2	1	0	1	0	1	3	0	0	0	0	1	2	1	4	1	0	0	0	0	0	0	3	0	3	0	0	4	4	0	1	4	1	2	1	0	3	0	3	1	0	0	0	0	2	0	1	0	2	2	4	0	3	1	2	2	4	2	0	0	4	4	3	0	0	0	0	2	4	0	3	4	0	0	2	4	0	3	4	3	4	0	0	0	1	1	1	2	3	0	4	0	1	3	4	2	1	0	0	3	4	0	0	0
8249	Vimmerby	1	2	3	4	3	4	3	4	2	2	4	1	0	4	0	3	0	1	2	2	0	2	2	2	1	4	0	0	2	1	2	1	0	3	4	4	1	2	3	2	0	0	2	1	3	2	3	3	3	1	3	4	0	2	2	4	1	4	1	2	1	0	0	4	0	3	0	1	3	3	0	0	1	2	3	1	4	1	4	4	0	3	3	3	3	1	1	0	2	4	1	3	1	2	4	4	0	3	1	2	2	1	4	0	1	4	4	3	2	2	1	1	2	4	2	3	4	3	0	2	4	1	3	4	3	4	0	3	0	3	0	3	2	1	2	2	0	1	1	3	2	1	2	0	1	4	1	1	3
8251	Ag-0	3	2	3	3	3	4	3	4	2	2	0	3	0	1	0	4	0	1	2	2	0	4	2	2	1	4	0	0	0	1	2	3	0	3	2	4	1	2	1	4	0	0	2	3	1	4	1	3	1	1	0	3	0	4	4	2	1	4	2	2	0	0	0	4	0	3	0	3	1	3	0	0	1	2	0	1	4	1	4	4	0	1	3	3	1	0	1	0	2	2	1	1	1	2	4	3	2	3	1	4	4	4	4	0	1	2	4	1	2	2	4	2	4	4	2	1	2	0	0	2	2	3	1	4	1	3	0	1	0	3	0	3	3	3	2	2	0	3	1	4	3	3	2	0	1	4	3	1	1
8252	Alc-0	3	1	3	0	3	4	3	4	4	3	4	3	0	1	0	3	0	1	3	2	0	4	4	4	1	4	0	0	0	1	2	3	0	3	4	4	1	2	1	4	0	0	2	3	3	4	0	1	1	1	3	3	0	4	4	0	2	2	1	4	0	0	0	4	0	3	0	1	3	1	0	0	4	4	0	1	4	1	4	1	0	3	3	3	1	0	1	0	2	2	1	1	2	1	4	4	0	4	3	4	2	1	4	0	3	4	4	1	0	3	1	2	4	4	2	1	2	4	0	2	2	3	0	4	3	4	4	1	0	3	1	3	2	1	1	2	0	3	3	3	3	3	2	0	3	4	3	1	3
8253	An-1	1	1	3	4	3	2	1	4	4	2	0	1	0	1	0	4	0	1	2	0	0	2	2	2	3	4	0	0	0	1	1	1	0	4	4	4	1	0	3	2	0	0	3	1	3	2	1	1	3	1	3	3	0	2	4	2	2	4	1	4	0	0	0	2	0	3	0	1	3	3	0	0	1	4	0	1	4	1	4	1	0	1	3	4	3	0	2	0	0	2	1	1	2	1	4	4	0	3	3	4	4	4	4	0	1	4	4	1	4	3	4	2	4	1	1	3	2	0	0	2	4	3	1	3	1	4	0	1	0	1	0	1	2	1	2	2	0	1	1	4	2	1	4	0	1	2	3	4	3
8254	Ang-0	3	2	1	4	3	2	3	1	4	2	2	3	0	4	0	3	0	2	2	2	0	2	4	4	1	4	0	0	2	1	1	3	0	4	2	2	1	2	3	2	0	0	3	3	3	2	3	3	1	3	3	3	0	4	4	4	2	2	2	2	0	0	0	2	0	4	0	1	3	3	0	0	1	2	0	1	4	1	4	4	0	3	1	3	3	1	2	0	2	2	3	1	1	2	4	4	2	3	3	2	4	4	2	0	3	2	3	1	4	2	4	2	4	1	2	3	2	4	0	4	2	1	1	3	1	4	0	1	0	1	1	3	3	3	2	2	0	3	1	4	3	1	4	0	1	2	1	1	1
8256	Bå1-2	1	1	1	3	1	4	3	4	2	2	4	3	0	4	0	4	0	1	2	4	0	2	2	4	1	4	0	0	4	1	1	3	0	3	2	2	1	4	1	4	0	0	2	3	1	2	3	1	3	3	3	3	0	4	4	4	1	2	1	4	1	0	0	2	0	3	0	1	1	3	0	0	4	2	0	2	4	1	4	1	0	3	3	4	1	3	1	0	2	2	3	1	1	2	4	3	0	3	3	2	4	4	4	0	3	2	4	1	4	3	4	1	2	4	2	3	2	3	0	2	4	1	3	4	3	3	0	3	0	3	0	3	2	3	2	2	0	1	3	3	3	3	2	0	3	4	1	1	3
8257	Bå3-3	1	2	1	4	3	4	3	4	2	2	4	1	0	4	0	3	0	1	3	2	0	2	2	4	1	4	0	0	2	1	2	1	0	4	4	4	1	2	3	4	0	0	2	3	3	4	3	3	1	1	3	4	0	4	4	4	1	2	2	2	1	0	0	4	0	3	0	1	1	3	0	0	1	2	0	2	1	1	4	4	0	3	3	4	3	3	1	0	2	4	1	1	2	2	4	3	2	3	3	2	4	4	4	0	3	4	3	3	2	3	4	1	2	4	2	1	2	4	0	2	2	3	3	4	3	4	4	1	0	3	0	3	3	3	2	4	0	3	1	3	2	1	2	0	3	2	3	1	1
8258	Bå4-1	1	1	1	3	1	4	3	4	2	2	2	1	0	4	0	4	0	1	2	4	0	2	2	2	3	4	0	0	4	3	1	1	0	3	4	4	1	2	1	4	0	0	2	1	3	4	3	3	1	1	3	4	0	4	4	2	1	4	1	2	1	0	0	4	0	3	0	1	1	3	0	0	1	2	0	2	1	1	4	4	0	3	3	4	1	3	2	0	0	2	3	1	1	2	4	4	2	3	3	2	4	4	2	0	3	4	3	1	4	3	4	1	2	4	2	3	2	3	0	2	2	3	3	4	3	3	4	1	0	3	0	3	3	3	2	2	0	1	1	3	3	1	2	0	3	4	1	1	3
8259	Bå5-1	1	1	1	3	1	4	3	4	2	2	2	1	0	4	0	4	0	1	2	4	0	2	2	2	3	4	0	0	4	3	1	1	0	3	4	4	1	2	1	4	0	0	2	1	3	0	3	3	1	1	3	4	0	4	4	9	1	4	1	2	1	0	0	4	0	3	0	1	1	3	0	0	1	2	0	2	1	1	4	4	0	3	3	4	1	3	2	0	0	2	3	1	1	2	4	4	2	3	3	2	4	4	2	0	3	4	3	1	4	3	4	1	2	4	2	3	2	3	0	2	2	3	3	4	3	3	0	1	0	3	0	3	3	3	2	2	0	1	1	3	3	1	2	0	3	4	1	1	3
8260	Bay-0	3	1	1	3	3	4	3	1	2	2	2	1	0	4	0	4	0	1	2	4	0	2	2	2	3	4	0	0	0	1	2	1	0	4	4	4	4	2	3	2	0	0	2	3	1	2	3	3	1	1	3	3	0	4	2	4	1	4	1	4	0	0	0	4	0	4	0	3	3	3	0	0	1	2	0	1	1	1	4	1	0	3	3	4	3	0	0	0	0	2	1	1	2	2	2	4	2	3	1	2	4	4	4	0	3	2	3	1	2	2	4	1	4	1	1	1	4	0	0	2	4	1	3	4	1	4	0	1	0	3	1	3	3	1	0	4	0	1	1	4	3	1	2	0	1	2	1	1	1
8261	Bg-2	1	1	1	4	3	2	3	1	4	2	2	3	0	4	0	3	0	2	2	4	0	4	2	4	3	4	0	0	2	1	2	3	0	4	2	4	1	0	3	4	0	0	3	3	3	4	1	1	3	3	3	3	0	4	4	0	1	2	2	2	0	0	0	2	0	4	0	1	1	3	0	0	1	4	3	1	1	3	2	4	0	3	3	3	3	1	1	0	2	4	3	1	2	2	4	3	0	4	3	4	2	4	2	0	3	2	3	1	4	2	1	1	2	4	2	3	2	3	0	4	2	1	1	3	3	4	0	1	0	3	0	3	3	3	1	2	0	3	3	3	3	3	2	0	1	2	1	1	1
8262	Bil-5	1	1	1	3	1	4	1	4	2	3	4	3	0	4	0	4	0	2	3	4	0	2	4	2	1	2	0	0	4	3	1	1	0	3	4	4	4	2	3	2	0	0	2	3	3	4	3	3	1	1	3	3	0	4	4	4	1	2	2	4	1	0	0	2	0	4	0	3	3	1	0	0	4	4	0	2	1	3	4	1	0	3	1	4	1	3	1	0	2	2	1	3	1	1	2	4	0	3	0	4	4	1	4	0	1	4	3	3	4	3	1	1	4	1	2	1	2	3	0	4	2	3	3	4	1	4	0	1	0	0	1	3	3	1	2	2	0	3	1	3	3	1	2	0	1	4	1	4	3
8263	Bil-7	1	1	1	3	1	4	1	4	2	3	4	3	0	4	0	4	0	2	3	4	0	2	4	2	1	2	0	0	4	3	1	1	0	3	4	4	4	2	3	2	0	0	2	3	3	4	3	3	1	1	3	3	0	4	4	4	1	2	2	4	1	0	0	2	0	4	0	3	3	1	0	0	4	4	0	2	1	3	4	1	0	3	1	4	1	3	1	0	2	2	1	3	1	1	2	4	0	3	1	4	4	1	4	0	1	4	3	3	4	3	1	1	4	1	2	1	2	3	0	4	2	3	3	4	1	4	0	1	0	3	1	3	3	1	2	2	0	3	1	3	3	1	2	0	1	4	1	4	3
8264	Bla-1	1	2	3	3	3	4	3	4	4	3	4	3	0	4	0	3	0	1	3	4	0	2	4	2	3	4	0	0	2	1	2	1	0	3	2	2	1	2	3	4	0	0	3	1	1	4	1	1	1	1	3	3	0	2	2	9	2	4	2	2	1	0	0	2	0	3	0	3	3	3	0	0	4	4	0	2	4	1	4	1	0	3	3	4	3	1	1	0	0	2	1	1	2	1	4	3	2	4	1	4	2	4	2	0	3	4	3	3	4	2	1	1	2	4	2	1	2	4	0	2	2	1	3	3	1	3	0	3	0	3	0	1	3	1	1	2	0	3	1	4	3	3	2	0	1	4	3	1	1
8265	Blh-1	3	2	1	4	3	4	1	1	2	2	4	1	0	1	0	4	0	1	2	0	0	4	4	4	1	4	0	0	2	1	2	1	0	3	4	4	1	2	3	2	0	0	3	3	3	2	3	3	1	1	3	3	0	2	4	4	2	2	1	4	3	0	0	4	0	3	0	3	3	3	0	0	4	2	0	1	1	1	4	1	0	1	1	3	1	3	1	0	2	2	1	1	1	2	4	4	0	3	1	2	2	4	4	0	3	4	4	1	4	2	4	2	4	1	2	3	2	4	0	2	2	3	3	4	3	4	4	3	0	1	0	1	3	1	2	2	0	3	1	3	3	1	4	0	1	2	1	1	3
8268	Bor-4	1	1	1	3	3	2	1	4	4	2	4	3	0	4	0	3	0	1	2	2	0	2	2	4	1	4	0	0	0	1	1	1	0	4	4	4	1	4	3	4	0	0	2	1	1	4	1	3	3	1	3	3	0	4	2	4	1	2	2	4	1	0	0	2	0	3	0	1	1	3	0	0	1	4	0	2	4	1	4	4	0	3	3	4	3	3	1	0	2	4	1	1	2	1	4	3	0	3	3	4	2	4	4	0	3	4	3	1	4	2	4	2	4	4	2	1	2	3	0	2	4	3	3	4	1	4	0	3	0	3	1	3	3	3	1	2	0	1	3	3	2	3	4	0	1	2	1	4	1
8269	Br-0	3	1	3	4	3	4	3	1	4	0	0	0	0	4	0	3	0	2	2	0	0	4	2	4	3	4	0	0	0	1	1	0	0	3	0	4	1	0	3	2	0	0	2	3	3	4	0	3	1	1	1	3	0	2	4	2	2	4	1	0	0	0	0	4	0	3	0	3	1	3	0	0	1	4	0	2	4	1	4	1	0	3	3	4	3	0	1	0	0	2	1	3	1	2	2	4	0	3	1	4	4	1	4	0	1	4	3	1	4	2	4	2	4	4	2	1	4	0	0	2	2	3	1	4	1	3	0	1	0	3	1	3	2	0	2	2	0	1	3	3	2	1	2	0	1	2	1	1	1
8270	Bs-1	3	2	1	3	1	4	1	4	4	2	2	1	0	1	0	3	0	2	2	2	0	4	4	2	3	2	0	0	2	1	1	1	0	4	4	2	4	4	3	2	0	0	3	1	1	4	1	3	1	1	3	3	0	4	2	0	1	4	2	4	1	0	0	2	0	3	0	1	1	3	1	0	1	2	0	1	1	1	2	4	0	1	3	3	3	3	1	0	4	4	3	1	1	1	4	4	0	3	3	4	2	4	4	0	3	4	3	1	4	2	4	2	2	1	2	1	2	3	0	2	2	1	1	3	3	3	0	3	0	1	1	3	3	3	2	2	1	3	1	4	2	1	2	0	1	2	1	1	3
8271	Bu-0	3	2	1	4	3	4	1	4	4	2	4	3	0	4	0	3	0	1	2	4	0	4	4	2	1	4	0	0	2	1	2	1	0	3	4	2	4	0	1	4	0	0	2	3	3	2	3	1	1	1	3	3	0	4	4	0	1	2	1	2	1	0	0	4	0	4	0	3	3	3	0	0	1	2	0	1	4	1	4	1	0	1	1	3	3	1	1	0	2	2	1	3	1	2	2	3	0	4	1	4	4	1	4	0	3	2	3	1	2	2	4	2	4	4	2	3	2	4	0	2	2	3	3	4	3	3	0	3	0	3	1	3	3	1	2	2	1	3	1	4	2	1	4	0	1	2	1	4	1
8272	Bur-0	1	1	1	3	1	4	1	1	2	3	2	3	0	4	0	4	0	1	3	0	0	2	2	4	3	4	0	0	0	1	2	1	0	3	2	4	4	0	3	4	0	0	2	1	3	4	3	3	1	3	1	3	0	4	4	4	1	2	2	2	0	0	0	2	0	4	0	3	3	1	0	0	1	2	0	1	1	3	2	4	0	3	1	4	3	3	2	0	0	2	1	3	1	1	4	4	0	3	3	4	2	4	4	0	3	2	3	3	4	3	4	1	4	1	1	1	2	0	0	2	2	1	3	4	3	4	0	1	0	1	0	1	3	1	2	2	0	1	3	4	2	1	2	0	1	4	1	1	3
8273	C24	3	1	3	4	3	4	1	1	2	2	2	1	0	4	0	3	0	1	2	0	0	2	4	4	3	4	0	0	0	1	2	1	0	4	2	2	4	0	3	4	0	0	3	3	1	4	1	3	1	1	3	3	0	2	4	9	2	4	2	4	1	0	0	4	0	4	0	3	1	3	0	0	1	2	0	1	1	3	4	4	0	3	3	4	1	0	1	0	2	4	1	1	1	2	4	4	2	4	0	4	2	4	4	0	3	2	3	3	2	2	1	1	4	4	2	1	2	0	0	2	4	1	1	4	1	4	0	1	0	3	1	3	0	1	2	2	0	3	3	3	2	1	2	0	1	4	1	1	1
8274	Can-0	3	1	1	4	3	2	3	1	4	2	2	3	0	1	0	4	0	0	3	2	0	2	4	2	3	9	0	0	0	1	1	1	0	3	4	4	4	2	3	4	0	0	3	3	3	4	3	3	1	1	3	3	0	4	2	4	1	4	1	0	0	0	0	2	0	4	0	1	1	3	0	0	4	4	0	1	4	1	4	1	0	1	1	3	1	3	2	3	2	2	1	3	1	1	4	4	4	4	3	4	4	4	2	0	1	2	4	1	2	2	1	2	4	4	2	1	2	3	0	4	2	3	3	4	3	3	0	1	0	3	0	1	3	3	2	2	1	3	1	3	3	1	2	0	3	2	3	1	3
8275	Cen-0	3	2	1	4	3	2	3	4	4	0	4	1	0	4	0	3	0	1	2	4	0	4	4	4	3	2	0	0	0	1	2	1	0	4	2	2	1	4	3	2	0	0	2	3	3	2	1	1	3	3	1	3	0	2	4	4	1	2	1	4	0	0	0	4	0	3	0	0	1	3	0	0	1	2	3	1	4	1	2	1	0	3	3	3	1	3	2	0	0	2	3	3	2	2	4	4	0	4	3	2	2	1	2	0	3	4	3	1	4	2	1	1	0	4	2	1	2	3	0	4	2	1	3	3	3	4	0	3	0	3	1	3	2	3	2	4	0	3	3	3	0	1	2	0	1	2	1	1	1
8276	CIBC-17	1	2	1	4	1	2	1	4	2	2	2	3	0	1	0	3	0	2	2	4	0	2	4	4	1	4	0	0	4	1	1	3	0	3	4	4	4	2	3	2	0	0	3	3	3	2	1	1	1	3	3	3	0	4	2	4	2	2	1	4	3	0	0	4	0	3	0	1	3	3	0	0	1	2	0	1	1	1	4	4	0	3	1	4	1	3	2	0	2	4	1	1	2	1	4	3	2	4	3	4	4	1	4	0	3	4	4	1	2	3	4	1	2	4	1	3	2	4	0	2	4	1	1	4	3	3	0	1	0	1	0	1	3	3	1	2	1	1	3	3	3	1	2	0	1	2	3	1	3
8277	CIBC-5	1	1	1	4	3	2	3	1	4	2	2	3	0	4	0	3	0	2	2	0	0	4	2	4	3	4	0	0	2	1	2	3	0	4	2	4	1	0	3	4	0	0	3	3	3	4	1	1	3	3	3	3	0	4	4	9	1	2	2	2	0	0	0	2	0	4	0	1	1	3	0	0	1	4	0	1	1	3	2	4	0	3	3	3	3	0	1	0	2	4	3	1	2	2	4	3	4	4	3	4	2	4	2	0	3	2	3	1	4	2	1	1	2	4	2	3	2	0	0	4	2	1	1	3	3	4	0	1	0	3	0	3	3	3	1	2	0	3	3	3	3	3	2	0	1	2	1	1	1
8278	Co	3	0	1	0	3	0	0	4	4	2	2	0	0	0	0	3	0	1	2	2	0	0	4	0	1	2	0	0	0	1	1	1	0	3	2	4	1	2	3	2	0	0	0	1	3	0	0	3	1	3	3	3	0	4	4	9	1	2	0	2	0	0	0	4	0	3	0	0	1	3	0	0	1	4	0	1	0	1	2	1	0	0	1	0	0	1	1	0	2	2	1	0	2	0	4	4	2	0	0	4	0	0	4	0	3	0	0	1	2	3	1	1	0	4	2	0	0	4	0	2	2	3	0	0	0	3	0	1	0	3	1	1	3	3	2	0	0	3	0	4	0	0	2	0	1	4	3	1	1
8279	Col-0	3	2	1	3	3	2	3	4	2	2	2	1	0	4	0	4	0	1	2	0	0	2	4	4	1	4	0	0	0	1	2	3	0	3	4	4	1	0	1	4	0	0	2	3	3	2	1	1	1	1	3	4	0	2	2	4	2	2	1	2	0	0	0	2	0	3	0	3	1	3	0	0	4	2	0	2	4	1	4	4	0	1	1	4	1	3	1	0	0	4	1	1	1	2	2	4	0	4	0	4	2	4	4	0	1	4	3	1	4	3	1	1	4	1	2	3	2	0	0	2	4	3	3	3	3	3	0	3	0	1	0	1	2	1	1	2	0	1	1	3	3	3	4	0	1	2	3	1	1
8280	Ct-1	3	1	3	4	3	2	1	1	2	3	2	1	0	4	0	4	0	1	2	2	0	2	2	4	1	2	0	0	0	3	2	1	0	3	4	4	1	0	3	2	0	0	3	1	3	4	3	3	1	1	3	3	0	4	4	4	1	2	1	2	0	0	0	4	0	3	0	1	1	1	0	0	1	2	0	2	4	1	2	1	0	3	3	4	3	3	2	0	2	2	1	3	2	2	4	3	0	3	3	4	2	1	4	0	3	2	3	3	4	2	1	1	4	1	2	1	2	0	0	2	4	3	3	4	3	4	0	3	0	3	1	3	3	3	2	2	0	1	1	3	2	1	4	0	3	2	1	4	1
8281	Cvi-0	3	1	1	4	3	2	1	4	2	0	4	1	0	4	0	3	0	1	3	0	0	2	4	4	3	4	0	0	0	3	2	1	0	3	2	2	4	0	3	4	0	0	2	3	3	4	3	3	3	1	3	3	0	4	2	4	1	2	1	4	0	0	0	2	0	4	0	3	3	1	0	0	1	2	0	2	1	3	2	1	0	3	1	4	1	1	2	0	0	2	3	1	2	2	2	4	0	3	3	2	4	4	2	0	1	2	4	3	4	3	1	2	4	1	2	1	2	3	0	2	2	3	3	3	3	4	0	1	0	1	1	3	2	3	2	2	0	3	3	3	2	3	2	0	3	4	3	1	3
8283	Dra3-1	3	2	1	3	3	2	3	4	4	3	0	3	0	4	0	4	0	2	2	2	0	2	2	4	3	4	0	0	2	1	2	3	0	3	4	4	1	2	3	2	0	0	3	1	3	4	1	3	1	3	3	4	0	2	9	4	2	2	1	4	3	0	0	4	0	3	0	1	3	3	0	0	1	2	0	2	1	1	4	1	0	1	3	3	3	3	1	0	2	2	1	3	2	1	4	3	2	3	1	2	4	4	4	0	3	4	4	1	2	2	4	1	2	4	1	1	2	0	0	4	2	3	3	4	1	3	4	1	0	3	0	3	2	1	2	2	0	1	3	3	3	1	2	0	1	2	3	4	3
8284	DraII-1	3	2	1	4	3	4	3	4	4	2	4	3	0	4	0	3	0	1	3	2	0	2	4	4	3	4	0	0	4	1	1	3	0	4	4	4	1	2	3	2	0	0	2	1	1	4	1	3	3	6	3	10	0	4	9	4	1	9	5	2	1	0	0	2	0	3	0	3	3	3	0	0	1	2	0	2	1	1	4	4	0	3	3	4	3	3	2	0	2	4	1	1	2	2	2	3	0	3	1	4	4	4	4	0	1	4	4	1	2	2	4	1	2	4	2	3	9	3	0	2	4	3	3	4	1	4	0	3	0	1	1	3	2	1	2	2	0	1	1	3	2	1	2	0	3	2	6	4	3
8285	DraIII-1	3	1	1	3	1	4	3	4	2	2	2	3	0	4	0	4	0	1	2	0	0	4	4	4	3	4	0	0	0	1	0	1	0	4	4	2	1	4	3	2	0	0	3	1	1	2	1	3	3	1	3	3	0	4	4	4	1	2	2	4	1	0	0	2	0	3	0	1	1	1	0	0	1	2	3	2	4	1	4	4	0	3	3	3	1	3	2	0	2	2	1	1	2	2	4	4	2	4	1	4	4	4	4	0	3	4	4	1	2	2	4	1	4	4	2	1	4	3	0	2	2	3	3	4	1	3	0	1	0	0	0	1	2	3	2	2	0	3	3	3	2	1	2	0	1	2	1	1	3
8287	Eden-2	1	2	3	4	3	4	3	4	2	3	0	3	0	1	0	4	0	2	3	0	0	2	4	4	1	4	0	0	0	1	2	1	0	3	4	4	4	0	3	2	0	0	2	3	1	4	3	3	1	1	3	4	0	4	2	2	1	4	1	4	0	0	0	4	0	4	0	3	3	1	0	0	1	4	0	2	4	1	4	4	0	3	1	4	1	3	1	0	0	2	1	3	0	2	4	4	0	4	3	4	2	1	2	0	1	4	4	3	4	3	4	1	4	4	2	1	2	4	0	4	4	3	3	4	1	3	0	3	0	1	0	1	3	1	2	2	0	3	3	4	2	1	2	0	1	4	1	4	3
8288	Edi-0	1	2	1	3	3	2	1	1	2	3	0	3	0	1	0	4	0	1	3	0	0	2	4	4	1	4	0	0	0	1	2	1	0	3	4	4	4	0	3	2	0	0	2	3	3	4	3	3	1	3	1	4	0	4	2	4	2	2	1	4	0	0	0	4	0	3	0	3	3	3	0	0	1	2	0	2	1	1	4	4	0	1	1	4	1	3	0	0	0	2	3	1	2	2	4	4	0	4	1	2	2	4	4	0	1	2	4	1	2	3	1	1	4	4	1	1	4	0	0	4	4	1	3	4	3	3	0	3	0	3	1	1	2	1	2	4	0	1	1	3	3	3	2	0	3	4	1	1	1
8289	Ei-2	3	2	1	4	3	4	1	4	2	3	4	3	0	1	0	3	0	1	2	2	0	2	2	2	1	2	0	0	2	1	1	1	0	3	2	4	1	0	1	4	0	0	2	3	3	2	3	1	3	1	3	3	0	4	4	2	2	4	2	2	3	0	0	4	0	3	0	1	3	3	0	0	1	2	0	1	1	1	2	1	0	1	1	3	3	0	1	0	2	2	1	1	2	1	2	4	0	3	3	4	2	4	4	0	3	4	4	1	4	2	1	1	2	4	2	3	2	0	0	4	4	3	3	3	3	3	0	3	0	0	1	3	2	1	2	2	0	3	1	4	2	3	2	0	3	2	1	1	3
8290	En-1	3	1	3	4	3	2	1	1	2	3	2	1	0	4	0	4	0	1	2	2	0	2	2	4	1	2	0	0	0	3	2	1	0	3	4	4	1	4	3	2	0	0	3	1	3	4	3	3	1	1	3	3	0	4	4	4	1	2	1	2	1	0	0	4	2	3	0	1	1	1	0	0	1	2	3	2	4	1	2	1	0	3	3	4	3	3	2	0	2	2	1	3	2	2	4	3	0	3	3	4	2	1	4	0	3	2	3	3	4	2	1	1	4	1	2	1	2	3	0	2	4	3	3	4	3	4	0	3	0	3	1	3	3	3	2	2	0	1	1	3	2	1	4	0	3	2	1	4	1
8291	Est-1	3	2	1	4	1	4	3	4	2	3	0	3	0	4	0	4	0	1	3	4	0	4	4	2	1	4	0	0	0	1	1	1	0	4	2	2	1	2	3	4	0	0	2	3	3	2	3	1	3	3	3	4	0	4	2	2	1	2	1	2	0	0	0	2	0	3	0	1	1	3	0	0	4	2	0	2	4	1	2	1	0	1	3	4	3	0	0	0	2	2	3	3	1	1	4	4	0	4	1	4	4	1	2	0	1	2	3	1	2	2	4	2	4	4	2	1	2	0	0	2	4	3	3	4	3	3	0	3	0	1	1	3	2	1	2	2	0	1	1	3	2	1	4	0	1	4	1	4	3
8292	Fäb-2	1	2	1	3	1	4	1	4	2	3	4	3	0	1	0	4	0	2	3	0	0	2	4	2	1	2	0	0	0	1	2	3	0	3	4	4	4	0	1	2	0	0	2	1	3	2	3	3	1	3	3	4	0	4	2	2	1	4	1	4	1	0	0	2	0	4	0	3	3	1	0	0	1	2	0	1	4	1	2	4	0	3	1	4	1	1	2	0	2	2	1	3	2	1	2	4	0	4	3	4	2	4	2	0	3	4	4	3	2	3	1	1	4	4	2	1	2	4	0	4	2	1	3	4	1	4	0	1	0	1	0	1	3	1	1	2	0	1	3	3	3	1	2	0	3	4	3	4	3
8293	Fäb-4	1	2	1	3	1	4	1	4	2	3	4	3	0	1	0	4	0	2	3	0	0	2	4	2	1	4	0	0	4	3	2	3	0	3	4	4	1	2	1	2	0	0	2	1	3	2	3	3	3	1	3	4	0	4	2	2	1	4	1	4	1	0	0	2	0	4	0	3	3	1	0	0	1	4	0	2	1	3	4	1	0	3	1	4	1	1	2	0	2	2	1	1	1	2	2	4	0	4	3	2	2	7	2	0	3	4	4	3	2	3	1	1	4	4	2	1	2	3	0	4	2	1	3	4	1	4	0	1	0	1	1	3	3	1	1	2	1	1	3	3	3	1	2	0	3	4	3	1	3
8294	Fei-0	3	2	1	4	1	4	3	1	2	0	2	3	0	4	0	3	0	1	2	2	0	2	4	4	3	4	0	0	0	3	2	3	0	4	2	4	4	2	3	2	0	0	2	3	1	2	1	1	1	3	1	3	0	4	4	2	1	2	2	2	0	0	0	4	0	3	0	3	3	3	0	0	1	4	0	1	1	1	4	4	0	3	3	3	3	0	0	0	2	2	3	1	1	1	4	4	0	4	3	4	4	1	4	0	1	2	4	1	4	2	1	1	2	1	2	1	4	0	0	4	2	1	1	4	3	3	0	1	0	1	0	3	3	1	2	2	0	1	3	3	3	1	2	0	1	2	1	1	1
8295	Ga-0	1	1	3	3	1	2	1	1	2	2	4	1	0	4	0	3	0	1	2	4	0	2	4	4	1	4	0	0	0	1	2	1	0	4	4	2	1	0	3	4	0	0	3	3	3	4	3	3	3	3	1	4	0	4	2	4	1	2	1	4	0	0	0	4	0	4	0	1	3	3	0	0	1	2	0	1	4	1	4	4	0	1	1	3	1	3	0	0	2	4	1	3	2	2	4	4	0	4	3	4	4	4	4	0	1	4	3	1	2	3	1	1	4	4	2	1	2	0	0	2	2	3	3	4	3	4	0	1	0	3	1	3	3	3	2	2	0	3	1	3	2	1	4	0	3	2	1	4	3
8296	Gd-1	3	2	1	3	3	4	3	4	2	2	4	3	0	4	0	3	0	1	2	4	0	4	4	2	1	4	0	0	2	1	1	1	0	4	4	2	1	2	3	2	0	0	3	3	3	2	3	3	3	3	3	3	0	4	2	4	1	4	1	4	3	0	0	4	0	3	0	3	3	3	0	0	4	2	0	1	4	1	4	4	0	3	3	3	1	3	1	0	2	4	3	3	1	1	2	4	2	3	1	4	4	1	4	0	3	2	3	1	4	3	4	1	4	4	2	1	4	4	0	2	4	3	3	4	3	3	0	3	0	1	0	1	3	3	2	4	1	1	1	3	3	3	4	0	3	2	1	1	3
8297	Ge-0	3	2	1	3	1	2	1	4	4	2	2	3	0	4	0	3	0	2	2	2	0	2	2	2	1	4	0	0	2	3	2	3	0	4	2	4	1	2	3	2	0	0	3	3	3	4	1	3	1	3	1	3	0	2	2	0	1	2	1	2	1	0	0	2	0	4	0	1	3	3	0	0	1	2	0	1	1	3	4	4	0	1	3	4	1	1	1	0	2	2	3	1	2	2	2	4	2	4	3	4	2	4	4	0	3	2	3	1	4	2	1	1	2	4	2	3	2	4	0	4	2	3	1	4	3	4	0	3	0	3	1	0	3	3	2	2	0	3	1	3	3	3	4	0	3	2	3	1	1
8298	Got-22	1	2	1	4	3	4	1	1	2	2	2	3	0	1	0	3	0	1	3	0	0	2	4	2	3	4	0	0	0	1	1	3	0	3	4	4	4	2	3	4	0	0	2	3	3	4	3	1	1	1	1	4	0	4	4	0	1	4	2	2	0	0	0	2	0	3	0	1	1	3	0	0	1	4	0	2	1	3	4	1	0	1	3	4	1	3	1	0	2	2	3	1	2	1	4	4	0	3	3	4	4	4	2	0	3	2	3	1	4	3	4	2	4	1	1	1	4	4	0	4	2	3	3	4	3	3	0	1	0	1	1	1	3	3	2	4	0	1	1	3	2	1	4	0	1	4	1	1	3
8299	Got-7	1	2	1	4	3	4	1	1	2	2	2	3	0	1	0	3	0	1	3	4	0	2	4	2	3	4	0	0	0	1	1	3	0	3	4	4	4	2	3	4	0	0	2	3	3	4	3	1	1	1	1	4	0	4	4	2	1	4	2	2	0	0	0	2	0	3	0	1	1	3	0	0	1	4	0	2	1	3	4	1	0	1	3	4	1	3	0	0	2	2	3	1	2	1	4	4	2	3	3	4	4	4	2	0	3	2	3	1	4	3	4	2	4	1	1	1	4	0	0	4	2	3	3	4	3	3	0	1	0	1	1	1	3	3	2	4	0	1	1	3	2	1	4	0	1	4	1	1	3
8300	Gr-1	3	1	3	4	3	4	3	4	4	2	4	3	0	4	0	4	0	1	3	2	0	4	4	4	1	4	0	0	0	0	1	1	0	4	4	4	1	2	1	9	0	0	3	1	3	4	0	3	3	3	3	3	0	4	2	4	1	2	2	4	0	0	0	2	0	3	0	1	3	3	0	0	4	2	0	2	4	1	4	1	0	3	3	4	3	0	1	0	2	4	0	1	2	2	4	4	0	4	0	2	4	4	4	0	1	4	4	1	2	2	4	1	4	4	2	1	2	4	0	2	4	3	3	4	1	3	0	0	0	1	1	3	3	0	2	4	0	1	1	3	3	3	4	0	3	2	1	0	3
8301	Gu-0	3	2	1	3	1	2	1	4	2	2	2	3	0	4	0	3	0	1	2	4	0	4	4	2	1	4	0	0	0	1	1	1	0	3	4	2	4	2	3	2	0	0	3	3	1	2	3	3	3	3	1	4	0	2	2	2	2	4	2	2	1	0	0	2	0	3	0	3	3	3	0	0	4	2	0	1	4	1	4	1	0	1	3	3	1	3	1	0	2	2	3	1	1	1	4	4	0	3	3	4	2	4	4	0	1	4	3	3	4	2	4	2	4	4	1	3	2	0	0	2	2	3	3	4	3	3	0	3	0	3	1	3	2	1	2	2	0	1	1	3	3	3	2	0	3	4	1	1	3
8302	Gy-0	1	1	3	4	3	2	3	4	4	0	0	3	0	1	0	3	0	1	2	0	0	2	4	4	1	4	0	0	0	3	2	1	0	4	2	2	4	0	3	4	0	0	2	3	1	4	1	1	1	1	3	3	0	4	4	4	1	4	1	2	0	0	0	2	0	3	0	1	3	3	0	0	1	2	0	1	4	3	4	1	0	1	1	3	1	0	2	0	0	2	3	1	1	2	4	4	0	4	3	2	2	1	4	0	3	2	3	1	4	2	1	2	4	4	2	1	4	0	0	4	2	1	3	3	1	4	0	1	0	3	0	3	3	0	1	2	0	3	3	4	3	1	4	0	3	2	1	1	1
8303	H55	3	0	1	3	3	2	3	4	2	2	2	1	0	4	0	4	0	1	2	2	0	2	4	4	1	4	0	0	0	1	2	3	0	3	4	4	1	0	1	4	0	0	3	3	1	2	0	1	1	1	3	4	0	2	2	4	2	2	1	2	0	0	0	2	0	3	0	3	1	3	0	0	1	4	0	2	4	1	4	1	0	1	1	3	3	3	2	0	2	2	1	1	1	0	2	4	0	3	0	2	2	1	4	0	1	4	0	3	4	2	4	2	4	4	1	3	2	4	0	2	2	3	3	3	3	3	0	3	0	1	0	1	3	3	2	2	0	1	1	3	3	1	2	0	1	4	1	4	1
8304	Hi-0	1	2	1	4	3	4	1	1	4	2	2	1	0	4	0	4	0	1	2	4	0	2	4	4	1	2	0	0	0	3	2	1	0	3	4	2	1	2	3	2	0	0	3	1	1	2	1	1	3	3	1	3	0	4	4	2	1	2	1	2	0	0	0	4	0	3	0	3	1	3	0	0	1	4	3	1	4	1	2	4	0	3	1	4	3	3	1	0	2	4	1	1	2	2	2	4	2	3	1	4	2	1	4	0	1	4	3	3	4	3	1	2	2	1	2	1	2	4	0	2	2	3	1	4	1	3	0	3	0	3	0	3	2	3	2	2	0	1	3	4	2	1	4	0	3	2	3	4	3
8306	Hov4-1	1	1	1	3	3	4	1	4	2	2	2	3	0	4	0	4	0	1	3	2	0	2	2	4	3	4	0	0	4	3	2	1	0	3	4	4	1	4	1	2	0	0	3	3	1	4	3	3	1	3	3	3	0	4	4	4	2	2	1	4	3	0	0	2	0	3	0	1	3	3	0	0	4	2	3	2	4	1	4	1	0	1	3	4	1	3	2	0	2	2	1	1	2	1	4	3	2	3	3	2	2	4	4	0	1	4	4	1	4	2	1	2	4	1	2	3	2	4	0	2	4	3	3	4	1	3	0	1	0	3	0	3	3	3	2	2	0	3	3	4	2	1	4	0	3	4	1	4	1
8308	HR-10	3	2	1	0	1	4	3	4	4	2	0	3	0	4	0	3	0	1	3	0	0	4	2	4	3	4	0	0	0	1	2	3	0	4	2	2	1	0	3	4	0	0	2	3	3	2	1	1	1	3	3	3	0	4	4	2	1	2	2	2	0	0	0	2	0	4	0	1	3	3	0	0	1	2	0	1	1	1	2	1	0	3	1	3	3	0	2	0	0	2	3	1	1	2	4	3	0	3	3	2	2	1	4	0	3	4	3	3	4	2	1	2	4	4	2	3	2	0	0	4	2	1	1	3	1	4	0	1	0	3	0	3	2	1	2	2	0	3	1	4	3	1	4	0	1	2	3	1	1
8309	HR-5	3	2	1	4	1	2	1	4	4	2	2	3	0	4	0	3	0	2	3	2	0	2	4	4	1	4	0	0	0	1	2	1	0	4	2	2	4	2	3	4	0	0	2	1	3	4	1	1	3	3	3	3	0	4	2	2	2	2	2	2	0	0	0	4	0	4	0	1	3	3	0	0	1	4	0	1	4	3	2	1	0	1	3	4	1	3	1	0	2	2	3	1	2	2	4	3	0	3	1	2	2	4	2	0	1	4	4	1	4	2	1	2	2	4	2	3	2	0	0	4	2	1	1	4	1	4	0	1	0	0	0	1	3	1	2	2	0	3	1	3	3	1	2	0	1	2	3	1	1
8310	Hs-0	1	1	1	0	3	4	0	1	2	0	2	3	0	0	0	3	0	2	2	0	0	0	4	2	3	4	0	0	0	3	0	3	0	3	4	2	1	0	3	4	0	0	0	3	3	0	0	3	1	3	3	3	0	4	4	4	2	2	0	4	0	0	0	4	0	3	0	0	3	3	0	0	1	2	0	1	1	1	4	4	0	0	3	3	0	3	2	0	2	2	3	1	2	0	4	4	0	0	0	4	2	0	4	0	3	0	3	1	4	3	4	1	4	4	1	0	2	3	0	2	4	3	3	0	0	3	0	1	0	3	0	1	2	3	2	0	0	1	0	3	0	1	4	0	1	4	3	4	3
8311	In-0	3	1	3	4	3	4	3	4	2	2	2	3	0	4	0	3	0	1	3	4	0	2	4	2	1	2	0	0	4	3	2	1	0	4	4	4	4	2	3	4	0	0	3	3	1	2	1	3	3	3	3	3	0	4	2	4	1	4	1	2	1	0	0	4	0	3	0	1	3	1	0	0	1	4	3	1	4	1	2	4	0	1	1	3	1	3	2	0	2	2	1	3	2	2	4	4	0	4	1	4	4	4	4	0	3	4	4	1	4	2	1	2	2	4	2	1	4	3	0	2	2	3	3	3	1	4	0	1	0	3	0	6	2	3	2	2	0	1	1	3	2	3	4	0	1	4	1	1	3
8312	Is-0	3	2	1	3	3	4	1	1	2	2	2	3	0	4	0	3	0	1	3	4	0	2	2	2	3	2	0	0	0	1	2	1	0	4	2	2	1	2	1	4	0	0	2	3	3	4	3	1	3	1	3	3	0	4	4	4	2	4	1	4	0	0	0	2	0	4	0	3	1	1	0	0	1	2	3	2	4	1	4	1	0	3	3	3	3	0	2	0	0	2	3	1	2	1	4	4	0	4	3	2	2	4	4	0	1	4	3	1	4	2	4	2	4	4	2	1	4	4	0	2	2	3	3	3	3	3	0	3	0	3	1	3	2	3	2	4	0	1	1	4	2	1	4	0	3	2	1	1	3
8313	Jm-0	3	2	3	4	3	4	1	1	2	2	2	3	0	1	0	3	0	1	3	4	0	2	4	4	3	2	0	0	0	1	2	1	0	4	4	4	1	4	3	2	0	0	2	3	3	4	3	3	3	3	3	3	0	4	2	4	1	2	2	0	0	0	0	2	0	3	0	1	1	1	0	0	1	4	0	2	4	1	4	4	0	1	3	3	3	0	2	0	2	2	1	1	2	2	4	4	2	4	3	4	4	4	4	0	3	4	3	1	2	2	4	1	2	4	2	3	2	4	0	2	4	1	3	4	3	3	0	3	0	1	1	3	2	1	2	2	0	1	1	3	3	1	4	0	3	2	1	4	3
8314	Ka-0	3	2	3	4	3	2	1	1	4	2	4	1	0	1	0	4	0	1	2	2	0	2	2	4	3	2	0	0	0	3	2	1	0	4	2	4	1	2	3	4	0	0	3	3	1	4	1	3	1	3	1	3	0	4	4	4	2	4	1	2	1	0	0	2	0	3	0	3	3	3	1	0	4	2	3	2	4	1	4	4	0	1	3	3	3	3	1	0	0	2	1	3	2	2	4	4	0	4	1	2	4	1	4	0	1	4	4	1	4	2	4	1	4	1	2	3	2	3	0	2	2	1	3	4	1	3	0	3	0	3	0	3	2	3	0	2	0	1	1	3	3	1	4	0	1	2	1	4	3
8316	Kin-0	3	2	3	4	3	4	3	4	4	0	2	3	0	4	0	4	0	1	2	0	0	4	2	2	1	4	0	0	0	3	2	1	0	4	2	4	1	0	3	2	0	0	3	3	3	4	1	3	3	1	3	3	0	4	4	9	2	2	1	2	0	0	0	2	0	3	0	1	3	3	0	0	1	2	0	1	4	3	2	1	0	3	3	3	3	0	2	0	0	2	3	1	2	2	4	3	2	4	3	2	4	1	2	0	3	2	4	1	4	2	4	1	2	4	2	3	4	0	0	2	2	3	1	3	1	4	0	1	0	3	1	3	3	3	1	2	0	1	1	3	3	1	4	0	1	2	3	1	1
8317	Kno-10	3	2	1	3	1	2	1	1	2	2	4	1	0	4	0	3	0	1	2	4	0	2	4	4	1	4	0	0	2	3	2	1	0	4	2	4	1	0	3	4	0	0	2	3	1	4	1	1	3	1	1	3	0	2	4	2	1	4	1	4	3	0	0	2	0	3	0	3	3	1	0	0	4	2	0	1	4	1	4	4	0	1	1	4	3	3	1	0	0	2	3	1	1	1	4	3	2	3	1	4	4	4	2	0	1	2	4	3	4	2	1	2	4	4	1	3	4	4	0	4	4	1	3	3	3	4	0	3	0	3	1	3	2	1	1	2	0	3	3	3	3	3	4	0	1	2	3	1	1
8318	Kno-18	3	2	1	3	1	2	1	1	2	2	4	1	0	4	0	3	0	1	2	4	0	2	4	4	1	4	0	0	0	3	2	1	0	4	2	4	1	0	3	2	0	0	3	3	3	2	1	1	1	3	1	3	0	2	4	4	2	2	2	4	1	0	0	4	0	4	0	3	3	1	0	0	1	2	0	1	1	1	4	4	0	3	3	4	3	1	0	0	2	2	3	1	2	2	4	4	2	4	1	4	4	4	2	0	3	4	3	1	4	3	4	1	2	4	1	3	4	0	0	4	4	1	3	3	3	4	0	3	0	1	0	3	3	1	2	2	0	1	1	3	3	3	4	0	1	2	3	1	1
8319	Kondara	1	2	1	4	1	4	3	4	2	2	2	1	0	4	0	3	0	1	2	4	0	4	2	2	1	4	0	0	2	1	1	1	0	3	2	4	1	2	1	2	0	0	2	1	3	2	1	3	1	3	1	3	0	4	4	4	1	2	1	4	1	0	0	4	0	3	0	3	1	3	0	0	4	4	0	2	4	1	2	1	0	3	3	3	1	3	2	0	2	2	1	1	0	2	2	4	0	3	1	2	2	4	2	0	3	4	4	3	2	3	1	1	2	4	1	3	4	3	0	2	4	3	3	4	3	4	0	3	0	3	1	3	2	1	2	4	0	1	3	4	2	1	4	0	3	4	3	1	1
8320	Kz-1	3	1	1	4	1	4	3	4	2	0	0	1	0	4	0	3	0	1	3	0	0	2	2	2	1	4	0	0	0	1	2	1	0	3	2	4	1	0	1	2	0	0	2	1	1	2	1	3	1	3	3	3	0	4	4	4	1	2	1	4	1	0	0	4	0	3	0	3	1	3	0	0	4	4	0	1	4	1	2	1	0	3	3	4	1	3	2	0	0	2	1	1	2	2	2	4	0	4	3	4	2	1	2	0	3	4	3	3	2	3	4	1	2	4	2	1	4	0	0	2	4	3	3	4	3	3	0	1	0	0	1	3	2	3	2	4	0	1	1	3	2	3	4	0	3	2	3	1	3
8321	Kz-13	1	2	1	10	3	4	3	4	9	2	9	6	0	4	0	10	0	1	2	9	0	2	2	2	1	4	0	0	2	1	1	1	0	3	4	2	1	0	3	4	0	0	2	3	3	2	1	3	1	3	1	3	0	4	9	4	1	9	1	0	1	0	0	4	0	3	0	1	1	3	0	0	7	9	0	5	7	1	9	7	0	6	3	4	1	3	2	0	2	4	1	3	2	5	2	4	2	4	3	2	2	4	9	0	6	9	3	3	9	8	4	1	9	4	1	3	9	10	0	2	4	3	3	4	3	3	0	1	0	3	1	6	3	0	2	2	0	1	6	10	0	6	4	0	3	2	3	1	3
8322	Kz-9	1	2	1	4	3	4	3	4	2	2	2	1	0	4	0	3	0	1	2	0	0	2	2	2	1	4	0	0	0	1	2	1	0	3	4	4	1	0	1	4	0	0	2	1	1	2	3	3	1	3	1	3	0	4	2	4	1	4	1	2	1	0	0	4	0	3	0	1	1	3	0	0	4	4	0	1	4	1	2	4	0	1	3	3	1	3	2	0	2	2	1	3	0	2	2	4	2	4	3	2	2	4	2	0	3	4	3	3	2	2	4	1	2	4	1	3	4	0	0	2	4	3	3	4	3	3	0	1	0	0	1	1	3	3	2	4	0	1	3	4	2	3	2	0	3	2	1	1	3
8323	Lc-0	1	2	1	3	3	4	1	4	4	2	0	3	0	4	0	3	0	1	2	4	0	2	4	2	3	2	0	0	2	1	1	1	0	3	4	4	4	4	1	2	0	0	3	3	3	2	1	1	3	3	3	3	0	4	2	4	1	4	1	4	0	0	0	4	0	3	0	1	3	3	0	0	1	4	3	1	4	1	4	4	0	1	3	3	3	3	1	0	2	2	1	1	2	2	2	4	0	3	3	4	4	4	4	0	3	2	3	1	4	2	1	1	2	1	2	1	2	4	0	2	4	3	3	3	3	3	0	3	0	1	0	3	3	3	2	4	1	1	1	3	3	3	4	0	3	2	1	1	3
8324	Ler-1	1	2	1	3	3	4	3	4	4	2	4	3	0	4	0	4	0	1	2	0	0	2	2	2	1	4	0	0	0	1	1	1	0	3	4	2	1	0	3	4	0	0	2	3	3	2	1	3	3	3	1	3	0	4	4	4	1	2	1	4	0	0	0	2	0	3	0	1	1	3	0	0	1	2	0	2	1	1	4	1	0	3	3	4	1	3	2	0	0	4	1	3	2	1	4	3	0	4	3	4	4	1	4	0	1	2	3	3	4	3	4	1	4	4	1	3	2	0	0	2	4	1	3	4	1	4	0	3	0	3	1	3	3	1	2	2	0	1	1	3	3	1	4	0	3	2	3	1	3
8325	Lip-0	3	2	1	4	3	2	1	4	2	0	0	1	0	4	0	3	0	1	3	0	0	4	2	2	1	2	0	0	0	1	1	0	0	4	0	2	1	0	3	4	0	0	2	3	1	4	3	3	3	1	3	3	0	4	2	4	2	2	2	0	0	0	0	4	0	3	0	1	1	1	0	0	4	4	0	1	4	1	4	1	0	3	3	4	3	0	2	0	0	4	1	1	2	2	2	4	0	4	3	2	2	4	4	0	3	2	3	1	2	3	4	1	4	1	2	1	2	3	0	2	2	3	3	4	1	4	0	1	0	1	0	3	3	0	2	2	0	3	1	4	2	3	4	0	3	2	3	4	3
8326	Lis-1	3	2	1	3	3	4	3	4	2	3	4	3	0	4	0	3	0	1	2	2	0	2	4	4	3	2	0	0	4	3	2	1	0	3	4	4	1	2	3	4	0	0	3	1	1	4	3	3	3	1	3	3	0	4	2	4	2	2	1	4	1	0	0	4	0	3	0	1	3	3	0	0	4	2	3	1	4	1	2	1	0	3	3	4	1	3	0	0	2	4	1	1	2	2	4	4	2	3	3	4	4	1	4	0	1	4	4	3	4	2	4	1	2	4	2	1	2	4	0	4	4	3	1	3	3	3	0	3	0	3	1	3	3	3	2	2	0	1	3	3	2	1	2	0	3	4	1	1	3
8328	LL-0	3	2	3	0	3	4	1	4	4	3	0	3	0	4	0	4	0	1	2	0	0	2	4	4	3	4	0	0	0	1	2	1	0	4	4	2	1	0	1	4	0	0	3	3	3	4	3	1	3	1	3	3	0	2	2	2	2	4	2	2	0	0	0	2	0	4	0	1	3	3	0	0	4	4	0	2	4	1	4	1	0	3	3	4	3	0	2	0	0	2	1	1	2	2	2	3	0	4	1	4	2	1	4	0	3	4	3	3	4	2	4	1	4	4	2	1	2	0	0	2	2	1	3	4	3	4	0	3	0	0	0	3	2	1	1	2	0	3	3	4	3	1	2	0	1	4	3	1	1
8329	Lm-2	1	1	1	4	1	4	1	1	4	2	0	3	0	4	0	3	0	1	2	2	0	2	2	4	1	4	0	0	0	1	2	3	0	4	4	4	1	2	3	2	0	0	3	1	3	4	1	1	1	1	1	3	0	4	4	2	2	2	1	2	0	0	0	4	0	3	0	1	3	3	0	0	1	2	0	1	4	1	4	4	0	1	1	3	1	3	1	0	2	2	3	3	2	2	4	4	2	3	3	4	4	4	4	0	1	4	4	1	4	3	4	1	2	1	2	1	4	4	0	4	2	3	1	4	3	4	0	1	0	3	1	3	2	1	2	2	0	3	3	3	3	1	2	0	1	4	3	1	1
8332	Lp2-2	3	2	1	3	3	2	3	4	4	0	2	3	0	4	0	4	0	1	2	0	0	4	4	4	1	4	0	0	0	1	0	1	0	3	4	2	1	0	3	2	0	0	2	3	3	4	1	3	3	3	3	3	0	4	4	4	1	4	2	2	1	0	0	2	0	4	0	3	1	1	0	0	1	2	0	2	4	1	4	4	0	1	3	3	3	3	2	0	0	4	1	1	2	2	4	4	0	4	1	4	4	4	4	0	1	4	4	1	2	2	1	2	2	4	2	3	2	0	0	2	4	3	1	4	3	3	0	1	0	3	0	3	2	3	1	2	0	3	1	3	2	1	2	0	1	2	3	1	3
8333	Lp2-6	3	2	1	3	3	4	3	1	2	2	2	1	0	4	0	4	0	1	2	0	0	4	4	2	1	4	0	0	0	1	1	1	0	3	4	4	1	0	1	2	0	0	3	3	3	4	1	3	3	1	3	4	0	4	2	4	1	2	2	2	1	0	0	2	0	4	0	1	1	3	0	0	4	2	0	2	4	1	4	4	0	3	1	4	3	3	2	0	2	4	1	1	2	2	2	3	0	4	3	2	4	1	4	0	1	4	3	1	2	2	4	1	4	4	2	1	2	0	0	2	2	3	3	4	1	3	0	1	0	3	1	3	3	3	2	4	0	1	1	4	2	1	2	0	1	2	1	4	3
8334	Lu-1	1	1	1	4	1	4	1	4	4	3	2	1	0	4	0	3	0	1	2	2	0	2	4	4	3	4	0	0	0	1	1	3	0	4	4	4	1	4	3	4	0	0	3	3	3	2	1	3	3	1	3	3	0	4	2	4	1	2	2	2	0	0	0	2	0	3	0	1	3	3	0	0	4	4	3	2	4	1	2	1	0	1	1	4	3	3	1	0	2	2	3	1	2	2	2	4	0	4	3	4	2	4	4	0	1	4	3	1	2	2	1	1	2	4	2	1	4	3	0	2	2	3	1	4	3	3	0	1	0	1	0	1	2	1	2	4	0	1	3	3	3	1	4	0	3	2	1	4	3
8335	Lund	3	1	3	4	3	4	1	4	2	3	2	1	0	1	0	4	0	1	2	4	0	2	2	4	3	4	0	0	2	3	2	3	0	3	4	2	1	2	3	4	0	0	3	3	3	2	3	3	1	1	3	3	0	4	4	4	1	2	1	4	1	0	0	2	0	3	0	3	1	3	0	0	4	2	0	2	1	1	4	1	0	1	3	4	1	3	1	0	2	4	3	1	2	1	4	4	2	3	1	4	2	1	4	0	3	2	4	3	4	2	1	1	4	4	2	1	2	4	0	2	4	1	3	4	3	4	0	3	0	3	0	1	3	1	2	2	0	1	1	4	3	3	2	0	1	4	1	1	3
8336	Lz-0	3	1	3	3	1	2	3	1	2	2	2	3	0	4	0	3	0	1	2	2	0	4	4	2	3	4	0	0	0	3	2	1	0	3	2	2	1	2	3	4	0	0	2	1	3	2	3	1	1	3	1	3	0	2	2	4	2	2	1	2	1	0	0	2	0	4	0	3	1	3	0	0	1	2	0	1	4	1	4	1	0	1	3	4	3	0	1	0	2	2	1	1	1	2	4	4	2	4	1	4	2	4	2	0	1	2	3	1	2	3	1	1	4	4	2	1	4	0	0	4	2	3	1	4	1	4	0	1	0	3	1	3	2	1	2	4	0	1	1	4	3	1	4	0	1	2	1	4	1
8337	Mir-0	3	1	3	4	1	4	1	1	4	2	0	3	0	4	0	3	0	1	2	0	0	4	2	4	1	4	0	0	0	1	2	1	0	4	2	4	1	0	3	4	0	0	3	3	3	2	1	1	1	3	3	3	0	4	4	2	2	2	1	4	0	0	0	2	0	3	0	3	3	3	0	0	1	2	0	2	4	1	4	4	0	1	3	4	3	0	1	0	0	2	3	1	2	2	4	4	2	3	1	4	2	4	2	0	1	4	3	3	2	2	4	1	4	4	1	3	4	4	0	2	4	3	3	4	1	4	0	1	0	3	1	6	2	3	2	2	0	3	3	3	3	1	2	0	1	2	1	1	1
8338	Mr-0	3	1	1	4	3	2	1	4	2	2	2	3	0	1	0	3	0	2	2	4	0	2	2	4	3	4	0	0	0	3	2	3	0	3	2	4	1	2	3	4	0	0	2	3	3	2	3	1	1	1	3	3	0	2	2	4	1	4	2	4	0	0	0	2	0	3	0	3	3	3	0	0	1	2	0	2	1	3	2	1	0	3	3	3	1	3	2	0	2	4	1	1	1	2	4	4	2	3	1	4	4	4	4	0	3	4	3	3	2	3	1	2	4	1	2	1	2	3	0	2	2	3	3	4	3	3	4	3	0	1	1	3	3	1	2	2	0	3	3	4	2	3	2	0	3	4	3	1	3
8339	Mrk-0	3	2	3	4	3	4	1	1	4	2	0	1	0	1	0	4	0	1	3	2	0	2	4	4	3	2	0	0	0	1	1	3	0	3	2	4	4	0	3	4	0	0	3	3	3	4	1	3	3	1	1	3	0	4	4	2	1	4	1	2	0	0	0	4	0	3	0	1	1	1	0	0	1	2	0	1	4	1	4	4	0	1	3	4	1	3	2	0	0	4	1	1	1	1	2	4	0	4	3	2	2	4	4	0	1	4	3	1	2	2	1	2	2	4	2	1	4	0	0	2	2	3	3	4	3	4	0	1	0	3	0	3	3	3	1	2	0	3	3	4	2	3	4	0	3	2	3	1	3
8340	Ms-0	3	2	1	4	3	2	1	4	2	2	2	1	0	4	0	3	0	1	2	0	0	4	2	2	1	2	0	0	0	3	2	1	0	3	4	4	1	0	1	4	0	0	2	1	3	4	1	3	1	1	3	4	0	4	4	4	1	2	1	4	0	0	0	4	0	3	0	3	3	1	0	0	1	2	0	2	4	1	4	1	0	3	1	3	1	3	2	0	2	2	1	1	0	2	2	4	0	3	3	2	2	4	2	0	1	2	3	3	2	3	4	1	2	4	1	3	4	0	0	2	4	3	3	4	3	3	0	3	0	1	0	3	2	3	2	4	0	1	1	3	2	3	4	0	3	2	1	4	1
8341	Mt-0	1	1	1	3	3	4	3	1	2	2	0	3	0	4	0	3	0	1	2	0	0	2	2	2	1	9	0	0	0	1	1	1	0	3	4	2	1	0	3	2	0	0	3	3	1	4	3	1	3	3	3	3	0	4	4	9	2	2	2	2	0	0	0	2	0	3	0	3	1	3	0	0	4	2	0	1	1	1	2	1	0	3	3	4	1	3	1	0	0	2	3	1	1	1	2	4	0	4	1	4	2	4	4	0	3	4	4	1	4	3	4	1	4	4	1	1	4	0	0	2	4	3	3	4	3	3	0	3	0	1	1	3	2	1	2	2	0	1	1	3	3	3	4	0	3	2	1	1	3
8342	Mz-0	3	2	1	3	3	4	1	1	2	2	4	3	0	4	0	4	0	1	2	2	0	2	4	4	1	4	0	0	0	1	1	1	0	3	2	4	1	2	3	2	0	0	3	3	3	2	3	1	3	1	3	3	0	4	4	4	2	2	1	4	1	0	0	2	0	3	0	1	1	3	0	0	1	2	0	1	1	1	4	4	0	1	3	3	3	3	0	0	2	4	1	1	2	2	2	3	0	3	3	4	2	4	4	0	3	4	3	1	2	3	4	2	4	1	1	1	2	0	0	2	4	3	3	3	3	3	0	3	0	1	1	3	2	3	2	4	0	1	1	3	3	1	2	0	3	2	3	1	3
8343	Na-1	1	2	1	3	1	4	1	1	2	3	4	3	0	1	0	4	0	1	3	4	0	2	2	2	1	4	0	0	0	1	1	3	0	3	2	4	4	2	3	2	0	0	3	3	1	4	1	3	1	1	3	3	0	4	4	4	2	2	1	2	0	0	0	2	0	4	0	3	3	3	0	0	0	2	3	5	1	1	2	4	0	3	3	3	3	3	2	0	0	2	3	3	1	1	4	4	0	4	3	4	2	4	4	0	3	4	3	1	2	2	0	2	2	1	2	1	2	3	0	2	2	3	1	4	3	4	0	3	0	3	0	3	3	3	2	2	0	3	1	4	2	1	4	0	1	2	1	1	3
8344	Nd-1	1	1	1	4	3	2	3	1	2	2	2	1	0	4	0	3	0	1	2	4	0	2	4	4	1	2	0	0	2	1	2	1	0	4	4	2	1	0	1	4	0	0	2	3	3	2	1	3	3	1	3	3	0	2	2	2	2	4	1	2	3	0	0	2	0	3	0	1	1	1	0	0	1	2	0	1	1	1	4	1	0	1	1	4	3	3	1	0	2	2	3	1	2	2	4	4	0	4	3	4	4	4	2	0	1	4	4	1	4	2	4	2	4	4	1	1	2	0	0	2	2	3	1	4	1	3	0	3	0	1	1	3	2	1	1	2	1	3	1	3	3	3	4	0	3	2	1	1	3
8345	NFA-10	3	2	3	4	3	4	1	4	4	2	2	3	0	4	0	3	0	1	2	2	0	2	4	4	3	4	0	0	0	3	2	3	0	4	2	2	4	0	3	4	0	0	2	1	3	4	3	3	1	3	3	3	0	4	4	4	1	4	1	2	0	0	0	4	0	3	0	3	1	3	0	0	1	2	0	1	4	3	2	4	0	1	1	4	3	0	1	0	2	2	3	1	2	2	4	4	0	3	1	4	4	4	4	0	1	4	3	3	4	2	1	2	4	4	2	3	2	0	0	4	2	1	1	3	1	4	0	1	0	1	0	3	2	3	2	2	0	3	1	4	3	1	4	0	1	2	3	1	1
8346	NFA-8	3	2	3	3	1	2	3	4	4	2	0	3	0	4	0	3	0	1	2	2	0	2	4	4	3	4	0	0	2	3	2	3	0	4	2	2	4	2	3	4	0	0	2	3	3	4	1	1	1	3	3	3	0	4	4	2	1	2	2	2	3	0	0	2	0	4	0	1	3	3	0	0	1	2	0	1	4	1	4	4	0	3	1	3	3	1	2	0	2	2	3	1	1	2	4	3	0	3	3	2	4	1	4	0	1	2	3	3	4	2	4	2	4	4	2	3	2	0	0	4	2	1	1	3	1	4	0	1	0	1	1	1	2	3	2	4	0	3	1	4	3	1	4	0	1	2	3	1	1
8347	Nok-3	1	1	1	3	3	4	3	4	2	3	2	3	0	1	0	3	0	2	3	4	0	4	2	2	1	4	0	0	0	1	1	1	0	3	4	4	1	2	3	2	0	0	2	3	1	4	3	1	1	1	1	4	0	4	4	2	2	2	1	4	3	0	0	4	0	3	0	3	1	3	0	0	1	2	0	1	4	1	4	1	0	3	1	3	3	3	1	0	2	2	1	1	2	2	4	3	0	4	1	2	2	1	4	0	1	4	4	1	4	3	4	2	4	4	1	3	2	0	0	4	2	1	3	4	3	4	0	1	0	1	1	1	0	3	2	4	0	3	3	3	3	3	4	0	1	2	1	1	1
8348	Nw-0	3	2	1	4	3	4	3	4	4	2	2	3	1	4	2	4	0	1	2	2	1	4	4	4	1	2	3	1	0	1	1	1	1	3	4	4	1	2	3	4	1	3	2	3	3	4	1	1	3	3	3	3	1	4	2	0	1	2	2	4	0	3	4	4	1	3	1	3	3	3	4	4	1	2	3	1	1	1	4	1	4	1	3	4	1	3	1	3	2	2	3	3	1	2	4	3	4	4	3	4	2	4	4	3	1	4	3	1	2	2	4	1	0	1	2	1	2	4	2	2	4	3	3	4	3	3	3	3	1	1	0	3	2	1	2	2	3	1	3	3	3	3	2	1	3	2	1	1	3
8349	Ömö2-1	1	1	1	4	3	4	1	4	2	3	0	1	0	4	0	3	0	2	3	2	0	4	4	4	1	4	0	0	0	3	2	3	0	4	4	4	4	0	3	4	0	0	2	3	3	4	1	3	3	1	3	3	0	2	2	4	2	2	1	4	0	0	0	4	0	3	0	3	1	3	0	0	1	2	0	1	1	1	4	4	0	1	3	3	3	3	2	0	0	4	1	1	2	2	4	4	0	4	1	4	2	4	4	0	1	4	4	3	4	3	1	1	2	4	1	3	2	3	0	4	2	3	3	4	3	4	0	3	0	1	0	3	3	3	2	4	0	1	1	3	3	1	2	0	3	2	3	1	3
8350	Ömö2-3	1	2	3	3	1	4	1	4	2	3	2	1	0	4	0	3	0	1	3	4	0	4	4	2	3	4	0	0	0	1	2	3	0	3	4	4	4	0	3	2	0	0	2	1	3	4	3	3	3	1	3	3	0	2	2	4	2	2	1	4	3	0	0	4	0	3	0	1	3	3	0	0	1	2	0	1	4	3	4	4	0	3	3	4	3	3	2	0	2	4	3	1	2	1	2	3	0	3	3	2	2	4	4	0	3	4	4	1	4	2	4	1	4	1	2	1	2	3	0	4	2	3	1	4	3	4	0	3	0	1	1	3	2	3	2	4	0	1	1	3	2	3	2	0	1	2	3	4	3
8351	Ost-0	1	2	1	3	3	4	1	4	2	3	4	1	0	4	0	4	0	1	2	4	0	2	4	4	3	2	0	0	0	3	1	1	0	3	4	4	1	2	1	2	0	0	3	3	1	2	3	3	1	3	3	4	0	4	2	2	1	2	2	2	0	0	0	4	0	3	0	3	3	1	0	0	1	4	3	1	4	1	2	4	0	1	1	3	3	0	1	0	0	2	1	1	2	1	4	4	2	3	3	2	4	1	4	0	1	4	4	3	4	0	1	1	4	4	2	1	2	3	0	2	2	3	3	4	1	4	0	1	0	3	0	1	3	3	2	2	0	3	1	3	3	1	2	0	1	4	1	1	3
8352	Oy-0	1	2	1	3	3	4	3	4	4	2	4	1	0	1	0	3	0	1	3	2	0	2	2	2	3	2	0	0	0	1	1	1	0	3	2	4	1	0	3	4	0	0	3	3	3	2	1	1	1	3	3	3	0	2	2	4	2	2	1	2	0	0	0	2	0	3	0	1	3	3	0	0	4	2	0	1	4	1	4	4	0	3	3	3	3	3	1	0	2	2	1	1	1	2	4	4	0	3	3	2	2	4	4	0	1	2	4	1	2	3	4	1	2	4	2	1	4	0	0	2	4	3	1	4	3	4	0	3	0	0	1	1	2	3	2	2	0	1	1	4	3	1	2	0	1	2	1	1	3
8353	Pa-1	3	1	3	4	1	4	1	1	4	2	2	3	0	1	0	3	0	1	3	4	0	2	4	4	1	4	0	0	0	1	2	1	0	3	2	4	1	0	3	4	0	0	3	3	3	2	3	3	3	3	3	3	0	2	4	4	1	4	1	4	0	0	0	4	0	4	0	1	3	1	0	0	1	4	0	2	1	1	4	0	0	1	3	3	3	0	1	0	0	2	1	1	2	2	4	3	0	4	3	4	2	4	4	0	3	4	3	3	4	3	4	1	4	1	2	3	4	4	0	2	4	1	1	4	1	4	0	1	0	1	1	3	3	3	2	2	0	3	1	3	3	1	2	0	1	2	3	1	1
8354	Per-1	3	2	1	3	3	4	1	4	4	2	4	1	0	4	0	3	0	1	2	4	0	4	2	2	1	2	0	0	2	1	2	1	0	4	2	2	1	2	1	4	0	0	2	1	3	2	3	3	1	3	1	3	0	4	4	4	1	2	1	4	0	0	0	4	0	3	0	1	3	3	0	0	4	4	0	1	4	1	2	1	0	1	3	4	1	3	1	0	9	4	1	1	2	2	4	4	2	3	1	2	4	4	4	0	1	4	4	3	4	2	1	1	4	4	1	1	2	4	0	2	4	3	3	4	3	4	4	3	0	3	0	3	2	1	2	2	0	1	3	4	2	1	4	0	3	4	3	1	3
8355	Petergof	1	2	1	3	3	2	3	4	4	2	2	3	0	4	0	4	0	1	2	0	0	4	2	4	1	4	0	0	0	1	1	3	0	4	4	4	4	0	3	2	0	0	2	3	3	4	3	3	3	1	3	3	0	2	2	4	1	2	1	2	1	0	0	2	0	3	0	3	1	3	0	0	1	2	0	1	4	1	4	4	0	3	3	3	3	3	0	0	0	2	1	1	2	1	2	3	0	3	1	2	2	1	2	0	1	4	3	1	4	2	1	1	2	4	2	1	2	0	0	2	4	3	3	4	1	3	0	1	0	3	1	3	3	3	2	4	0	1	3	3	2	1	2	0	3	4	1	4	3
8356	Pi-0	3	1	3	4	3	4	1	1	2	2	4	1	0	4	0	4	0	1	2	2	0	2	2	4	1	4	0	0	2	1	1	3	0	3	4	4	1	4	3	2	0	0	3	3	1	4	1	3	1	1	3	4	0	4	4	4	2	2	1	2	1	0	0	4	0	3	0	3	1	1	1	0	1	2	3	2	4	1	4	1	0	3	3	4	3	3	2	0	2	2	3	3	2	2	4	3	0	3	3	4	2	1	4	0	3	2	3	3	4	2	1	1	4	1	2	1	2	3	0	2	4	3	3	4	3	3	0	1	0	3	1	3	3	3	2	2	0	1	3	4	3	3	2	0	1	2	3	4	1
8357	Pla-0	1	1	1	3	3	4	3	1	4	2	2	3	0	4	0	4	0	1	2	4	0	4	4	4	3	4	0	0	0	3	2	1	0	4	2	2	1	2	1	4	0	0	2	3	3	4	3	1	1	1	3	3	0	4	4	4	2	4	1	2	0	0	0	4	0	4	0	3	3	3	0	0	1	2	3	1	1	1	4	1	0	1	3	4	3	1	1	0	2	2	1	1	2	1	4	3	0	4	3	2	4	4	2	0	3	4	3	1	4	2	1	1	2	4	1	1	2	4	0	2	2	1	1	3	3	3	0	3	0	3	1	3	3	3	1	2	0	3	1	3	3	3	2	0	1	4	3	1	1
8358	Pna-10	3	2	1	3	1	2	1	1	2	2	4	1	0	4	0	3	0	1	2	4	0	2	4	4	1	4	0	0	2	3	2	1	3	4	2	4	1	0	3	4	0	0	2	3	1	4	1	1	3	1	1	3	0	2	4	2	1	4	1	4	3	0	0	2	0	3	0	3	3	1	4	0	4	2	0	1	4	1	4	4	0	1	1	4	3	3	0	0	4	2	3	1	1	1	4	3	2	3	1	4	4	4	2	0	1	2	4	3	4	2	1	2	4	4	1	3	4	4	3	4	4	1	3	3	3	4	0	3	0	3	1	3	2	1	1	2	3	3	3	3	3	3	4	0	1	2	3	1	1
8359	Pna-17	3	2	0	4	3	2	1	1	4	2	0	3	0	1	0	3	0	1	3	0	0	2	4	4	1	4	0	0	2	1	2	3	0	3	4	2	1	0	3	2	0	0	3	3	3	2	3	3	3	1	1	3	0	2	4	2	1	4	1	4	3	0	0	2	0	3	0	3	3	3	0	0	4	2	0	1	1	1	4	4	0	1	3	3	3	3	1	0	0	2	3	1	1	1	4	3	0	3	1	4	4	4	2	0	1	2	4	3	4	2	1	1	4	1	1	1	2	0	0	2	4	1	3	4	1	4	0	1	0	3	0	1	3	1	1	4	0	1	1	3	3	1	4	0	1	2	3	1	3
8360	Pro-0	1	1	1	3	3	4	3	4	4	3	0	3	0	1	0	3	0	1	2	0	0	2	4	2	1	2	0	0	0	3	5	3	0	3	4	2	1	2	3	4	0	0	3	3	1	2	1	3	3	1	1	4	0	4	2	2	1	2	2	2	0	0	0	4	0	4	0	1	3	3	0	0	1	4	0	1	1	1	4	4	0	1	1	3	1	3	2	0	0	2	3	1	2	1	2	3	0	3	3	2	4	4	2	0	1	4	3	1	4	3	1	1	4	4	2	3	2	0	0	4	2	1	1	4	3	4	0	1	0	3	0	1	2	1	1	2	0	3	1	3	3	1	2	0	1	2	1	1	1
8361	Pu2-23	1	2	1	4	3	4	1	4	4	2	4	1	0	4	0	3	0	2	3	0	0	4	4	4	1	4	0	0	0	1	1	1	0	3	4	2	4	0	3	2	0	0	2	1	3	4	1	3	3	3	3	4	0	4	2	4	1	2	1	2	0	0	0	2	0	3	0	3	1	3	0	0	4	2	0	2	4	1	4	1	0	3	3	4	1	3	2	0	0	4	1	3	2	2	2	4	0	3	3	4	4	4	4	0	1	2	3	1	2	2	4	1	2	1	2	1	2	0	0	2	4	3	1	4	1	3	0	3	0	3	1	3	3	3	2	4	0	1	3	4	2	1	4	0	1	4	1	4	3
8362	Pu2-7	3	2	1	4	3	4	3	4	2	2	4	3	0	1	0	3	0	1	2	2	0	4	4	4	1	4	0	0	4	1	1	1	0	4	4	4	1	0	1	4	0	0	3	3	3	4	3	3	3	3	3	4	0	4	2	4	2	2	2	4	1	0	0	2	0	3	0	1	3	1	0	0	4	4	0	1	4	1	4	1	0	1	3	3	1	3	1	0	2	4	1	1	2	2	4	4	2	4	3	4	4	1	4	0	1	2	3	1	2	2	4	1	4	4	2	1	2	4	0	2	4	1	1	4	3	3	0	3	0	3	0	3	3	1	2	4	0	1	1	3	2	1	2	0	3	2	1	4	1
8363	Pu2-8	3	2	1	4	3	4	1	4	2	2	2	1	0	1	0	4	0	1	2	2	0	4	4	4	1	4	0	0	4	1	1	1	0	4	4	4	1	4	1	4	0	0	3	3	3	4	3	3	3	3	3	4	0	4	2	4	2	2	2	4	1	0	0	4	2	3	0	3	3	3	0	0	4	2	0	2	4	1	4	1	0	1	3	3	3	3	2	0	2	2	1	1	2	2	4	4	2	4	3	4	2	1	4	0	1	2	3	1	2	2	4	1	4	4	2	1	2	4	0	2	4	1	1	4	3	3	0	3	0	3	0	3	3	1	2	4	0	1	1	3	2	1	2	0	3	2	1	4	1
8364	Ra-0	1	1	3	3	1	2	1	1	2	0	2	3	0	4	0	3	0	2	2	2	0	4	2	2	3	2	0	0	0	1	1	3	0	3	2	2	1	0	3	2	0	0	2	1	3	2	1	3	1	3	3	3	0	2	4	4	2	2	1	2	0	0	0	4	0	3	0	1	3	3	0	0	1	2	0	1	4	1	4	1	0	3	3	3	1	0	0	0	0	4	3	3	1	2	2	3	2	4	1	4	2	4	2	0	3	2	3	1	4	3	1	1	4	4	2	1	4	0	0	4	2	1	1	3	3	4	0	3	0	3	1	3	2	3	2	4	0	3	3	3	3	1	2	0	1	2	1	1	3
8365	Rak-2	3	2	1	3	3	2	3	4	4	2	4	3	0	4	0	3	0	1	2	2	0	2	2	4	3	4	0	0	0	1	1	1	0	3	4	4	1	2	3	4	0	0	2	1	3	4	3	3	3	1	3	3	0	4	2	4	1	4	1	2	1	0	0	2	0	3	0	1	3	3	0	0	1	2	3	2	4	1	4	1	0	1	3	4	3	3	2	0	2	4	1	3	2	2	4	4	0	4	3	4	2	4	4	0	1	4	3	1	2	2	4	1	4	1	2	1	2	3	0	2	4	3	3	4	1	3	0	3	0	3	0	3	2	3	2	2	0	3	3	3	3	3	2	0	1	2	1	4	3
8366	Rd-0	3	2	1	4	1	4	3	4	2	3	4	3	0	4	0	4	0	1	3	4	0	4	4	2	1	4	0	0	0	1	1	1	0	4	2	2	1	2	3	4	0	0	2	3	3	2	3	1	3	3	3	4	0	4	2	2	1	2	1	2	0	0	0	2	0	3	0	1	1	3	4	0	4	2	3	2	4	1	2	1	0	1	3	4	3	1	1	0	2	2	3	3	1	1	4	4	0	4	1	4	4	1	2	0	1	2	3	1	2	2	4	2	4	4	2	1	2	3	0	2	4	3	3	4	3	3	0	3	0	1	1	3	2	1	2	2	1	1	1	3	2	1	4	0	1	4	1	4	3
8367	Ren-1	3	2	1	4	3	4	3	4	2	2	2	3	0	4	0	4	0	1	2	0	0	2	4	2	1	4	0	0	0	3	2	1	0	3	4	4	1	0	3	2	0	0	3	3	1	2	1	3	1	1	3	3	0	4	2	4	2	4	1	2	0	0	0	4	0	4	0	3	3	3	0	0	1	2	0	1	1	1	4	4	0	1	1	0	3	3	2	0	0	2	3	1	2	2	4	3	2	3	3	2	4	4	2	0	3	0	4	1	9	2	1	2	4	4	2	3	2	4	0	4	2	3	1	3	3	4	0	1	0	1	1	3	2	3	2	2	0	1	1	4	3	3	2	0	1	2	3	1	1
8368	Ren-11	0	2	0	0	0	4	0	0	0	0	0	3	0	0	0	4	0	0	0	0	0	4	0	2	1	4	0	0	0	0	0	0	0	4	0	0	1	0	3	0	0	0	3	1	0	4	0	0	0	0	0	3	0	0	0	0	0	0	0	0	0	0	0	0	0	4	0	3	3	3	0	0	1	2	0	1	4	3	4	0	0	1	1	0	1	0	0	0	0	0	3	1	0	2	4	0	0	0	3	0	4	0	9	0	1	0	3	1	2	0	1	0	4	0	2	3	2	0	0	4	2	3	1	3	3	4	0	1	0	0	0	3	0	0	0	0	0	3	0	4	2	1	2	0	1	2	3	0	0
8369	Rev-1	3	1	3	4	3	4	3	4	4	2	2	1	0	1	0	4	0	1	2	2	0	2	2	2	3	4	0	0	2	3	2	3	0	3	4	2	1	2	3	4	0	0	3	3	1	2	3	3	1	1	3	4	0	4	4	4	1	2	2	2	3	0	0	4	0	3	0	1	1	3	0	0	4	2	0	2	1	1	4	1	0	3	3	4	1	3	1	0	2	4	3	1	2	1	4	4	2	3	1	4	2	1	4	0	3	2	4	3	4	2	1	1	4	4	1	3	2	3	0	2	4	1	3	4	3	4	0	3	0	3	1	1	3	3	2	2	0	1	1	4	3	3	2	0	1	2	1	1	3
8370	Rmx-A02	3	2	1	3	1	2	1	1	2	2	4	1	0	4	0	3	0	1	2	4	0	2	4	4	1	4	0	0	2	3	2	1	0	4	2	4	1	0	3	4	0	0	2	3	1	4	1	1	3	1	1	3	0	2	4	2	1	4	1	4	3	0	0	2	0	3	0	3	3	1	0	0	4	2	0	1	4	1	4	4	0	1	1	3	3	1	1	0	0	2	3	1	1	1	4	3	0	3	3	4	2	4	4	0	3	2	3	1	4	2	1	2	2	4	1	3	4	0	0	4	4	1	3	3	3	4	0	3	0	3	1	3	2	1	1	2	0	3	1	3	3	1	4	0	1	2	3	1	1
8371	Rmx-A180	1	1	1	3	3	2	3	1	2	3	2	3	0	4	0	3	0	2	2	2	0	2	4	4	1	4	0	0	2	3	2	1	0	4	2	4	1	0	3	4	0	0	2	3	3	4	1	1	3	3	3	3	0	4	4	4	2	2	1	2	3	0	0	4	0	4	0	1	3	3	0	0	1	2	0	1	4	1	4	4	0	3	1	3	3	3	2	0	0	2	3	1	2	1	4	3	0	4	3	4	2	4	4	0	3	2	3	1	4	2	1	2	2	4	1	1	4	0	0	4	2	1	1	3	3	4	0	3	0	3	1	3	2	3	2	4	0	3	1	3	3	1	4	0	1	2	1	1	1
8372	RRS-10	3	2	1	3	1	2	1	1	2	2	4	1	0	4	0	3	0	1	2	4	0	2	4	4	1	4	0	0	2	3	2	1	0	4	2	4	1	4	3	4	0	0	2	3	1	4	1	1	3	1	1	3	0	2	4	0	1	4	1	4	3	0	0	2	0	3	0	3	3	1	0	0	4	2	0	1	4	1	4	4	0	1	1	4	3	3	1	0	4	2	3	1	1	1	4	3	2	3	0	4	4	4	2	0	1	2	4	3	4	2	1	2	4	4	1	3	4	0	0	4	4	1	3	3	3	4	0	3	0	3	1	3	2	1	1	2	3	3	3	3	3	3	4	0	1	2	3	1	1
8374	Rsch-4	3	2	1	4	3	4	1	4	4	2	2	3	0	1	0	3	0	1	3	4	0	2	4	2	3	4	0	0	0	1	1	1	0	3	4	2	0	4	1	2	0	0	3	3	3	4	1	3	3	1	3	3	0	2	4	2	1	2	2	2	0	0	0	2	0	3	0	1	3	3	0	0	4	2	0	1	4	1	4	4	0	1	3	4	1	1	2	0	0	4	1	1	2	1	2	3	0	4	3	4	4	1	4	0	1	2	3	1	4	3	4	2	4	1	2	3	2	3	0	2	4	3	3	3	3	4	0	3	0	1	1	3	3	1	0	2	0	1	1	3	3	1	4	0	1	2	1	1	3
8375	Rubezhnoe-1	3	2	1	4	3	4	1	4	2	2	4	1	0	4	0	3	0	1	2	4	0	4	2	2	3	2	0	0	0	3	2	1	0	3	4	4	4	2	3	2	0	0	2	1	3	2	3	3	1	1	1	3	0	4	4	4	1	2	1	4	1	0	0	4	0	3	0	1	1	3	0	0	4	4	0	1	4	1	2	1	0	3	3	3	1	0	2	0	2	2	1	3	0	2	2	4	0	3	3	4	2	4	2	0	1	4	4	3	2	3	4	1	2	4	1	3	4	4	0	2	4	3	3	4	3	3	0	1	0	0	1	3	3	3	2	4	0	1	3	3	2	1	4	0	3	4	3	1	3
8376	Sanna-2	1	1	1	3	1	4	1	4	2	3	4	3	0	4	0	3	0	1	2	0	0	2	4	2	3	2	0	0	4	3	1	1	0	3	4	4	4	0	3	4	0	0	2	3	3	2	3	3	1	1	3	0	0	2	2	4	1	2	1	2	1	0	0	4	0	3	0	3	3	1	0	0	1	4	0	1	1	3	2	1	0	1	3	4	1	3	1	0	0	2	1	3	2	1	4	4	0	4	1	2	2	1	4	0	1	4	4	3	4	3	4	1	4	4	1	1	2	3	0	4	4	1	3	4	1	4	0	1	0	1	0	1	3	1	2	2	0	3	1	3	3	1	2	0	1	4	1	4	3
8377	Santa Clara	3	2	1	3	3	2	3	4	2	2	2	1	0	4	0	4	0	1	2	2	0	2	4	4	1	4	0	0	2	1	2	3	0	3	4	4	1	4	1	4	0	0	2	3	3	2	1	1	1	1	3	4	0	2	2	4	2	2	1	2	1	0	0	2	0	3	0	3	1	3	0	0	4	2	0	2	4	1	4	4	0	1	1	4	1	3	1	0	2	4	1	1	1	2	2	4	0	4	1	4	2	4	4	0	1	4	3	1	4	3	1	1	4	1	2	3	2	4	0	2	4	3	3	3	3	3	0	3	0	1	0	1	2	1	1	2	1	1	1	3	3	3	4	0	1	2	3	1	1
8378	Sap-0	3	2	1	4	3	4	1	4	4	2	4	3	0	1	0	3	0	2	2	2	0	4	4	4	3	4	0	0	0	3	2	1	0	4	4	4	1	4	3	4	0	0	3	1	3	4	1	1	3	1	3	4	0	4	2	2	1	2	2	2	1	0	0	4	0	3	0	1	3	3	1	0	1	2	0	2	4	1	4	4	0	1	3	3	3	3	2	0	2	4	1	3	2	2	2	3	2	4	3	4	4	1	4	0	1	4	3	3	4	3	4	1	4	4	2	1	4	4	0	2	2	3	3	3	1	3	0	3	0	1	1	3	3	3	2	4	1	1	1	3	2	1	2	0	3	2	3	4	3
8379	Se-0	1	1	1	3	3	4	1	4	4	2	2	3	0	4	0	4	0	1	3	2	0	4	4	4	3	4	0	0	0	1	2	1	0	3	2	4	1	2	1	4	0	0	3	3	3	4	1	1	1	3	3	3	0	2	2	4	1	4	1	2	0	0	0	4	0	4	0	1	3	3	0	0	1	4	0	1	4	1	4	1	0	3	3	4	3	0	0	0	0	2	1	1	2	1	4	4	2	4	3	2	4	4	4	0	3	4	3	1	4	2	4	2	2	4	2	1	2	0	0	2	2	1	3	4	1	3	0	3	0	3	1	3	3	1	1	4	0	1	3	3	3	3	2	0	1	4	3	1	3
8380	Sf-1	1	1	1	3	3	4	3	4	4	2	2	3	0	4	0	4	0	1	2	4	0	2	4	2	3	0	0	0	0	1	2	1	0	4	4	2	1	2	1	4	0	0	2	3	3	4	1	1	1	1	1	3	0	2	2	2	1	4	1	4	3	0	0	4	0	3	0	1	1	1	0	0	1	2	3	1	4	1	4	1	0	3	3	4	1	1	1	0	0	2	1	1	2	1	4	4	2	4	3	4	2	4	4	0	3	4	3	1	4	2	1	1	4	4	2	1	2	4	0	2	2	1	3	4	1	3	0	1	0	3	1	3	3	3	2	4	0	3	1	3	3	3	2	0	3	4	3	1	1
8381	Sorbo	1	2	1	4	1	4	1	4	2	2	2	1	0	4	0	3	0	0	3	0	0	4	2	2	1	2	0	0	0	1	2	1	0	3	2	4	1	0	1	2	0	0	2	1	3	2	1	3	1	3	1	3	0	4	4	4	1	2	1	4	0	0	0	4	0	3	0	3	1	3	0	0	4	4	0	2	1	1	2	1	0	3	3	3	1	3	2	0	0	2	1	1	0	2	2	4	0	3	3	4	2	1	2	0	3	4	4	3	2	2	4	1	2	4	1	3	4	0	0	2	4	3	3	4	3	4	0	1	0	1	1	3	2	1	2	4	0	1	3	3	2	3	2	0	3	4	3	1	1
8382	Spr1-2	1	2	3	4	3	4	3	4	4	2	0	3	0	1	0	4	0	1	3	4	0	2	4	4	1	4	0	0	2	1	2	3	0	3	4	2	1	2	3	4	0	0	2	3	3	2	1	3	3	1	1	4	0	2	2	4	2	2	1	4	3	0	0	4	0	3	0	1	3	3	0	0	1	2	3	1	1	1	4	1	0	3	3	4	1	3	1	0	2	2	1	1	0	2	2	4	0	3	3	4	4	4	4	0	3	4	4	3	4	2	1	1	2	1	2	1	2	4	0	2	2	3	3	4	3	4	0	3	0	1	0	3	3	3	2	2	0	3	1	3	2	1	2	0	3	2	1	4	3
8383	Spr1-6	1	1	1	3	3	4	1	4	2	0	4	3	0	4	0	4	0	1	3	0	0	2	2	4	3	2	0	0	0	1	2	1	0	3	4	4	1	0	1	2	0	0	3	3	1	4	1	3	1	3	3	3	0	2	2	4	2	2	1	2	1	0	0	4	0	3	0	1	3	3	0	0	1	2	0	1	4	3	4	1	0	3	3	3	1	0	1	0	0	2	1	1	2	1	2	4	2	3	3	2	2	1	2	0	1	4	4	3	2	2	1	1	4	4	2	1	4	0	0	2	4	3	3	4	3	4	0	3	0	3	0	3	3	1	2	2	0	1	1	3	2	1	2	0	3	2	3	4	3
8384	Sq-1	3	2	1	4	3	2	3	1	4	2	2	3	0	4	0	3	0	2	3	0	0	2	4	4	3	4	0	0	0	1	1	3	0	4	2	2	1	0	3	2	0	0	3	3	3	2	1	1	1	3	3	3	0	4	4	2	1	2	2	2	0	0	0	4	0	4	0	1	1	3	0	0	1	4	0	1	4	3	2	4	0	3	1	3	3	0	1	0	0	4	3	1	1	2	4	4	2	3	3	2	4	4	4	0	1	2	3	3	4	2	4	2	4	1	2	3	2	4	0	4	2	1	1	3	1	4	0	1	0	1	1	3	3	3	2	2	0	3	1	4	3	1	4	0	1	2	1	1	1
8385	Sq-8	3	2	1	4	1	2	1	4	2	0	4	3	0	1	0	3	0	1	2	0	0	4	4	4	1	4	0	0	0	3	2	3	0	3	4	4	1	2	1	4	0	0	2	3	3	2	1	1	1	1	1	3	0	4	2	4	2	2	1	2	1	0	0	2	0	4	0	3	3	3	0	0	1	2	0	1	4	1	4	4	0	3	3	4	1	0	1	0	2	2	1	1	2	1	4	4	2	3	1	4	2	4	4	0	1	2	3	1	4	3	4	2	2	4	1	3	4	4	0	2	4	1	1	4	3	3	0	1	0	1	1	3	2	1	2	2	0	1	3	3	3	3	2	0	3	2	1	1	3
8386	Sr:5	3	2	1	3	3	2	1	1	4	2	4	3	3	4	4	3	0	1	2	2	2	2	2	4	3	4	3	1	0	1	1	1	3	3	4	4	1	4	1	4	1	3	2	1	1	4	3	3	3	3	3	4	3	4	2	4	2	4	1	2	0	3	4	4	2	3	2	3	3	3	4	4	1	2	1	2	4	1	4	4	2	3	3	4	1	3	1	1	2	4	1	1	2	2	4	4	2	4	3	4	2	4	4	3	3	4	4	1	2	3	4	2	2	4	2	1	4	4	3	2	4	3	3	4	1	4	3	3	3	3	3	0	2	1	2	2	3	3	1	3	2	3	2	3	3	2	1	1	3
8387	St-0	1	2	1	4	3	4	1	4	2	3	4	3	0	1	0	3	0	1	2	2	0	2	2	2	1	2	0	0	2	1	1	1	0	3	2	4	1	4	1	4	0	0	2	3	3	2	3	1	3	1	3	3	0	4	4	0	2	4	2	2	3	0	0	4	2	3	0	1	3	3	0	0	1	2	3	1	1	1	2	1	0	1	1	3	3	1	1	0	2	2	1	3	2	2	2	4	0	3	3	4	2	4	4	0	3	4	4	1	4	2	1	1	2	4	2	3	2	4	0	4	4	3	3	3	3	3	4	3	0	1	1	3	3	1	2	2	0	1	1	4	2	3	4	0	3	2	1	1	3
8388	Stw-0	3	2	1	3	3	4	3	1	2	2	2	1	0	4	0	3	0	1	2	4	0	2	2	4	1	2	0	0	0	3	2	1	0	3	4	4	1	4	3	2	0	0	3	1	3	4	3	3	1	3	3	3	0	4	2	4	1	4	1	4	0	0	0	4	0	3	0	3	3	3	0	0	4	4	3	1	4	1	2	4	0	1	3	4	1	3	1	0	0	4	1	3	2	2	4	3	0	4	3	4	4	4	4	0	1	4	3	3	2	3	1	0	0	4	1	1	2	4	0	2	4	3	3	4	1	4	0	1	0	0	1	3	3	1	2	2	0	1	1	3	2	1	4	0	3	2	1	4	1
8389	Ta-0	3	2	1	4	3	4	3	4	4	2	4	3	0	1	0	3	0	2	3	4	0	2	4	2	1	2	0	0	0	1	1	1	0	4	4	4	1	2	3	4	0	0	2	3	1	4	1	3	3	3	3	4	0	4	2	4	1	2	2	2	0	0	0	2	0	3	0	3	3	3	0	0	1	2	0	2	4	1	4	4	0	3	3	3	3	3	1	0	2	4	1	1	2	2	2	4	0	4	3	4	2	4	4	0	1	4	3	1	4	2	4	1	4	4	2	1	2	3	0	2	2	1	1	4	3	3	0	3	0	1	0	3	3	3	2	4	1	3	1	3	2	3	2	0	1	2	3	4	3
8390	Tamm-2	3	2	1	4	1	4	1	4	2	3	4	3	0	1	0	3	0	2	3	0	0	2	2	4	3	2	0	0	0	1	2	3	0	3	4	4	1	0	1	4	0	0	2	3	3	2	1	3	1	1	1	3	0	4	2	4	1	2	1	2	1	0	0	4	0	3	0	3	3	1	0	0	4	4	0	2	1	3	2	4	0	1	3	3	3	3	1	0	0	4	1	1	2	1	4	4	0	4	3	4	2	4	4	0	3	4	3	3	2	3	4	1	4	4	1	3	4	0	0	4	4	3	3	4	1	3	0	3	0	0	1	3	2	1	2	2	0	1	1	3	3	1	2	0	1	4	1	4	3
8391	Tamm-27	3	2	1	4	1	4	1	4	2	3	4	3	0	1	0	3	0	2	3	0	0	2	2	4	3	2	0	0	0	1	2	3	0	3	4	4	1	0	1	4	0	0	2	3	3	2	1	3	1	1	1	3	0	4	2	4	1	2	1	2	0	0	0	4	0	3	0	3	3	1	0	0	4	4	0	2	1	3	2	4	0	1	3	3	3	3	1	0	0	4	1	1	2	1	4	4	0	4	3	4	2	4	4	0	3	4	3	3	2	3	4	1	4	4	1	3	4	0	0	4	4	3	3	4	1	3	0	3	0	0	1	3	2	1	2	2	0	1	1	3	3	1	2	0	1	4	1	4	3
8392	Ts-1	1	1	3	3	1	4	3	1	4	3	2	1	0	4	0	3	0	2	3	4	0	4	4	4	3	4	0	0	0	3	2	3	0	4	2	2	1	2	1	4	0	0	2	1	3	4	3	1	1	1	3	3	0	4	4	2	1	4	2	4	0	0	0	2	0	4	0	1	3	3	0	0	4	4	0	2	4	1	4	1	0	3	3	4	3	0	1	0	2	2	1	1	2	2	4	4	0	4	1	4	4	4	4	0	3	4	3	3	4	2	4	1	4	4	2	1	2	0	0	2	2	1	3	4	3	4	0	3	0	3	0	3	2	1	1	2	0	3	1	4	3	3	2	0	1	4	3	1	3
8393	Ts-5	3	1	3	3	1	4	3	1	4	2	2	3	0	1	0	4	0	1	3	2	0	4	4	4	3	4	0	0	0	1	1	3	0	4	4	4	1	2	1	4	0	0	2	3	3	4	3	1	1	3	3	3	0	2	2	2	2	4	2	2	0	0	0	2	0	4	0	1	1	1	0	0	1	4	0	1	4	1	4	1	0	3	3	4	3	0	2	0	0	2	1	1	2	2	4	4	0	4	3	4	4	1	4	0	3	4	3	1	4	2	4	2	4	4	1	1	2	0	0	2	2	3	1	3	3	3	0	3	0	0	0	3	3	3	1	2	0	3	1	4	2	3	2	0	3	4	3	1	1
8394	Tsu-1	1	2	3	3	3	4	1	4	4	2	2	3	0	4	0	3	0	1	2	2	0	2	4	2	1	4	0	0	0	1	2	3	0	3	4	4	1	0	3	4	0	0	2	3	1	2	1	3	3	1	3	3	0	2	2	4	1	2	1	4	0	0	0	2	0	3	0	1	1	3	0	0	1	2	0	2	4	1	4	1	0	1	3	3	3	0	0	0	0	2	1	3	2	2	4	4	2	3	3	2	4	4	4	0	1	4	4	1	2	3	4	2	4	4	2	1	2	0	0	2	2	3	3	4	3	3	0	3	0	3	1	3	2	3	2	2	0	1	1	3	2	3	4	0	1	4	1	1	3
8395	Tu-0	1	2	3	3	3	4	1	4	4	2	2	3	0	4	0	3	0	1	2	2	0	2	4	2	1	4	0	0	0	1	2	3	0	3	4	4	1	2	3	4	0	0	2	3	1	2	1	3	3	1	3	3	0	2	2	2	1	2	1	4	0	0	0	2	0	3	0	1	1	3	1	0	1	2	3	2	4	1	4	1	0	1	3	3	3	1	1	0	4	2	1	3	2	2	4	4	2	3	3	2	4	4	4	0	1	4	4	1	2	3	4	2	4	4	2	1	2	4	0	2	2	3	3	4	3	3	4	3	0	3	1	3	2	3	2	2	0	1	1	3	2	3	4	0	1	4	1	1	3
8396	Ull2-3	1	2	3	4	3	4	1	4	2	3	2	1	0	1	0	4	0	1	2	2	0	4	4	4	1	4	0	0	2	1	2	1	0	3	4	2	1	2	3	4	0	0	3	3	1	2	3	3	3	3	1	3	0	4	4	4	1	4	2	2	1	0	0	4	0	3	0	1	3	3	0	0	1	2	0	1	4	1	4	1	0	1	1	4	1	3	1	0	2	2	1	1	2	2	4	3	2	3	3	4	4	4	4	0	3	2	3	1	2	2	1	1	2	1	1	1	4	3	0	2	4	3	3	4	3	4	0	3	0	1	0	1	3	3	2	2	0	1	1	3	3	3	4	0	1	2	3	1	3
8397	Ull2-5	1	2	1	4	3	2	1	1	4	3	2	1	0	4	0	3	0	2	2	2	0	2	2	4	3	4	0	0	4	1	1	1	0	4	4	2	4	0	1	4	0	0	3	3	3	4	1	3	1	1	3	3	0	4	2	4	1	2	1	2	1	0	0	4	0	3	0	1	3	1	0	0	4	2	0	1	4	1	4	4	0	3	3	3	3	3	0	0	2	4	3	1	2	1	4	4	0	4	1	4	2	1	2	0	3	4	3	1	4	3	4	2	4	4	1	1	4	0	0	4	2	1	3	4	3	3	0	3	0	3	1	3	3	3	2	4	0	3	1	3	3	3	2	0	1	4	1	1	3
8398	Uod-1	3	2	3	4	3	2	1	1	2	2	2	1	0	1	0	4	0	1	3	2	0	2	4	4	1	2	0	0	0	1	2	1	0	4	4	4	4	2	3	2	0	0	2	1	3	4	1	3	3	3	3	3	0	2	4	4	1	2	2	2	3	0	0	4	0	3	0	3	3	3	0	0	1	2	0	1	1	1	2	1	0	1	3	3	3	0	2	0	2	2	1	1	2	2	4	4	0	3	3	2	2	1	4	0	1	4	4	1	4	2	4	2	2	4	1	1	4	0	0	2	4	3	3	4	1	3	0	3	0	1	1	3	3	3	2	2	0	1	3	3	2	1	2	0	1	2	1	4	3
8399	Uod-7	3	1	1	4	3	4	1	1	2	2	2	3	0	4	0	3	0	1	3	2	0	2	2	4	3	4	0	0	0	3	1	1	0	4	4	4	4	0	3	2	0	0	2	1	3	4	1	3	3	3	3	3	0	2	4	4	2	4	1	2	1	0	0	2	0	3	0	3	1	3	0	0	1	2	0	2	1	1	4	4	0	1	3	3	3	0	2	0	2	4	1	3	2	2	2	3	2	3	1	4	4	4	4	0	1	4	4	3	4	2	1	1	2	4	1	1	4	0	0	2	4	3	3	4	1	3	0	1	0	1	0	3	3	3	2	2	0	1	1	3	2	1	2	0	3	2	1	1	1
8400	Van-0	3	1	3	4	3	4	1	1	2	2	4	3	0	1	0	3	0	2	2	4	0	4	4	4	3	4	0	0	2	1	1	1	0	3	2	4	1	2	3	2	0	0	2	1	1	4	3	1	3	1	3	3	0	4	4	2	2	4	2	2	3	0	0	2	0	4	0	1	1	3	0	0	1	2	0	1	4	1	4	1	0	1	1	3	3	1	1	0	0	2	3	1	2	1	4	4	2	4	3	4	4	4	4	0	3	4	3	1	4	2	1	1	4	4	1	1	4	3	0	4	2	1	1	3	3	3	0	1	0	3	1	3	2	3	2	4	0	1	1	4	2	3	2	0	1	4	3	1	3
8401	Vår2-1	1	1	1	3	3	4	1	4	2	0	0	3	0	4	0	4	0	2	3	0	0	4	4	4	1	2	0	0	0	1	2	0	0	3	0	2	4	0	3	2	0	0	3	1	1	4	3	3	3	1	3	3	0	2	2	2	1	2	2	0	1	0	0	4	0	3	0	3	3	3	0	0	1	4	0	2	1	1	2	1	0	3	1	3	1	3	2	0	0	2	1	1	2	2	2	4	0	4	3	4	2	1	4	0	3	2	4	1	4	2	1	2	4	1	2	1	4	0	0	2	2	3	3	4	3	3	0	3	0	3	0	3	2	0	1	4	0	1	1	3	3	1	2	0	3	4	1	1	3
8402	Vår2-6	1	1	1	3	3	2	1	4	2	3	4	3	0	4	0	3	0	2	3	2	0	4	4	4	1	2	0	0	2	1	2	3	0	3	2	4	1	0	3	4	0	0	3	3	3	4	3	3	3	1	3	4	0	2	2	2	1	2	2	4	0	0	0	4	0	3	0	3	3	3	0	0	1	4	0	1	1	1	2	1	0	3	1	3	1	3	1	0	0	2	1	3	2	2	2	4	0	4	3	4	2	1	4	0	3	2	4	1	0	2	1	2	4	1	2	1	2	3	0	4	2	3	3	4	3	4	0	1	0	3	0	3	2	1	2	4	0	3	1	3	3	1	2	0	3	4	1	1	3
8403	Wa-1	3	2	1	4	0	4	1	4	2	0	0	3	0	4	0	3	0	0	2	0	0	2	2	4	1	4	0	0	0	3	2	0	0	3	0	4	4	0	1	4	0	0	3	3	3	4	1	3	1	1	3	4	0	4	4	4	1	4	2	0	0	0	0	4	0	3	0	1	1	3	0	0	4	2	0	1	1	1	4	1	0	3	3	3	3	3	2	0	0	4	1	3	2	2	2	4	0	4	3	4	2	4	4	0	1	4	3	3	2	2	4	1	4	4	2	1	2	0	0	2	4	3	3	4	1	4	0	3	0	3	1	3	3	0	2	4	0	1	1	3	2	1	4	0	3	2	3	4	3
8404	Wei-0	1	2	3	4	3	4	1	4	2	0	2	0	0	4	0	3	0	1	2	0	0	4	4	4	3	2	0	0	0	1	2	1	0	3	4	4	1	0	3	2	0	0	3	3	1	2	0	1	1	3	3	3	0	4	4	0	1	4	2	2	0	0	0	4	0	3	0	3	1	3	0	0	1	2	0	1	1	1	4	1	0	3	3	3	3	3	0	0	0	2	3	1	2	2	2	4	0	4	1	2	4	4	2	0	3	4	3	1	4	2	1	2	2	4	2	1	4	0	0	2	2	1	3	3	3	4	0	3	0	1	0	3	3	3	2	2	0	3	1	4	2	3	2	0	1	2	1	4	3
8405	Ws-0	3	1	1	3	3	4	1	4	2	2	2	1	0	1	0	3	0	1	2	4	0	4	2	2	1	2	0	0	0	3	2	1	0	3	2	4	4	0	3	4	0	0	2	1	3	4	3	3	1	1	3	4	0	2	4	4	1	4	1	2	0	0	0	2	0	4	0	1	3	1	0	0	1	2	0	2	1	1	4	1	0	1	3	3	3	3	1	0	0	2	1	3	1	2	4	4	0	3	3	2	2	1	4	0	3	4	4	3	2	3	1	1	4	4	1	3	2	0	0	2	2	3	3	4	1	3	0	3	0	1	1	3	3	3	2	4	0	1	1	4	3	1	4	0	3	4	3	4	3
8406	Ws-2	1	1	1	3	3	2	3	4	4	2	0	1	0	4	0	3	0	1	3	0	0	2	4	4	1	4	0	0	0	1	0	3	0	3	4	2	1	0	3	4	0	0	3	1	3	2	1	3	3	3	3	3	0	4	2	4	2	2	1	4	3	0	0	4	0	3	0	1	1	3	0	0	4	4	0	2	1	1	4	4	0	1	3	4	1	3	1	0	0	4	1	3	1	2	4	3	0	4	3	4	2	4	4	0	3	4	3	1	2	2	1	2	4	4	2	3	2	4	0	2	4	3	3	4	3	3	0	1	0	0	0	3	3	1	2	4	0	1	3	3	2	1	4	0	3	4	3	1	3
8407	Wt-5	1	2	1	4	1	2	1	4	4	2	2	1	0	4	0	4	0	1	3	0	0	2	4	2	1	4	0	0	0	1	1	1	0	4	4	2	1	0	3	4	0	0	2	3	3	2	3	1	1	3	3	3	0	4	2	4	1	4	2	4	0	0	0	2	0	3	0	3	1	1	0	0	4	4	0	1	4	3	4	1	0	1	3	4	3	0	2	0	0	2	1	1	2	2	4	3	0	4	3	2	4	4	4	0	3	2	3	3	2	2	4	2	4	1	2	1	2	0	0	2	2	3	3	3	3	3	0	3	0	0	0	1	2	3	1	2	0	1	1	3	3	1	2	0	3	2	3	1	1
8408	Yo-0	3	2	3	3	3	4	1	4	2	2	2	3	0	1	0	3	0	1	2	2	0	2	4	4	1	4	0	0	0	1	2	1	0	4	2	4	1	0	3	4	0	0	2	3	1	4	1	1	3	1	1	3	0	2	4	9	2	2	1	4	0	0	0	2	0	4	0	3	3	3	0	0	4	2	0	1	1	3	4	1	0	1	3	3	3	3	1	0	0	2	3	1	1	1	4	3	2	4	3	4	4	1	4	0	3	2	4	3	4	2	1	1	4	4	1	3	4	0	0	4	4	1	3	3	3	4	0	3	0	1	0	1	2	1	1	2	0	3	3	3	3	3	4	0	1	2	3	1	1
8410	Zdr-6	1	2	1	3	1	4	3	4	4	0	2	3	0	4	0	3	0	2	3	0	0	4	2	4	1	2	0	0	0	1	2	1	0	3	4	2	1	0	3	4	0	0	2	1	3	4	3	3	3	3	3	4	0	4	2	4	1	2	2	4	0	0	0	2	0	3	0	1	1	1	0	0	1	4	0	1	1	1	4	1	0	3	3	4	3	3	2	0	2	4	1	3	2	1	2	4	0	4	3	4	2	4	2	0	1	4	4	1	2	2	1	1	4	4	2	3	2	3	0	2	4	3	3	4	1	4	0	3	0	1	1	3	2	1	2	2	0	3	3	3	2	1	4	0	1	2	1	4	1
8411	Rd-0	3	2	1	4	1	4	3	4	2	3	4	3	0	4	0	4	0	1	3	4	0	4	4	2	1	4	0	0	0	1	1	1	0	4	2	2	1	2	3	4	0	0	2	3	3	2	3	1	3	3	3	4	0	4	2	2	1	2	1	2	0	0	0	2	0	3	0	1	1	3	0	0	4	2	3	2	4	1	2	1	0	1	3	4	3	1	1	0	2	2	3	3	1	1	4	4	0	4	1	4	4	1	2	0	1	2	3	1	2	2	4	2	4	4	2	1	2	3	0	2	4	3	3	4	3	3	0	3	0	1	1	3	2	1	2	2	0	1	1	3	2	1	4	0	1	4	1	4	3
8429	N13	1	1	1	4	3	4	3	4	2	2	0	1	0	4	0	3	0	1	2	0	0	2	2	2	1	4	0	0	0	3	2	1	0	3	4	4	1	0	3	4	0	0	2	1	3	2	3	3	1	3	1	4	0	4	4	4	1	2	2	4	0	0	0	4	0	3	0	1	1	3	0	0	4	2	0	2	4	1	4	1	0	3	1	4	3	3	2	0	0	2	3	3	2	2	4	4	0	3	3	4	2	4	2	0	1	4	3	3	2	3	4	1	2	4	2	3	2	0	0	2	4	3	3	4	3	3	0	1	0	0	1	3	3	3	2	4	0	1	1	3	3	3	4	0	3	4	3	1	3
