2	ALL1-3	19	0.999905574006
4	ALL1-5	19	0.999906068911
5	ALL1-6	19	0.999907689795
7	ALL1-8	19	0.999900825642
8	ALL1-9	19	0.999908657465
11	ALL2-3	6	0.00319049889197
13	ALL2-5	19	0.999902311431
14	ALL2-6	19	0.999904192417
15	BUI	19	0.999906878452
23	CAM-16	19	0.999903264871
24	CAM-17	4	9.67831463856e-07
32	CAM-25	19	0.999903122353
45	CAM-42	3	2.22977782113e-14
48	CAM-45	19	0.999898992855
51	CAM-48	19	0.999912002682
61	CAM-57	19	0.999907660566
64	CAM-6	6	0.00294049335536
66	CAM-61	19	0.99989728821
67	CAM-62	19	0.999900077215
68	CAM-63	19	0.999899128369
69	CAM-64	19	0.999907754261
70	CAM-66	6	0.00349230655634
73	CAM-69	19	0.999904188152
76	CAM-9	6	0.00345842706077
77	CLA-7	19	0.999902354085
79	CUR-10	19	0.999901712598
80	CUR-2	6	0.00321116411126
81	CUR-3	19	0.999902554496
83	CUR-5	19	0.999898046345
84	CUR-6	19	0.99990232802
85	CUR-7	19	0.999904192417
86	CUR-8	5	3.69603070074e-05
87	CUR-9	6	0.00339092632229
88	CYR	19	0.999905034316
89	DAM1	19	0.99990944964
90	DAM2	19	0.999910417354
91	JEA	4	4.79509646883e-08
95	LAC-4	19	0.999900783558
97	LAC-6	19	0.99990012036
106	LDV-16	2	1.2913052525e-21
116	LDV-25	19	0.999904920056
121	LDV-3	19	0.999904192417
122	LDV-30	19	0.999904192417
126	LDV-34	19	0.999905141678
127	LDV-35	19	0.999905141678
133	LDV-40	4	2.15325052805e-08
137	LDV-44	19	0.999904192417
140	LDV-48	19	0.999904192417
141	LDV-49	19	0.999905822552
142	LDV-5	19	0.999904924321
146	LDV-53	19	0.999905873583
149	LDV-58	6	0.00196644718739
150	LDV-59	19	0.999906068911
151	LDV-6	19	0.999905140898
153	LDV-68	19	0.999905431172
158	LDV-9	19	0.999904192417
159	MAR2-3	19	0.999910403087
160	MIB-1	19	0.999902354085
161	MIB-10	3	1.09140167071e-11
162	MIB-100	6	0.00246842074043
163	MIB-11	6	0.00334785829046
165	MIB-14	4	7.5252199159e-07
166	MIB-15	2	8.31929423759e-19
167	MIB-16	19	0.999904924321
168	MIB-17	19	0.999903238891
169	MIB-19	19	0.999905962593
170	MIB-2	19	0.999903264956
171	MIB-20	0	5.48930736093e-27
173	MIB-22	19	0.999904192417
174	MIB-23	19	0.999905909948
175	MIB-24	3	6.09861463807e-11
177	MIB-27	19	0.999896493373
178	MIB-28	19	0.999900074616
179	MIB-29	19	0.999913778273
183	MIB-32	6	0.0031932829285
184	MIB-33	19	0.999905087853
185	MIB-34	19	0.999900115349
186	MIB-35	19	0.999904192417
187	MIB-36	19	0.999903355372
188	MIB-37	19	0.999904192417
190	MIB-39	19	0.999913662692
191	MIB-40	6	0.00224012897613
193	MIB-42	2	7.96059933267e-20
194	MIB-43	19	0.999904192187
196	MIB-47	1	1.28317941304e-27
198	MIB-50	19	0.999899147921
200	MIB-54	19	0.999912017069
201	MIB-55	4	2.23424981322e-08
202	MIB-57	19	0.999905141678
203	MIB-58	19	0.999902608032
204	MIB-60	3	4.28032424749e-11
205	MIB-61	19	0.999901897507
207	MIB-63	4	3.30733390154e-08
208	MIB-64	19	0.999902311431
210	MIB-67	19	0.999898239047
211	MIB-68	6	0.00283280016738
212	MIB-69	3	7.63216879181e-11
213	MIB-70	19	0.999904192417
214	MIB-73	19	0.999902311431
215	MIB-75	19	0.999904192417
216	MIB-76	4	5.86618543403e-07
217	MIB-77	6	0.00337542223092
219	MIB-80	3	1.47326929246e-13
220	MIB-81	2	1.09888838672e-13
222	MIB-83	19	0.99990011994
223	MIB-84	3	4.28119102076e-11
224	MIB-86	4	3.31876852394e-08
225	MIB-87	19	0.999904192417
229	MIB-90	19	0.99990078514
230	MIB-92	19	0.999899068969
231	MIB-93	6	0.00318619181387
233	MIB-95	19	0.999904188152
234	MIB-96	19	0.999903059923
242	MOG-37	19	0.999913006395
244	MOG-40	19	0.999904880424
252	MOG-55	19	0.999900139779
253	MOG-57	0	3.93407468224e-30
254	MOG-58	19	0.999901026472
255	MOG-67	19	0.99991052375
256	NOG	0	2.69038644995e-33
257	PAR-10	19	0.999911982083
258	PAR-3	19	0.99989649393
259	PAR-4	19	0.999901032656
260	PAR-5	6	0.00356256083342
261	PAR-6	19	0.99991402063
262	PAR-8	3	8.54056141134e-11
263	PAR-9	19	0.999903201359
264	PON	19	0.999897480762
265	PYL-6	19	0.999916441888
266	RAN	19	0.999904192417
267	ROM-1	19	0.999901696009
268	ROM-2	19	0.999902866383
269	ROM-9	19	0.999906962098
270	TOU-A1-10	19	0.99990190741
274	TOU-A1-106	19	0.99990941919
275	TOU-A1-109	19	0.999905145859
277	TOU-A1-111	19	0.999903970795
278	TOU-A1-112	19	0.999903355372
280	TOU-A1-114	19	0.99990167462
281	TOU-A1-115	2	3.87947984718e-18
282	TOU-A1-116	19	0.999903771721
283	TOU-A1-117	19	0.999909086488
287	TOU-A1-120	19	0.999904924321
288	TOU-A1-122	19	0.999902623468
290	TOU-A1-124	4	7.82309922367e-07
291	TOU-A1-125	4	6.58127373966e-07
292	TOU-A1-128	19	0.999904924321
293	TOU-A1-129	4	1.28420036307e-06
295	TOU-A1-131	19	0.999903771806
296	TOU-A1-133	19	0.999898174932
297	TOU-A1-134	19	0.999903359963
298	TOU-A1-137	3	1.84636174935e-09
301	TOU-A1-141	19	0.999906033417
302	TOU-A1-143	19	0.999904087742
305	TOU-A1-17	6	0.00354890076543
309	TOU-A1-23	19	0.999906185482
310	TOU-A1-26	19	0.999902623468
311	TOU-A1-27	19	0.999903238891
313	TOU-A1-3	19	0.999904192417
314	TOU-A1-33	19	0.99990857481
315	TOU-A1-34	19	0.999906090911
317	TOU-A1-38	19	0.999907776088
318	TOU-A1-39	3	1.33736943954e-09
320	TOU-A1-41	19	0.999903066825
321	TOU-A1-43	19	0.999904192417
322	TOU-A1-45	19	0.999904160391
323	TOU-A1-47	6	0.00355852241143
326	TOU-A1-60	6	0.00285510233709
327	TOU-A1-61	19	0.99990944964
328	TOU-A1-62	6	0.00283280016738
329	TOU-A1-63	19	0.999904192332
331	TOU-A1-65	19	0.999905145859
332	TOU-A1-66	19	0.999908520021
335	TOU-A1-69	19	0.999905141678
337	TOU-A1-70	19	0.999904924321
338	TOU-A1-73	19	0.999906827027
339	TOU-A1-74	2	1.03372758961e-21
341	TOU-A1-77	3	2.50387274427e-13
342	TOU-A1-78	19	0.999906095121
343	TOU-A1-79	19	0.999905745863
346	TOU-A1-81	19	0.999905819758
347	TOU-A1-82	19	0.999902623468
348	TOU-A1-84	4	1.24590190843e-06
349	TOU-A1-85	19	0.999904192417
350	TOU-A1-88	19	0.999905873583
351	TOU-A1-89	6	0.00354845570136
355	TOU-A1-93	19	0.999906053952
357	TOU-A1-96	19	0.999904924236
359	TOU-A1-98	19	0.999905121309
360	TOU-C-1	5	4.07655766086e-05
361	TOU-C-2	19	0.999909375384
362	TOU-C-3	19	0.999900273578
363	TOU-D-1	2	4.79188652602e-18
364	TOU-D-5	3	6.23599082895e-11
365	TOU-D-9	19	0.999904113629
366	TOU-E-11	19	0.999899898144
367	TOU-E-2	1	5.70056635318e-33
368	TOU-E-7	3	3.0113783532e-13
369	TOU-F-1	19	0.999904924321
371	TOU-G-1	19	0.999900964096
372	TOU-H-10	4	9.35590304456e-07
373	TOU-H-12	19	0.999904465262
375	TOU-H-3	6	0.00191086627398
376	TOU-H-8	19	0.999909470251
377	TOU-I-1	19	0.999901853678
378	TOU-I-17	19	0.999903260691
379	TOU-I-2	5	3.37285355211e-05
380	TOU-I-6	5	4.79319417841e-05
382	TOU-J-18	19	0.999903238891
383	TOU-J-3	6	0.003193948117
384	TOU-K-1	19	0.999904924321
385	TOU-K-2	19	0.999905873499
386	TOU-K-3	19	0.999906095121
387	TOU-L-10	1	6.92634497701e-26
388	TOU-L-17	3	7.20405407449e-10
389	TOU-L-5	4	9.90839582121e-07
390	VOU-1	6	0.0034428060014
391	VOU-10	3	2.04815914377e-12
392	VOU-2	19	0.999902354001
393	VOU-4	19	0.999901532017
394	VOU-5	6	0.00270940775385
395	VOU-6	3	8.00184287689e-10
396	VOU-7	3	1.35237691881e-09
398	VOU-9	19	0.999905479697
498	BRR49	19	0.999883038144
551	LI-WP-049	5	2.96525761512e-05
607	LI-OF-002	19	0.999882084713
608	LI-OF-004	2	2.24113507611e-26
609	LI-OF-005	19	0.999883760912
611	LI-OF-010	2	1.33892529556e-26
612	LI-OF-014	6	0.00288965755828
613	LI-OF-017	19	0.99988191288
615	LI-OF-023	19	0.999881157502
616	LI-OF-025	19	0.999881157502
619	LI-OF-029	19	0.999881157502
620	LI-OF-030	1	6.08963000609e-30
621	LI-OF-031	1	5.16964111408e-28
627	LI-OF-060	19	0.999882840091
629	LI-OF-064	19	0.999881157502
630	LI-OF-065	3	5.34119898337e-14
631	LI-OF-066	19	0.999882110933
632	LI-OF-068	19	0.999882646829
634	LI-OF-077	0	3.85402125911e-40
635	LI-OF-079	19	0.999883786982
636	LI-OF-080	1	4.4344949943e-28
638	LI-OF-089	19	0.99988286616
639	LI-OF-093	19	0.99988286616
640	LI-OF-094	19	0.999883761578
641	LI-OF-095	3	1.63369628259e-12
642	LI-OF-100	19	0.999884696659
664	LI-RR-056	4	2.30443877985e-08
668	LI-RR-068	19	0.999882752187
711	LI-EF-094	6	0.00257934211923
730	LI-SET-021	19	0.999882752187
955	Belmonte-2-89	1	9.53233559916e-35
956	Belmonte-3-91	19	0.999883884714
957	Belmonte-4-94	4	6.22168145561e-07
958	Belmonte-5-96	19	0.999883003359
959	Belmonte-8-99	19	0.999883789018
960	Belmonte-11-102	19	0.999883919499
962	Belmonte-13-105	19	0.999881157502
963	Belmonte-14-108	19	0.999882794234
964	Belmonte-15-109	0	3.75338434286e-38
966	Bolsena-2-113	0	4.81146269687e-41
968	Bolsena-4-118	0	2.75126248126e-41
970	Bolsena-6-121	6	0.00236196855084
972	Bolsena-8-125	0	2.91680780342e-40
973	Bolsena-11-127	19	0.999883514974
974	Bolsena-12-129	19	0.99988365193
975	Bolsena-20-132	0	3.01639587092e-40
976	Bolsena-21-134	19	0.999881157502
992	Ale-Stenar-44-4	2	2.86671186093e-21
996	Ale-Stenar-50-11	19	0.999882109109
997	Ale-Stenar-56-14	19	0.999882078322
998	Ale-Stenar-57-16	19	0.999883912864
999	Ale-Stenar-59-18	19	0.999881157502
1004	Ale-Stenar-66-28	19	0.999882992287
1005	Ale-Stenar-71-29	19	0.999884273685
1006	Ale-Stenar-77-31	19	0.999881157502
1016	VM-1	19	0.999890590289
1034	VM-20	19	0.999882067134
1045	VM-31	19	0.999882038856
1061	Brösarp-11-135	19	0.999881157502
1062	Brösarp-15-138	19	0.999881157502
1063	Brösarp-21-140	19	0.999881157502
1064	Brösarp-25-142	19	0.999881157502
1065	Brösarp-32-143	0	8.10351449303e-38
1066	Brösarp-34-145	19	0.999881157502
1069	Brösarp-43-152	19	0.999882106742
1070	Brösarp-45-153	19	0.999883005533
1071	Brösarp-47-155	0	1.58165352611e-41
1072	Brösarp-51-157	19	0.999881157502
1073	Brösarp-53-159	19	0.999882084713
1074	Brösarp-61-162	19	0.999882110782
1075	Brösarp-63-163	19	0.999881157502
1107	ESÖ-25	19	0.999881157502
1132	Gårdby-17-198	0	1.51196799176e-39
1134	Gårdby-19-205	0	9.71032404115e-40
1136	Gårdby-21-211	0	2.14486818931e-42
1137	Gårdby-22-213	0	2.06702732853e-39
1140	Gårdby-25-222	0	9.38047638656e-40
1145	Aledal-26	19	0.999882992287
1153	Aledal-1-34	0	2.05160641203e-39
1159	Aledal-7-51	19	0.999882084713
1160	Aledal-8-55	0	2.08735867789e-39
1161	Aledal-9-58	0	5.40033277944e-40
1163	Aledal-11-63	19	0.999882959676
1165	Aledal-13-70	0	1.93298820269e-42
1169	Aledal-17-82	19	0.999881157502
1170	Aledal-19-84	19	0.999882692023
1251	Tos-58-382	19	0.999882959676
1252	Tos-75-384	19	0.999886393382
1254	Tos-82-387	19	0.999882103247
1255	Tos-85-389	19	0.999883846001
1256	Tos-93-391	19	0.999882959676
1260	Tos-98-400	19	0.999884832636
1303	Ängsö-12-402	19	0.999883789018
1305	Ängsö-26-405	1	1.13584632359e-36
1306	Ängsö-28-407	0	2.48379818944e-41
1307	Ängsö-38-410	0	2.97563616205e-38
1308	Ängsö-42-411	0	4.32641180846e-41
1311	Ängsö-48-417	19	0.999884738231
1312	Ängsö-57-419	4	6.6931684053e-09
1313	Ängsö-59-422	19	0.999882078322
1314	Ängsö-61-423	0	1.37775284003e-41
1315	Ängsö-62-426	1	8.24607010334e-38
1316	Ängsö-70-427	19	0.999884738231
1317	Ängsö-74-430	19	0.999883594389
1318	Ängsö-80-432	3	7.11170565468e-18
1356	Ham-21	4	1.22206027553e-08
1357	Ham-23	19	0.999883913858
1360	Ham-2-228	19	0.999883954745
1362	Ham-6-232	6	0.00208861646033
1363	Ham-7-233	6	0.00222125536125
1364	Ham-8-235	0	2.07335594708e-41
1366	Ham-10-239	0	1.73796152878e-41
1367	Ham-13-241	0	1.43618460365e-41
1369	Ham-18-245	0	3.78378217904e-42
1372	Ham-25-251	19	0.999881157502
1373	Ham-26-254	1	7.23821514643e-35
1374	Ham-27-256	19	0.99988470723
1377	Ham-34-262	19	0.999881157502
1378	Ham-35-263	19	0.999883938784
1401	Stabby-23	19	0.999885810736
1406	Stabby-28	4	2.29854148314e-08
1408	Stabby-30	19	0.999886419949
1435	Röd-17-319	19	0.999882498761
1438	Röd-20-332	19	0.999882682944
1444	SL-6	6	0.00306231129412
1522	Herr-13	19	0.999882966067
1527	Herr-18	19	0.99988191288
1550	Sku-28	19	0.99988385341
1552	Sku-30	19	0.999883870044
1716	KBS-Mac-8	19	0.999881157502
1717	KBS-Mac-13	19	0.999881157502
1718	KBS-Mac-15	19	0.999882110782
1719	KBS-Mac-16	19	0.999881157502
1720	KBS-Mac-17	19	0.999881157502
1721	KBS-Mac-22	19	0.999881157502
1722	KBS-Mac-23	3	4.8400760026e-15
1724	KBS-Mac-28	19	0.999881157502
1726	KBS-Mac-33	19	0.999881157502
1728	KBS-Mac-36	19	0.999881157502
1729	KBS-Mac-41	19	0.999881157502
1730	KBS-Mac-43	5	3.52077823736e-05
1731	KBS-Mac-48	19	0.999881157502
1734	KBS-Mac-54	19	0.999911719296
1736	KBS-Mac-58	19	0.999881157502
1738	KBS-Mac-64	19	0.999881157502
1740	KBS-Mac-72	19	0.999881157502
1742	KBS-Mac-73	19	0.999881157502
1743	KBS-Mac-75	19	0.999882079441
1744	KBS-Mac-76	19	0.999882079441
1745	KBS-Mac-78	19	0.999881157502
1747	KBS-Mac-80	19	0.999881157502
1748	KBS-Mac-86	19	0.999881157502
1749	KBS-Mac-88	6	0.00244966110038
1750	KBS-Mac-89	19	0.999881157502
1751	KBS-Mac-91	19	0.999887515816
1752	KBS-Mac-95	19	0.999881157502
1753	KBS-Mac-96	19	0.999882038856
1783	Ker-39	19	0.999881157502
1787	Ker-43	6	0.00309437398732
1801	L-R-14	6	0.00262089049555
1808	L-R-21	19	0.99988552258
1810	Lak-2	5	3.32314774813e-05
1829	Mdn-1	19	0.999896891207
1848	Mdn-29	3	1.6442754489e-12
1849	Mdn-31	19	0.99988381688
1850	MNF-Pot-8	19	0.99988550115
1852	MNF-Pot-15	2	2.51413595951e-19
1853	MNF-Pot-21	6	0.00227044399913
1854	MNF-Pot-23	1	2.68812756537e-30
1855	MNF-Pot-37	19	0.999886631276
1857	MNF-Pot-46	6	0.00239584965506
1858	MNF-Pot-47	3	6.64883800693e-14
1859	MNF-Pot-48	3	2.80736426059e-16
1862	MNF-Pot-56	19	0.999909284556
1864	MNF-Pot-60	6	0.00241705591789
1865	MNF-Pot-61	19	0.999887647649
1866	MNF-Pot-66	19	0.999885720731
1867	MNF-Pot-68	3	3.76616733938e-13
1868	MNF-Pot-69	19	0.999896209579
1870	MNF-Pot-73	19	0.999884550831
1871	MNF-Pot-76	19	0.999884770303
1872	MNF-Pot-75	4	8.47920698724e-09
1873	MNF-Pot-79	6	0.00304684609123
1874	MNF-Pot-80	2	2.26386187744e-17
1875	MNF-Pot-81	19	0.999884767199
1876	MNF-Pot-82	19	0.999884770303
1890	MNF-Riv-21	6	0.00248911919265
1897	MNF-Riv-30	6	0.00297532585492
1898	MNF-Riv-33	6	0.00156956365314
1905	MNF-Riv-40	19	0.999881980452
1925	MNF-Che-2	6	0.00234402561683
1926	MNF-Che-3	19	0.99988191288
1935	MNF-Che-34	19	0.999881157502
1936	MNF-Che-36	3	1.85220727972e-11
1938	MNF-Che-41	2	1.10541171315e-18
1941	MNF-Che-45	1	1.52814800102e-29
1944	MNF-Che-50	1	3.95132000929e-35
1946	MNF-Che-52	0	3.31272474316e-41
1948	MNF-Che-58	19	0.999881157502
1949	MNF-Jac-2	19	0.999881157502
1951	MNF-Jac-7	19	0.999882856319
1952	MNF-Jac-9	19	0.999885845931
1954	MNF-Jac-12	19	0.999881157502
1955	MNF-Jac-14	6	0.00290159159188
1957	MNF-Jac-18	4	5.60465797685e-09
1959	MNF-Jac-21	1	3.44678033571e-28
1960	MNF-Jac-22	3	1.0711712674e-13
1961	MNF-Jac-24	19	0.999881157502
1963	MNF-Jac-26	19	0.99988191288
1965	MNF-Jac-30	3	1.5772124505e-16
1966	MNF-Jac-31	1	5.58399683109e-31
1967	MNF-Jac-32	6	0.00299171396207
1968	MNF-Jac-34	3	5.47561406965e-13
1969	MNF-Jac-38	6	0.00234402561683
1971	MNF-Jac-42	6	0.00292007150263
1972	MNF-Jac-45	19	0.99988286616
1978	MNF-Jac-61	19	0.999883777013
1979	MNF-Jac-63	19	0.99988191288
1981	MNF-Jac-68	19	0.99988191288
1987	MNF-Jac-79	19	0.99988191288
1988	MNF-Jac-81	19	0.99988191288
1990	MNF-Jac-85	19	0.999895002925
1992	MNF-Pin-2	19	0.99988457226
2006	MNF-Pin-23	6	0.0037999681763
2009	MNF-Pin-29	4	8.11418128729e-07
2011	MNF-Pin-31	5	3.79516492403e-05
2015	MNF-Pin-38	2	1.6213557948e-19
2016	MNF-Pin-39	5	2.29864947578e-05
2018	MNF-Pin-41	2	3.61601204609e-17
2019	MNF-Pin-43	4	3.56297885243e-07
2020	MNF-Pin-44	19	0.999887386658
2022	MNF-Pin-52	5	4.09796776337e-05
2057	Map-42	19	0.999887335745
2058	Map-43	6	0.00302226552435
2095	MuskSP-57	19	0.999914730624
2138	MSGA-57	5	3.84115688476e-05
2148	Paw-1	19	0.99988381688
2150	Paw-3	19	0.999889485707
2152	Paw-5	19	0.99988457226
2155	Paw-9	4	1.55120647509e-08
2158	Paw-12	19	0.999884550831
2160	Paw-14	2	8.35843071618e-25
2171	Paw-26	5	3.80694003961e-05
2175	Paw-31	19	0.99988550115
2180	Paw-40	4	4.80732060109e-07
2181	Paw-42	4	6.41659010507e-07
2182	Paw-43	6	0.00243358636642
2184	Paw-45	19	0.99988550115
2185	Paw-48	3	3.62020457953e-16
2187	Pent-1	19	0.999885712947
2198	Pent-15	6	0.00237482737512
2199	Pent-16	2	5.70141774126e-19
2201	Pent-22	6	0.00310826830268
2202	Pent-23	19	0.999885437158
2203	Pent-24	6	0.00241455875816
2204	Pent-30	3	1.36601171131e-12
2208	Pent-38	19	0.999884767199
2209	Pent-39	19	0.999886454025
2214	Pent-49	4	1.42376891397e-08
2219	Pent-57	19	0.99988381688
2223	Pent-61	3	4.95127299155e-14
2224	Pent-63	19	0.999885503705
2234	Riv-16	6	0.00234573461128
2235	Riv-19	19	0.999886606401
2266	Riv-53	6	0.00236419146366
2274	SLSP-30	5	5.35786341942e-05
2276	SLSP-31	4	1.64041076634e-08
2278	SLSP-35	19	0.999881157502
2280	SLSP-58	19	0.999881157502
2281	SLSP-60	5	3.55420722192e-05
2283	SLSP-72	19	0.999881157502
2287	SLSP-77	19	0.999881157502
2290	Ste-3	19	0.999881664341
2293	Ste-7	19	0.999881664341
2295	Ste-10	19	0.999881157502
2300	Ste-15	4	4.37030040303e-10
2307	Ste-26	19	0.999881157502
2308	Ste-29	19	0.999881157502
2311	Ste-32	19	0.999881157502
2314	Ste-35	19	0.999881157502
2315	Ste-36	19	0.999881157502
2316	Ste-37	19	0.999881157502
2317	Ste-40	6	0.00236156382958
2351	Wilcox-64	6	0.00232664741614
2366	Wilcox-96	19	0.999911719296
4611	UKSW06-004	19	0.999904192417
4648	UKSW06-041	19	0.999905569755
4654	UKSW06-047	19	0.999925414783
4656	UKSW06-049	19	0.999908250512
4677	UKSW06-072	19	0.999906754958
4683	UKSW06-078	19	0.999905897074
4711	UKSW06-107	5	0.004220446494
4717	UKSW06-113	19	0.999906754958
4722	UKSW06-119	4	3.45370549432e-08
4730	UKSW06-130	6	0.00293700018575
4740	UKSW06-140	19	0.999883557019
4741	UKSW06-141	19	0.999886012728
4745	UKSW06-145	19	0.999892503704
4757	UKSW06-157	19	0.999887214029
4765	UKSW06-165	19	0.999886877472
4769	UKSW06-169	19	0.99988452042
4776	UKSW06-176	19	0.99988452042
4779	UKSW06-179	6	0.00288127085904
4782	UKSW06-182	19	0.99988452042
4787	UKSW06-187	19	0.999885410604
4800	UKSW06-200	6	0.00290024072869
4802	UKSW06-202	4	3.26113444302e-08
4818	UKSW06-218	19	0.99988486639
4825	UKSW06-225	6	0.00297295431798
4827	UKSW06-227	19	0.999888969133
4840	UKSW06-240	0	3.19084435702e-27
4862	UKSW06-262	3	1.61554414919e-13
4863	UKSW06-263	6	0.00382974308356
4872	UKSW06-272	5	4.14944502969e-05
4879	UKSW06-280	2	2.24510896579e-14
4880	UKSW06-281	2	4.92770671965e-15
4884	UKSW06-285	19	0.999911056556
4888	UKSW06-289	19	0.999909456188
4893	UKSW06-294	19	0.999910146332
4907	UKSW06-309	19	0.999910377034
4914	UKSW06-316	19	0.999906726538
4925	UKSW06-327	19	0.999908566632
4927	UKSW06-329	19	0.999904214217
4932	UKSW06-334	19	0.99990957831
4935	UKSW06-337	19	0.999908460592
4949	UKSW06-351	6	0.00289406009737
4955	UKSW06-357	19	0.99990774366
4965	UKSW06-367	19	0.999882875869
4974	UKSE06-025	1	9.59576521784e-30
4980	UKSE06-032	1	6.19062059211e-30
4988	UKSE06-043	19	0.999903783651
4994	UKSE06-059	6	0.00298076457386
4997	UKSE06-062	6	0.00257679422035
5004	UKSE06-069	6	0.00255817108808
5007	UKSE06-072	5	3.30405002648e-05
5009	UKSE06-075	2	5.87610182795e-18
5010	UKSE06-076	19	0.999890851754
5019	UKSE06-113	4	1.05330975417e-06
5023	UKSE06-118	6	0.00244843149392
5031	UKSE06-142	2	7.33130296429e-22
5032	UKSE06-143	1	1.08883973889e-23
5034	UKSE06-145	1	2.77577537793e-26
5037	UKSE06-153	0	2.63783678646e-35
5038	UKSE06-154	0	4.07061278614e-39
5039	UKSE06-155	4	1.08957570361e-06
5040	UKSE06-161	6	0.00313162228629
5052	UKSE06-178	6	0.00326449467138
5064	UKSE06-205	19	0.99988381688
5068	UKSE06-214	4	6.78775279924e-07
5070	UKSE06-216	2	1.00187211945e-20
5071	UKSE06-217	6	0.00266836016278
5072	UKSE06-218	19	0.999889213703
5082	UKSE06-228	19	0.999882038856
5083	UKSE06-231	2	8.37600220503e-18
5090	UKSE06-238	6	0.00238767687441
5091	UKSE06-239	3	1.75899655339e-11
5098	UKSE06-246	1	5.45986496668e-28
5104	UKSE06-252	2	8.63063369317e-19
5105	UKSE06-253	2	9.62013337842e-23
5106	UKSE06-254	2	5.08527128009e-19
5116	UKSE06-272	19	0.999882933733
5118	UKSE06-274	19	0.999882992136
5119	UKSE06-275	2	3.64712452793e-28
5121	UKSE06-277	6	0.00308610143459
5123	UKSE06-279	19	0.999884727068
5129	UKSE06-291	19	0.99988473591
5139	UKSE06-309	19	0.999883554238
5141	UKSE06-311	19	0.999881157502
5146	UKSE06-316	19	0.999885793604
5151	UKSE06-325	19	0.999884714345
5158	UKSE06-349	19	0.999884829891
5160	UKSE06-351	6	0.0027787020963
5165	UKSE06-362	6	0.00166965974902
5166	UKSE06-363	19	0.999884512413
5167	UKSE06-364	19	0.999885401532
5168	UKSE06-365	6	0.00277385333384
5178	UKSE06-376	19	0.999912030778
5192	UKSE06-404	19	0.999882110782
5194	UKSE06-406	19	0.999882084713
5197	UKSE06-409	19	0.999882901273
5201	UKSE06-413	19	0.999883608944
5202	UKSE06-414	19	0.999881157502
5204	UKSE06-426	19	0.999910455742
5206	UKSE06-428	4	7.01394612086e-07
5210	UKSE06-432	19	0.999881157502
5211	UKSE06-433	2	1.35008328094e-23
5216	UKSE06-440	3	5.02955551248e-13
5220	UKSE06-449	19	0.999882078322
5223	UKSE06-452	3	3.94284061832e-15
5228	UKSE06-462	4	1.51898279345e-06
5231	UKSE06-465	3	9.38080851983e-13
5232	UKSE06-466	19	0.999911224016
5233	UKSE06-467	19	0.999881157502
5234	UKSE06-468	1	8.01865095227e-39
5236	UKSE06-470	19	0.999882833701
5238	UKSE06-472	2	5.12702506889e-20
5245	UKSE06-482	19	0.999881925754
5247	UKSE06-484	19	0.999882078322
5252	UKSE06-499	19	0.999883832466
5253	UKSE06-500	19	0.999882846574
5256	UKSE06-503	19	0.999882084713
5261	UKSE06-513	19	0.999881157502
5263	UKSE06-515	19	0.999881844616
5265	UKSE06-521	19	0.999883005533
5266	UKSE06-522	19	0.999887192535
5271	UKSE06-528	19	0.999882110933
5274	UKSE06-531	19	0.999882078322
5275	UKSE06-532	6	0.00287245904807
5276	UKSE06-533	19	0.999882078322
5280	UKSE06-542	19	0.999884571233
5282	UKSE06-544	19	0.999882110782
5291	UKSE06-555	19	0.99988352666
5292	UKSE06-556	6	0.00296900341316
5307	UKSE06-575	4	5.41475029864e-07
5308	UKSE06-579	19	0.999882078322
5309	UKSE06-580	6	0.00297274283141
5310	UKSE06-581	19	0.999883942145
5322	UKSE06-597	2	3.10055907284e-23
5334	UKSE06-621	19	0.999881925754
5335	UKSE06-622	19	0.999882106742
5336	UKSE06-623	19	0.999882109109
5340	UKSE06-627	19	0.999882966067
5341	UKSE06-628	19	0.999882110782
5343	UKSE06-630	19	0.999882110782
5348	UKSE06-638	6	0.00234402561683
5349	UKSE06-639	3	4.60455019702e-18
5350	UKSE06-640	19	0.99988191288
5364	UKNW06-019	6	0.00382203273015
5369	UKNW06-033	19	0.999884727068
5373	UKNW06-040	19	0.999885622638
5378	UKNW06-054	19	0.999884908207
5380	UKNW06-059	19	0.999882084713
5381	UKNW06-060	19	0.999883038144
5382	UKNW06-067	19	0.999885783955
5390	UKNW06-085	19	0.999883958965
5391	UKNW06-086	19	0.999882977738
5394	UKNW06-101	1	5.51167420613e-30
5395	UKNW06-102	2	2.89243911074e-19
5396	UKNW06-103	1	1.56435236745e-18
5397	UKNW06-104	2	1.83879543593e-16
5398	UKNW06-105	2	1.4871622816e-26
5399	UKNW06-111	0	3.17593109579e-31
5405	UKNW06-117	19	0.999887863064
5412	UKNW06-124	19	0.999896392329
5415	UKNW06-127	6	0.00339948875814
5419	UKNW06-131	4	1.60738441757e-08
5420	UKNW06-132	4	6.28280698356e-07
5421	UKNW06-133	0	3.91107814838e-36
5425	UKNW06-137	6	0.00319174517021
5427	UKNW06-143	3	1.02220378749e-10
5433	UKNW06-152	1	9.41396865976e-24
5434	UKNW06-155	1	2.96034955416e-30
5450	UKNW06-178	19	0.999888717369
5452	UKNW06-180	2	3.12969314061e-15
5459	UKNW06-194	19	0.999894316011
5460	UKNW06-195	6	0.00202052540778
5461	UKNW06-197	0	3.83334222809e-29
5464	UKNW06-200	2	1.24786690343e-20
5465	UKNW06-201	5	3.30606937013e-05
5467	UKNW06-203	5	4.21831368229e-05
5469	UKNW06-210	19	0.999886195338
5470	UKNW06-212	2	2.74840225745e-14
5473	UKNW06-220	6	0.00305243095979
5477	UKNW06-224	3	1.03201642999e-10
5486	UKNW06-233	2	4.15775127469e-22
5494	UKNW06-259	19	0.999889105415
5510	UKNW06-291	6	0.00283308936256
5518	UKNW06-307	19	0.999882110782
5529	UKNW06-343	19	0.999883037993
5576	UKNW06-402	5	2.78602489743e-05
5583	UKNW06-411	6	0.00299173039701
5585	UKNW06-413	19	0.999882977889
5586	UKNW06-414	19	0.999882084713
5589	UKNW06-417	19	0.999882852965
5592	UKNW06-420	19	0.999882084713
5596	UKNW06-425	19	0.999883991425
5602	UKNW06-431	19	0.999883991425
5606	UKNW06-436	6	0.00299549843958
5609	UKNW06-439	19	0.999883958965
5623	UKNW06-455	6	0.00258873860464
5627	UKNW06-459	19	0.99988721305
5628	UKNW06-460	19	0.999883806246
5633	UKNW06-469	6	0.00291341146236
5638	UKNW06-475	19	0.999883005533
5648	UKNW06-485	19	0.999882833701
5654	UKNW06-491	6	0.00238056569899
5666	UKNW99-006	5	2.75347152299e-05
5671	UKNW99-012	19	0.999882110782
5680	UKNW99-027	19	0.999882084713
5689	UKNW99-053	19	0.999883700437
5692	UKNW99-056	19	0.999884561777
5694	UKNW99-070	19	0.999883806397
5695	UKNW99-071	19	0.999885480093
5696	UKNW99-075	6	0.00241385364458
5705	UKNW99-098	19	0.999883700437
5706	UKNW99-116	6	0.00287245904807
5709	UKID2	19	0.999886371073
5711	UKID4	6	0.00304459206985
5716	UKID9	19	0.999885525543
5721	UKID14	19	0.999887306691
5722	UKID15	19	0.999889229263
5723	UKID16	19	0.999892695868
5724	UKID17	5	3.24560562148e-05
5725	UKID18	19	0.999888321618
5726	UKID19	6	0.00239470359567
5728	UKID21	19	0.999888948489
5729	UKID22	19	0.99988381688
5731	UKID24	19	0.99988550115
5733	UKID26	19	0.999889252095
5734	UKID27	6	0.00246554212393
5735	UKID28	19	0.999885504114
5736	UKID31	19	0.99988701437
5738	UKID33	19	0.999884770162
5739	UKID34	19	0.999885461375
5740	UKID35	19	0.999889255598
5741	UKID36	19	0.999893618016
5742	UKID37	19	0.999887325514
5745	UKID40	19	0.999885504114
5746	UKID41	5	4.01859551704e-05
5748	UKID43	1	6.51352300157e-31
5751	UKID46	2	1.21339977974e-18
5752	UKID47	19	0.999887338863
5753	UKID48	19	0.999888230864
5758	UKID53	5	3.67219636058e-05
5759	UKID54	6	0.00315289271726
5760	UKID55	19	0.999885681017
5762	UKID58	19	0.999891124951
5763	UKID57	19	0.999887255317
5767	UKID62	19	0.999885461685
5769	UKID64	19	0.999884727423
5770	UKID65	19	0.999886395372
5772	UKID67	6	0.00292203919503
5773	UKID68	19	0.999884550831
5774	UKID69	3	3.04897745563e-11
5777	UKID72	19	0.999891331937
5779	UKID74	19	0.999889182456
5780	UKID75	6	0.00294864882107
5783	UKID78	0	6.01218304667e-39
5785	UKID80	19	0.99988805731
5787	UKID82	19	0.999892623341
5788	UKID83	19	0.999885504114
5789	UKID84	6	0.00300143985871
5791	UKID86	5	3.50553349379e-05
5792	UKID87	19	0.999887309312
5793	UKID88	19	0.999888770403
5796	UKID91	19	0.999884770162
5798	UKID93	6	0.00308347264566
5799	UKID95	19	0.999884770162
5802	UKID98	19	0.999888341656
5803	UKID99	19	0.999886454575
5805	UKID101	19	0.999885637121
5806	UKID102	19	0.999898605499
5807	UKID103	19	0.999889122105
5811	UKID107	19	0.99988541779
5812	UKID108	19	0.999887498439
5814	UKID110	19	0.999913792043
5815	UKID111	19	0.999890867688
5816	UKID112	19	0.999890688163
5817	UKID113	6	0.00243168320221
5819	UKID29	6	0.0024550077879
5820	UKID30	19	0.99989213386
5828	UKID122	19	0.999886371214
5829	Ale1-2	1	4.16590016043e-30
5830	App1-12	6	0.00299154942417
5831	App1-14	19	0.999882110782
5832	App1-16	19	0.999885672592
5835	Bil-3	3	6.56993401527e-12
5836	Boo2-3	19	0.999881955169
5837	Bor-1	19	0.9998905896
5842	Bor-10	3	7.15989788478e-12
5843	Bor-11	6	0.00298524075709
5846	Bor-15	19	0.999881980452
5847	Bor-16	19	0.999882078322
5848	Bor-17	2	4.27948053429e-25
5849	Bor-18	19	0.999882078322
5850	Bor-20	19	0.999881157502
5864	Dra-10	19	0.99988243844
5866	Dra1-6	6	0.00299149461784
5867	Dra2-1	19	0.999881157502
5868	Dra3-2	6	0.00295031573421
5869	Dra3-3	19	0.999881157502
5870	Dra3-9	19	0.999882110782
5871	DraII-2	19	0.999881157502
5872	DraII-3	6	0.00303260326628
5873	DraII-4	19	0.999884515186
5874	DraII-6	6	0.00181774191329
5875	DraII-7	5	5.19213390019e-05
5877	DraII-13	5	3.54181150919e-05
5878	DraII-17	19	0.999882078322
5883	DraIII-17	19	0.999882110782
5884	DraIV 1-1	19	0.999881157502
5887	DraIV 1-5	19	0.999881157502
5888	DraIV 1-6	19	0.999882032221
5889	DraIV 1-7	19	0.999882078322
5891	DraIV 1-9	19	0.999881157502
5893	DraIV 1-11	4	3.73833538642e-07
5894	DraIV 1-12	19	0.999882109109
5895	DraIV 1-13	19	0.999881157502
5896	DraIV 1-14	19	0.999881733654
5898	DraIV 1-16	19	0.999881157502
5899	DraIV 2-1	4	1.15974403946e-08
5900	DraIV 2-2	19	0.999881157502
5901	DraIV 2-3	19	0.999882076148
5902	DraIV 2-4	2	1.49256208876e-19
5904	DraIV 2-6	5	3.44796134513e-05
5905	DraIV 2-7	4	1.64668972209e-08
5906	DraIV 2-8	19	0.999881733654
5908	DraIV 2-10	3	6.17113237975e-17
5910	DraIV 2-12	19	0.999885257652
5911	DraIV 2-13	19	0.99988709515
5914	DraIV 2-17	2	1.59072425056e-26
5915	DraIV 3-1	19	0.999882654474
5916	DraIV 3-2	19	0.999882927638
5921	DraIV 3-7	19	0.999881157502
5922	DraIV 3-8	19	0.999882078322
5923	DraIV 3-9	19	0.999883963855
5924	DraIV 3-10	4	4.66094964006e-07
5925	DraIV 3-11	19	0.999881764812
5926	DraIV 3-12	1	6.57202521997e-30
5927	DraIV 3-13	19	0.999881157502
5928	DraIV 3-14	19	0.999901081082
5929	DraIV 3-15	19	0.999881157502
5930	DraIV 3-16	4	3.24648068812e-07
5931	DraIV 3-17	19	0.999881664341
5932	DraIV 4-1	19	0.999881157502
5933	DraIV 4-2	5	2.74997208227e-05
5934	DraIV 4-3	19	0.999882615948
5936	DraIV 4-6	6	0.0028612141877
5938	DraIV 4-8	6	0.00308909275882
5939	DraIV 4-9	6	0.00317567985671
5940	DraIV 5-1	19	0.999882078322
5941	DraIV 5-2	19	0.999883599598
5942	DraIV 5-3	19	0.999881733654
5943	DraIV 5-4	19	0.999881157502
5945	DraIV 5-7	6	0.00296286888764
5946	DraIV 5-8	19	0.999882032221
5947	DraIV 5-9	19	0.999881664341
5948	DraIV 5-10	19	0.999882985501
5950	DraIV 5-12	19	0.99988716041
5952	DraIV 5-15	19	0.999881157502
5953	DraIV 5-16	6	0.00185026458729
5954	DraIV 5-17	19	0.999881157502
5956	DraIV 5-19	19	0.999889861639
5958	DraIV 5-21	19	0.999881157502
5959	DraIV 5-22	5	3.62100796205e-05
5961	DraIV 5-24	4	5.75449367024e-07
5962	DraIV 5-25	0	8.59027320056e-41
5963	DraIV 5-27	19	0.999881157502
5964	DraIV 5-28	6	0.00282140149594
5965	DraIV 5-29	6	0.00264877691231
5966	DraIV 5-30	4	3.5269435628e-07
5967	DraIV 5-31	19	0.999881664341
5968	DraIV 5-32	19	0.999881157502
5969	DraIV 5-33	19	0.999882985501
5970	DraIV 5-35	2	1.13878475846e-22
5972	DraIV 6-1	4	1.37378288166e-08
5974	DraIV 6-3	19	0.999881157502
5975	DraIV 6-4	1	4.34840668269e-27
5976	DraIV 6-5	19	0.999881157502
5977	DraIV 6-6	6	0.00307581715708
5979	DraIV 6-8	5	2.1314077844e-05
5980	DraIV 6-9	19	0.999884378098
5981	DraIV 6-10	0	7.70069270739e-39
5982	DraIV 6-11	6	0.00282175820765
5983	DraIV 6-12	19	0.999883535829
5986	DraIV 6-15	19	0.999882078322
5987	DraIV 6-16	19	0.999882110782
5988	DraIV 6-17	19	0.999883538442
5990	DraIV 6-19	19	0.999882585161
5991	DraIV 6-20	1	5.99243518783e-32
5992	DraIV 6-21	19	0.999882086373
5993	DraIV 6-22	19	0.999886317888
5994	DraIV 6-24	5	3.39504220438e-05
5995	DraIV 6-25	6	0.00158149483603
5996	DraIV 6-26	19	0.99989147576
5997	DraIV 6-27	19	0.999882078322
5998	DraIV 6-28	2	1.04924142187e-22
6001	DraIV 6-31	6	0.00160358107681
6002	DraIV 6-32	19	0.999882817492
6003	DraIV 6-33	19	0.999881157502
6004	DraIV 6-34	1	1.24673580546e-31
6005	DraIV 6-35	19	0.999882078322
6006	DraIV 6-36	6	0.00271702736711
6007	DraIV 6-37	19	0.99988297004
6008	Duk	19	0.999902185935
6010	Eden-5	19	0.999882110782
6011	Eden-6	6	0.00297927350901
6012	Eden-7	19	0.999882090241
6013	Eden-9	19	0.999882110782
6014	Eden-13	6	0.00296883433216
6015	Eden-14	6	0.00297873524303
6016	Eds-1	19	0.999882110782
6017	Eds-9	19	0.999883528474
6019	Fjä1-2	4	1.99254018155e-08
6020	Fjä1-5	19	0.999881157502
6021	Fjä2-4	19	0.999881157502
6022	Fjä2-6	19	0.999881157502
6023	Fly2-1	19	0.999881157502
6024	Fly2-2	19	0.999881157502
6026	Gro-4	6	0.00302749166358
6029	Gro-8	19	0.999883870313
6030	Grön-5	19	0.999882110782
6034	Hov1-7	19	0.999881844616
6035	Hov1-10	19	0.999882797897
6036	Hov3-2	19	0.999882109109
6037	Hov3-3	19	0.999882796224
6038	Hov3-5	6	0.00236244437337
6039	Hovdala-2	19	0.999882024458
6040	Kni-1	6	0.00186362030109
6041	Lis-3	19	0.999882106742
6042	Lom1-1	19	0.999914375863
6061	Näg-11	5	2.89729031172e-05
6067	Nyl-5	19	0.999881157502
6069	Nyl-7	19	0.999881157502
6070	Omn-1	19	0.999883021634
6071	Omn-5	19	0.999882110782
6072	ÖMö1-5	6	0.00185026458729
6073	ÖMö1-7	19	0.999881157502
6075	Ör-3	19	0.999882110933
6076	Rev-2	19	0.99988191288
6077	Rev-3	19	0.999881794352
6085	Sparta-1	6	0.00312484187429
6086	Sr:3	19	0.999882110782
6087	Stu-2	6	0.00187747506171
6089	Stu1-2	19	0.999882794234
6090	T1000	19	0.999881157502
6091	T1010	6	0.00302636329874
6092	T1020	6	0.00281633119792
6093	T1030	19	0.999883929347
6094	T1040	19	0.999882110782
6095	T1050	6	0.00281633119792
6096	T1060	19	0.999881844616
6097	T1070	19	0.999882992136
6098	T1080	19	0.999882068354
6099	T1090	19	0.999882068354
6100	T1110	19	0.999882052918
6101	T1120	19	0.999882024458
6102	T1130	19	0.999881157502
6103	T1150	19	0.999881157502
6104	T1160	19	0.999881157502
6105	T450	19	0.999882977738
6106	T460	19	0.999881157502
6107	T470	19	0.999881794352
6108	T480	19	0.999881157502
6109	T510	19	0.999881157502
6110	T520	19	0.999882052918
6111	T530	19	0.999881157502
6112	T540	6	0.00299811019991
6113	T550	19	0.999882076148
6114	T570	19	0.999881157502
6115	T580	19	0.999881157502
6116	T590	19	0.999882076148
6117	T600	19	0.999883037993
6118	T610	19	0.999881157502
6119	T620	19	0.999882938673
6120	T630	19	0.999882109109
6121	T640	19	0.999881157502
6122	T670	19	0.999881157502
6123	T680	19	0.999881157502
6124	T690	19	0.999881157502
6125	T710	19	0.999881157502
6126	T720	19	0.999881157502
6127	T730	19	0.999904931907
6128	T740	19	0.999882032221
6129	T750	1	9.71875230921e-37
6130	T770	6	0.00288755532424
6131	T780	19	0.999883775722
6132	T790	19	0.99988304786
6133	T800	6	0.00296370060276
6134	T810	19	0.999881157502
6135	T820	3	6.38280967658e-11
6136	T840	4	4.87427774768e-07
6137	T850	2	1.61584724405e-27
6138	T860	5	3.12620184044e-05
6139	T870	19	0.999881157502
6140	T880	19	0.999881157502
6141	T890	19	0.999881157502
6142	T900	19	0.999881157502
6143	T910	3	7.81221373698e-13
6144	T920	19	0.999885447633
6145	T930	19	0.999882110933
6146	T940	19	0.999882110782
6147	T950	19	0.999881157502
6148	T960	6	0.00299589673581
6149	T970	19	0.999881157502
6150	T980	19	0.999881157502
6151	T990	19	0.999881157502
6153	TAA 03	19	0.999882110782
6157	TAA 07	19	0.999881157502
6162	TAA 13	19	0.999882078322
6163	TAA 14	19	0.999881157502
6164	TAA 15	19	0.999881157502
6166	TAA 17	19	0.999881157502
6167	TAA 18	19	0.999881157502
6168	TAA 19	19	0.999881157502
6169	TÅD 01	19	0.999881157502
6170	TÅD 02	19	0.999882110782
6171	TÅD 03	19	0.999882110782
6172	TÅD 04	19	0.999882110782
6174	TÅD 06	19	0.999881980452
6180	TÄL 07	19	0.999882078322
6184	TBÖ 01	19	0.999881157502
6185	TDÖ 01	6	0.00285997692084
6187	TDÖ 03	19	0.999882110782
6188	TDr-1	19	0.999881157502
6190	TDr-3	19	0.999882090241
6191	TDr-4	2	2.43502339023e-22
6192	TDr-5	19	0.999882106742
6193	TDr-7	19	0.999881157502
6194	TDr-8	6	0.00308085767184
6195	TDr-9	19	0.999881157502
6197	TDr-11	19	0.999881157502
6198	TDr-13	6	0.00295031573421
6199	TDr-14	3	9.91135740029e-13
6200	TDr-15	19	0.99988306239
6202	TDr-17	19	0.999913179459
6203	TDr-18	19	0.999881844616
6204	TDr-19	3	7.81683157923e-12
6206	TDr-21	19	0.999882110782
6207	TDr-22	19	0.999882110782
6208	TEDEN 01	6	0.00293341534457
6209	TEDEN 02	19	0.999882110782
6210	TEDEN 03	19	0.999881157502
6211	TFÄ 01	19	0.999882110782
6213	TFÄ 03	6	0.00295349817208
6214	TFÄ 04	19	0.999881157502
6215	TFÄ 05	19	0.999882110782
6216	TFÄ 06	19	0.999881157502
6217	TFÄ 07	19	0.999882110782
6219	TFÄ 09	19	0.999881157502
6220	TGR 01	19	0.999881157502
6221	TGR 02	19	0.999882110782
6222	THÖ 01	19	0.999882110782
6226	THÖ 08	19	0.999883252274
6227	TLÖ 02	19	0.999888762026
6229	TNY 02	19	0.999881157502
6231	TNY 04	19	0.999884002917
6234	TNY 08	19	0.99991222615
6235	TOM 01	19	0.999881157502
6236	TOM 02	19	0.999881157502
6237	TOM 03	19	0.999889318315
6238	TOM 04	19	0.999881157502
6239	TOM 05	19	0.999881157502
6240	TOM 06	19	0.999881157502
6241	TOM 07	19	0.999881157502
6242	Tomegap-2	19	0.999882038856
6243	Tottarp-2	19	0.999883056934
6244	TRÄ 01	19	0.999881664341
6252	TV-4	19	0.999882617621
6257	TV-9	19	0.999883528474
6258	TV-10	19	0.999883896355
6261	TV-13	19	0.999883913353
6264	TV-17	6	0.0024311777223
6265	TV-18	19	0.999882110782
6268	TV-22	19	0.999882585161
6276	TV-30	19	0.999882617621
6281	TV-35	19	0.999882110782
6284	TV-38	19	0.999881157502
6288	Udu-12	19	0.999882110782
6290	Udu-18	19	0.999882301191
6291	UduI 1-4	3	1.93107242297e-11
6295	UduI 1-10	19	0.999882078322
6318	UduI 1-34	19	0.999882032221
6322	UduI 1-39	1	2.59446396891e-35
6324	UduI 1-41	1	8.2567580436e-36
6325	UduI 1-42	6	0.00246734342148
6335	UduI 2-10	3	3.48843886338e-15
6358	UduI 3-3	4	5.96839984454e-07
6375	UduI 3-21	1	1.06451658789e-32
6385	UduI 3-31	3	2.02840320586e-11
6392	UduI 4-4	19	0.999883376626
6393	UduI 4-6	19	0.999881980452
6394	UduI 4-7	1	1.49128077356e-34
6396	UduI 4-9	5	3.32734959346e-05
6397	UduI 4-10	19	0.999882608374
6400	UduI 4-15	19	0.999882078322
6401	UduI 4-16	19	0.999883161314
6402	UduI 4-17	19	0.999882078322
6403	UduI 4-18	19	0.999882078322
6404	UduI 4-19	6	0.003007413096
6407	UduI 4-23	19	0.999881157502
6409	UduI 4-29	19	0.999882078322
6410	UduI 4-31	19	0.999882078322
6411	Ull1-10	6	0.00296286888764
6412	Ull2-7	19	0.999881157502
6413	Ull3-4	19	0.999882109109
6416	Zdr-13	19	0.999882110782
6417	Zdr-16	19	0.999890248462
6418	Zdr-19	5	2.90139573453e-05
6427	ZdrI 2-1	3	1.13559006673e-14
6435	ZdrI 2-10	19	0.999881157502
6436	ZdrI 2-11	19	0.999883031602
6442	ZdrI 2-18	19	0.999882078322
6444	ZdrI 2-20	4	1.48369995833e-08
6445	ZdrI 2-21	19	0.999881157502
6446	ZdrI 2-22	6	0.00297694236406
6447	ZdrI 2-23	6	0.00158149483603
6448	ZdrI 2-24	19	0.999881157502
6449	ZdrI 2-25	6	0.00204989595032
6450	ZdrI 2-26	5	2.84525292086e-05
6455	ZdrI 2-32	5	2.26182762237e-05
6457	ZdrI 2-35	4	5.04467695389e-09
6458	ZdrI 2-36	19	0.999882953042
6459	ZdrI 2-37	4	5.91792825637e-10
6460	ZdrI 2-39	19	0.999882078322
6461	ZdrI 2-3a	6	0.00234402561683
6462	ZdrI 2-40	19	0.999882078322
6696	ANH-24	4	1.05239029471e-06
6703	ANH-5	6	0.00238082816735
6707	ANH-9	19	0.999884669782
6712	BG-5	5	4.69372289923e-05
6713	BG-6	19	0.999884669782
6715	BG-9	19	0.999886374407
6718	CIBC-11	1	7.35689884222e-31
6722	CIBC-15	4	6.87471408392e-07
6725	CIBC-18	19	0.99988381688
6726	CIBC-19	19	0.999884669782
6727	CIBC-2	5	3.19116465657e-05
6728	CIBC-20	19	0.999885623206
6729	CIBC-4	19	0.999884766122
6730	CIBC-5	19	0.999885467451
6731	CIBC-6	6	0.00305854030091
6732	CIBC-7	19	0.999885500875
6741	CSHL-2	19	0.99988655944
6742	CSHL-3	19	0.999884669782
6743	CSHL-4	6	0.00295123422265
6744	CSHL-5	4	3.56609822625e-10
6746	CSHL-7	19	0.999885620102
6765	GOT-13	6	0.00156956365314
6799	HR-17	6	0.00291619620559
6803	HS-10	19	0.999881157502
6810	KNO-11	19	0.999884683838
6811	KNO-12	1	8.54034652006e-31
6812	KNO-13	3	3.14851863198e-15
6813	KNO-14	19	0.999881157502
6815	KNO-16	19	0.999881157502
6816	KNO-17	3	2.3726654058e-11
6818	KNO-2	19	0.999881157502
6821	KNO-5	19	0.99988381688
6826	KZ-1	2	5.01589750987e-24
6829	KZ-12	19	0.999884749622
6830	KZ-13	6	0.0038427112413
6833	KZ-6	6	0.00250602770643
6835	KZ-8	2	2.27211839528e-17
6857	NFE-16	19	0.99988381688
6861	NFE-5	19	0.999884639832
6863	NFE-7	6	0.00243243386854
6864	NFE-8	19	0.99988381688
6865	NFE-9	6	0.0024065073926
6866	REN-1	6	0.00327354615653
6867	REN-11	5	3.50874825407e-05
6868	REN-17	19	0.999881870833
6870	REN-20	19	0.99988629366
6871	REN-21	19	0.999882101346
6872	REN-23	19	0.999886250075
6873	REN-24	19	0.999881157502
6874	REN-3	4	4.52499955947e-10
6875	REN-5	19	0.999886518636
6876	RP-1	6	0.00293970303677
6884	RP-19	6	0.0024138570985
6901	Bil-7	19	0.999881157502
6903	Bor-4	19	0.999881157502
6907	CIBC-17	19	0.999881157502
6908	CIBC-5	19	0.999881157502
6913	Eden-2	19	0.999882090241
6917	Fäb-2	19	0.999881157502
6918	Fäb-4	19	0.999883460196
6921	GOT-7	19	0.999881157502
6923	HR-10	19	0.999881157502
6924	HR-5	19	0.999882714402
6928	KNO-18	19	0.999881157502
6930	KZ-1	19	0.999881157502
6938	Ms-0	19	0.999883982012
6939	Mt-0	6	0.00225182326692
6943	NFA-10	19	0.999881157502
6944	NFA-8	19	0.999881157502
6947	Pu2-10	5	3.6252566007e-05
6949	Pu2-2	19	0.999884669782
6950	Pu2-22	19	0.999884669782
6952	Pu2-23	19	0.99988381688
6953	Pu2-24	19	0.999885677743
6954	Pu2-32	6	0.00283525347077
6955	Pu2-5	19	0.999886199469
6956	Pu2-7	19	0.999882111031
6957	Pu2-8	19	0.999881157502
6958	Ra-0	19	0.999882068354
6959	REN-1	19	0.999882844928
6960	REN-11	19	0.999882964359
6961	Se-0	19	0.999881157502
6964	Spr1-2	19	0.999883039482
6965	Spr1-6	19	0.999881157502
6966	Sq-1	19	0.99988191288
6967	Sq-8	19	0.999881157502
6969	Tamm-27	19	0.999881157502
6973	Ull2-3	19	0.999881157502
6974	Ull2-5	19	0.999881157502
6975	Uod-1	19	0.999881157502
6976	Uod-7	19	0.999881157502
6979	Wei-0	19	0.999881999383
6983	Yo-0	19	0.999881157502
6984	Zdr-1	19	0.999881157502
6985	Zdr-6	19	0.999881157502
6986	Abd-0	19	0.99988381688
6987	Ak-1	6	0.00296358746792
6989	Alst-1	6	0.00159333745328
6990	Amel-1	19	0.999887195247
6992	Ang-0	6	0.00156956365314
6994	Ann-1	19	0.999888477275
6995	An-1	19	0.999881664341
6996	An-2	19	0.999901427726
6997	Appt-1	19	0.999881157502
6998	Arby-1	19	0.99988381688
6999	Ag-0	19	0.999885372096
7000	Aa-0	19	0.999881157502
7001	Aur-0	19	0.999884669782
7002	Baa-1	19	0.999884767199
7004	Bs-2	19	0.999881157502
7005	Bs-5	19	0.999882927638
7007	Bay-0	19	0.999884659169
7008	Benk-1	19	0.999887203992
7009	Benk-2	19	0.999885492735
7011	Be-1	19	0.999881157502
7013	Bd-0	19	0.999881157502
7014	Ba-1	19	0.999881157502
7016	Bla-10	6	0.00158191873295
7017	Bla-11	19	0.999881157502
7023	Bla-5	19	0.999881664341
7024	Bla-6	19	0.999886409839
7026	Boot-1	19	0.999881157502
7027	Br-0	19	0.999892580624
7028	Bch-1	4	2.52181084031e-07
7029	Bch-3	19	0.999881664341
7030	Bch-4	19	0.999882049219
7031	Bsch-0	19	0.999882110782
7032	Bsch-2	19	0.999881157502
7035	Blh-2	19	0.999885313872
7037	Bu-11	19	0.9998835895
7038	Bu-13	19	0.99988302152
7039	Bu-14	2	2.67496940292e-18
7040	Bu-15	19	0.999881157502
7041	Bu-17	6	0.00298708352237
7042	Bu-18	19	0.999881870833
7043	Bu-19	19	0.999881157502
7045	Bu-20	19	0.999882107714
7046	Bu-21	19	0.999886573526
7047	Bu-22	19	0.999881794352
7048	Bu-23	19	0.999881157502
7049	Bu-24	19	0.999881157502
7050	Bu-25	19	0.999881157502
7051	Bu-3	19	0.999881157502
7052	Bu-4	19	0.999881157502
7053	Bu-5	19	0.999881157502
7054	Bu-6	19	0.999881157502
7055	Bu-7	19	0.999881157502
7056	Bu-8	3	3.73113005577e-14
7057	Bu-9	19	0.999881157502
7059	C24	19	0.999882109109
7061	Cal-0	19	0.999881157502
7062	Ca-0	19	0.999882419719
7064	Cnt-1	19	0.999884683838
7066	Cvi-1	19	0.999881157502
7068	Cerv-1	0	4.77327184856e-40
7069	Cha-0	19	0.999886604853
7070	Cha-1	19	0.999884767199
7071	Chat-1	19	0.999881157502
7073	Chi-1	19	0.999881664341
7074	Chi-2	19	0.999881157502
7075	Cit-0	19	0.999888200774
7077	Co-1	6	0.00291024499884
7078	Co-2	19	0.999882985501
7079	Co-3	19	0.999890449566
7080	Co-4	1	6.44601708367e-28
7081	Co	19	0.999885403734
7092	Com-1	19	0.999913405208
7094	Da-0	19	0.999884362617
7095	Di-M	6	0.00234402561683
7098	Di-1	19	0.999881157502
7100	Db-0	19	0.999881157502
7102	Do-0	19	0.999881157502
7103	Dra-0	6	0.00234402561683
7104	Dra-1	19	0.999881157502
7105	Dra-2	19	0.999881157502
7106	Dr-0	19	0.999881157502
7108	Durh-2	19	0.999883939675
7109	Ema-1	19	0.999881157502
7110	Ede-1	19	0.999881157502
7112	Ei-2	19	0.999881157502
7113	Ei-4	5	3.30651500456e-05
7114	Ei-5	19	0.99988381688
7115	Ei-6	19	0.999881157502
7116	Eil-0	19	0.999882110922
7117	El-0	19	0.999882111007
7119	En-2	4	7.45234928036e-07
7123	Ep-0	19	0.999881157502
7124	Eri-1	19	0.999881157502
7125	Er-0	6	0.00234402561683
7126	Es-0	19	0.999888034436
7128	Est-0	19	0.999882971595
7130	Et-0	6	0.00292240721309
7131	Fr-5	19	0.999881157502
7132	Fr-6	5	2.43407918107e-05
7133	Fr-2	19	0.999881157502
7135	Fr-4	19	0.99988191288
7136	Fr-7	19	0.999882079441
7137	Fe-1	19	0.999911719296
7138	Fi-0	19	0.999881157502
7139	Fi-1	19	0.999881157502
7140	Ga-0	19	0.999881157502
7141	Ga-2	19	0.999881157502
7142	Gdn-0	19	0.999889284691
7143	Gel-1	19	0.999881157502
7145	Ge-1	19	0.999888798526
7146	Ge-2	4	1.47893195342e-06
7147	Gie-0	19	0.999881157502
7149	Gu-0	19	0.999881157502
7150	Gu-1	19	0.999881157502
7151	Go-0	19	0.999881157502
7152	Go-2	19	0.999881754541
7156	Gr-2	19	0.999882001567
7157	Gr-4	19	0.999881733654
7158	Gr-5	19	0.999881157502
7159	Gr-6	6	0.00281929644257
7161	Gd-1	2	2.7145471492e-24
7162	Hs-0	6	0.00243016144564
7163	Ha-0	4	4.35357182287e-07
7164	Hau-0	19	0.999882109109
7165	Hn-0	19	0.999883059398
7166	Hey-1	19	0.999881664341
7167	Hi-0	19	0.999882110782
7169	Hh-0	19	0.999882106742
7170	Hl-0	19	0.999882110782
7171	Hl-2	19	0.999896335174
7172	Hl-3	6	0.00295031573421
7173	Ita-0	19	0.999882969651
7174	In-0	19	0.999881664341
7175	Is-0	5	4.26522803467e-05
7176	Is-1	19	0.999881157502
7178	Jm-1	19	0.999882687075
7179	Jm-2	19	0.999882110782
7180	Jedb-1	19	0.999881157502
7181	Je-0	19	0.999882110782
7183	Kas-1	6	0.0029817699117
7186	Kn-0	19	0.99988381688
7187	Kelsterbach-1	3	1.64951712856e-12
7188	Kelsterbach-2	19	0.999884669782
7189	Kelsterbach-3	6	0.00287840359061
7190	Kelsterbach-4	2	3.54557536585e-18
7194	Kl-0	19	0.999885582115
7195	Kl-1	19	0.99988381688
7196	Kl-2	19	0.999881157502
7198	Kl-4	19	0.999884669782
7201	Kr-0	19	0.999886546911
7202	Kb-0	19	0.999882038856
7203	Krot-0	5	4.4783222709e-05
7205	Krot-2	19	0.999884669782
7206	Kro-0	19	0.999886490274
7207	Kyoto	19	0.999884669782
7208	Lan-0	6	0.00295386483943
7209	La-0	19	0.99988381688
7210	La-1	19	0.999884669782
7211	Ler-1	5	3.48156356506e-05
7215	Ler-0	19	0.99988381688
7216	Laud-1	6	0.00239584965506
7218	Le-0	2	3.99345265819e-21
7219	Lz-0	19	0.99988457226
7221	Li-10	19	0.999882110782
7223	Li-2:1	19	0.999884669782
7224	Li-3	19	0.999884683838
7225	Li-3:3	19	0.999881157502
7227	Li-5:2	19	0.999882032221
7228	Li-5:3	19	0.999881157502
7229	Li-6	6	0.00272835690511
7230	Li-6:1	19	0.999881870833
7231	Li-7	6	0.00277164259588
7232	Li-8	19	0.99988562728
7235	Lip-0	19	0.999888212898
7237	Ll-0	19	0.999885623206
7238	Ll-1	19	0.999885492735
7239	Ll-2	19	0.999884683838
7240	Lc-0	4	6.40349666528e-07
7242	Lo-2	19	0.99988737339
7243	Lu-1	2	5.26228848478e-26
7244	Mnz-0	19	0.999884767199
7245	Ma-0	4	7.27268305236e-07
7247	Mrk-0	19	0.999885623206
7248	Mv-0	0	8.26855826694e-40
7249	Mt-0	19	0.999900758559
7251	Mz-0	19	0.999887310016
7252	Mc-0	19	0.99988381688
7253	Mir-0	19	0.999886480183
7254	Ms-0	4	6.08905417111e-10
7255	Mh-0	19	0.999884767094
7256	Mh-1	19	0.99988550115
7257	Na-1	19	0.999885623314
7259	Nw-1	19	0.999881157502
7260	Nw-2	19	0.999881664341
7261	Nw-3	19	0.999881157502
7262	Nw-4	19	0.999881157502
7263	Nz1	19	0.999881157502
7264	Nie-0	19	0.999881157502
7266	Nd-1	5	3.80825204437e-05
7267	Nd-1	19	0.999881157502
7268	Np-0	6	0.00236247700204
7271	Nok-2	19	0.999881157502
7272	Nok-3	19	0.999885718809
7273	No-0	19	0.999911719296
7275	No-0	19	0.999881157502
7276	Ob-0	19	0.999893746478
7277	Ob-1	6	0.00236247700204
7278	Ob-2	19	0.999881157502
7279	Ob-3	19	0.999881157502
7280	Old-1	19	0.999881664341
7281	Old-2	19	0.999881157502
7282	Or-0	19	0.99988191288
7283	Ors-1	19	0.999887085135
7284	Ors-2	19	0.999884763034
7286	Ottb-1	19	0.999884770303
7287	Ove-0	6	0.00277226856833
7289	Oy-1	19	0.999881157502
7290	Pa-1	5	2.68392069015e-05
7291	Pa-2	19	0.999881157502
7293	Per-1	19	0.999882110782
7294	Per-2	19	0.999886786768
7295	Per-3	19	0.999881157502
7297	Pf-0	19	0.999881157502
7298	Pi-0	6	0.00279275653993
7299	Pi-2	19	0.999881157502
7300	Pla-0	3	2.21309786986e-15
7302	Pla-2	4	5.65028025077e-07
7303	Pla-3	6	0.00186417135929
7304	Pla-4	19	0.999882038856
7305	Pt-0	19	0.999884669782
7306	Pog-0	19	0.999882848699
7307	Pn-0	19	0.999881157502
7309	Po-1	19	0.999882489033
7310	Pr-0	19	0.999881157502
7311	Rak-2	19	0.99988191288
7312	Ra-0	19	0.999892996333
7313	Rasc-1	19	0.999881157502
7315	Renk-1	19	0.999881157502
7316	Rhen-1	19	0.99988381688
7319	Rome-1	19	0.999884669782
7320	Rou-0	19	0.99988191288
7321	Rsch-0	19	0.999883798901
7323	Rubezhnoe-1	19	0.999895010517
7325	Ru-0	19	0.999882110782
7326	Se-0	6	0.00326505699771
7328	Sf-2	4	5.32710368297e-05
7330	Sapporo-0	19	0.999881157502
7331	Sh-0	5	0.00337420582279
7333	Sei-0	19	0.999881664341
7334	Sha	19	0.999888268679
7335	Sha	6	0.00279229631868
7337	Si-0	19	0.999882106742
7338	Sah-0	19	0.999883648565
7339	Sap-0	19	0.999882747632
7340	Sav-0	19	0.999881157502
7341	Sorbo	19	0.999889107098
7342	Su-0	19	0.99988381688
7343	Sp-0	19	0.999882084713
7344	Sg-1	19	0.999884574577
7345	Sg-2	19	0.99988381688
7346	Ste-0	19	0.999896732157
7348	St-0	6	0.00364562530994
7351	Ty-0	19	0.999884573432
7352	Te-0	19	0.999920084797
7353	Tha-1	19	0.999884727423
7354	Ting-1	19	0.999884669782
7355	Tiv-1	19	0.999885615531
7356	Tol-0	5	3.22916019748e-05
7357	Tol-1	6	0.00355562350709
7365	Tol-9	19	0.999910455742
7368	Ts-3	19	0.999881157502
7370	Ts-6	19	0.99988381688
7371	Ts-7	19	0.99988390506
7372	Tscha-1	19	0.999881819518
7376	Tu-1	6	0.00211075738773
7378	Uk-1	19	0.999884767199
7379	Uk-2	19	0.999886500136
7380	Uk-3	6	0.00281633119792
7381	Uk-4	19	0.999911719296
7382	Utrecht	19	0.99988381688
7383	Van-0	19	0.999885416422
7384	Ven-1	19	0.999885473654
7385	Ven-2	19	0.999884503996
7386	Vi-0	19	0.999925899855
7387	Vind-1	19	0.999881157502
7388	Wag-1	19	0.999881157502
7389	Wag-2	19	0.999886424381
7390	Wag-3	19	0.999885620102
7391	Wag-4	19	0.999884703206
7392	Wag-5	19	0.999915191086
7393	Wag-6	5	5.01537033822e-05
7394	Wa-1	19	0.999881925754
7396	Ws-0	19	0.999885670865
7397	Ws	19	0.999886379063
7400	Ws-1	19	0.999886557001
7401	Werl-1	6	0.00238710755045
7402	Wei-0	6	0.00286131265467
7403	Wei-1	19	0.999884006859
7404	Wc-1	6	0.00340733344282
7405	Wc-2	19	0.999881157502
7406	Wt-1	19	0.99988381688
7407	Wt-2	5	2.50978576488e-05
7408	Wt-3	19	0.999882107714
7409	Wt-4	19	0.999881157502
7410	Wt-5	19	0.999881157502
7411	Wl-0	19	0.999882110782
7412	Wil-1	19	0.999882817472
7414	Wil-3	6	0.00236207636048
7415	Wu-0	19	0.999881157502
7416	Yo-0	5	0.00420188547239
7417	Zu-0	6	0.00241324047056
7418	Zu-1	6	0.00283349421352
7419	Db-1	6	0.00234402561683
7422	Jl-1	19	0.999881157502
7423	Jl-2	19	0.999885706904
7424	Jl-3	19	0.999887232782
7425	Jl-4	4	1.69670261312e-08
7426	Jl-5	6	0.00319517835746
7428	Loh-0	4	6.73691144426e-07
7429	Mr-0	19	0.999925877562
7430	Nc-1	19	0.999894025994
7434	N1	19	0.99988191288
7435	N10	19	0.99988381688
7436	N11	19	0.99988381688
7437	N12	19	0.999891953225
7438	N13	19	0.999896347845
7439	N14	19	0.999882024458
7440	N15	19	0.99988381688
7441	N16	19	0.999881157502
7442	N17	19	0.999881157502
7443	N18	19	0.999881664341
7444	N2	19	0.999884727423
7445	N3	19	0.99988381688
7446	N4	19	0.999881962693
7447	N5	6	0.00317183175232
7448	N6	19	0.999884703206
7449	N7	4	8.79056238258e-07
7450	N8	19	0.999882419719
7451	N9	2	1.21594763496e-18
7455	M7884S	19	0.999884639832
7456	M7943S	19	0.999884669782
7457	Rld-2	19	0.999881157502
7458	Ber	19	0.999881157502
7459	ER (Ler background)	3	1.24622327325e-10
7462	Je54	19	0.999881157502
7465	9481	19	0.999882090241
7467	9481B	19	0.999883038438
7473	ER (Ler background)	5	1.98102658107e-05
7474	ENF	2	1.63912114959e-25
7477	WAR	19	0.999882617621
7478	PHW-1	19	0.999888464879
7482	PHW-13	6	0.00295031573421
7483	PHW-14	6	0.00316881103251
7484	PHW-15	5	2.67072296146e-05
7487	PHW-18	6	0.00282913221167
7489	PHW-2	4	3.88242351382e-07
7490	PHW-20	19	0.999882808297
7491	PHW-21	19	0.999921989066
7492	PHW-22	19	0.999882681132
7493	PHW-23	19	0.999882977738
7494	PHW-24	19	0.999881157502
7495	PHW-25	19	0.999881664341
7496	PHW-26	19	0.999887462083
7498	PHW-28	19	0.999884727423
7499	PHW-29	19	0.999884770303
7501	PHW-30	19	0.999885550376
7502	PHW-31	19	0.999884767199
7503	PHW-32	19	0.999882950027
7504	PHW-33	19	0.999882982526
7506	PHW-35	19	0.999891854861
7507	PHW-36	19	0.999881157502
7508	PHW-37	19	0.999889176036
7513	PHW-9	19	0.999885492735
7516	Vår2-1	19	0.999881157502
7517	Vår2-6	19	0.999881157502
7518	ÖMö2-1	19	0.99988191288
7519	ÖMö2-3	19	0.999881157502
7520	Lp2-2	19	0.9998827876
7521	Lp2-6	19	0.999881157502
7522	Mr-0	19	0.999881157502
7523	Pna-17	19	0.999881901767
7524	Rmx-A02	19	0.999881157502
7525	Rmx-A180	19	0.999881157502
7566	627ME-13Y1	19	0.999885681158
7570	627ME-4MI1	19	0.999886175019
7571	627ME-4Y1	2	9.47136222521e-20
7578	627PNA-1Y1	6	0.00227538676064
7579	627PNA-2B1	0	2.49390106229e-38
7580	627PNA-2B3	19	0.999885504114
7581	627PNA-2X1	19	0.999885461685
7585	627PNA-3M6	19	0.999886414969
7587	627RMX-X4	19	0.999910996163
7588	DM1.01	4	1.48609933663e-06
7595	DM1.10	19	0.999888655405
7613	DM1.38	6	0.00304902959313
7619	DM1.45	5	0.00350675641901
7640	DM2.06	1	2.65917278707e-33
7660	DM2.54	19	0.999918706201
7676	DM2.76	19	0.999884453732
7680	DM2.81	3	1.21050636803e-09
7683	DM2.84	6	0.00350991760529
7689	KNO1.02	5	0.00412038880324
7693	KNO1.06	19	0.999894126034
7694	KNO1.08	19	0.99989654146
7696	KNO1.10	19	0.999902016346
7697	KNO1.12	3	7.47532666467e-13
7698	KNO1.13	6	0.00353518207491
7705	KNO1.25	19	0.999884453732
7707	KNO1.27	19	0.999903938719
7713	KNO1.33	1	9.11381443344e-33
7715	KNO1.35	4	9.58873526217e-07
7716	KNO1.36	19	0.999884453732
7717	KNO1.37	2	5.73323169591e-26
7718	KNO1.38	19	0.999899226107
7722	KNO1.42	1	2.29440383572e-30
7732	KNO1.53	19	0.999905967063
7734	KNO1.55	19	0.999913486611
7735	KNO1.56	0	5.3085006359e-39
7736	KNO1.57	19	0.999904176512
7737	KNO1.58	19	0.999888292708
7740	KNO2.13	3	1.7302158109e-10
7744	KNO2.19	6	0.00187415033938
7745	KNO2.20	19	0.999924972628
7749	KNO2.26	19	0.999884453732
7751	KNO2.35	4	3.15017897496e-08
7758	KNO2.43	19	0.9998869354
7759	KNO2.44	19	0.999892281123
7762	KNO2.47	19	0.999884453732
7765	KNO2.51	19	0.999887921451
7768	KNO2.55	6	0.00303418384719
7769	KNO2.56	19	0.999898066826
7770	KNO2.57	19	0.999925996337
7771	KNO2.58	3	6.13695242683e-08
7772	KNO2.59	6	0.00352144946574
7776	KNO2.63	1	5.40009061921e-27
7777	KNO2.65	19	0.999884767199
7778	KNO2.66	4	4.6819495195e-05
7781	KNO2.70	19	0.99989456997
7785	KNO2.74	6	0.00305442428333
7787	KNO2.77	5	3.94267570529e-05
7804	ME3.07	19	0.9998939254
7806	ME3.10	19	0.999887213602
7808	ME3.12	19	0.99992261372
7809	ME3.13	6	0.00350621851171
7810	ME3.14	19	0.999885374555
7813	ME3.17	19	0.999893148089
7815	ME3.19	19	0.999894921833
7816	ME3.20	4	2.07839592216e-08
7818	ME3.22	19	0.999896409711
7819	ME3.23	19	0.999909054422
7820	ME3.24	3	1.48138793162e-14
7822	ME3.26	19	0.99992748091
7823	ME3.27	19	0.999900016601
7824	ME3.28	5	2.78132506079e-05
7825	ME3.29	6	0.00343648794361
7827	ME3.31	4	4.98653267092e-10
7828	ME3.32	19	0.999889792113
7829	ME3.33	19	0.999903705875
7832	ME3.36	5	3.75787105083e-05
7835	ME3.39	6	0.00319770298233
7838	ME3.42	19	0.999890656802
7843	ME3.47	6	0.00343641507075
7845	ME3.49	5	3.57160568219e-05
7847	ME3.51	3	2.14466237394e-12
7848	ME4.01	19	0.999885377625
7853	ME4.06	19	0.999909411118
7857	ME4.10	19	0.999885720731
7860	ME4.13	5	0.00457440673572
7867	ME4.20	19	0.999888638008
7870	ME4.23	5	4.63207611368e-05
7876	ME4.29	5	3.86561058626e-05
7877	ME4.30	19	0.999897965343
7878	ME4.31	19	0.999916793707
7880	ME4.33	19	0.999916763024
7891	ME4.44	5	0.00432213312237
7893	ME4.46	19	0.999914289598
7896	ME4.49	3	2.33204921476e-09
7909	PNA3.02	6	0.00340012963745
7911	PNA3.04	19	0.999888774201
7912	PNA3.05	4	1.0889479222e-06
7923	PNA3.16	6	0.0033197346915
7924	PNA3.17	6	0.00324866159552
7927	PNA3.20	19	0.999892274733
7929	PNA3.22	6	0.00278796617464
7932	PNA3.25	4	7.94755319697e-07
7937	PNA3.30	19	0.999903978414
7941	PNA3.34	5	3.44914578018e-05
7943	PNA3.36	4	6.58233457186e-07
7951	PNA3.44	4	1.01005311204e-06
7952	PNA3.45	3	2.64797241531e-12
7963	PNA4.06	4	9.47100016127e-07
7964	PNA4.07	1	6.58402325498e-25
7966	PNA4.09	2	1.07064513322e-17
7968	PNA4.11	6	0.00288561686294
7973	PNA4.16	6	0.00324417208893
7975	PNA4.18	2	1.24090913503e-17
7980	PNA4.23	4	6.93402771387e-07
7984	PNA4.27	19	0.999885374555
7987	PNA4.30	19	0.99990315657
7988	PNA4.31	2	4.36080950233e-18
7989	PNA4.32	2	3.17217485682e-19
7993	PNA4.36	6	0.0032471878885
7997	PNA4.40	4	7.07329971334e-07
7999	PNA4.42	4	4.51513196226e-08
8000	PNA4.43	19	0.99988688497
8002	PNA4.45	19	0.999885374555
8005	PNA4.48	4	7.00507668702e-07
8008	PT1.01	19	0.999885374555
8019	PT1.14	19	0.999885374555
8023	PT1.24	19	0.999899214741
8026	PT1.28	19	0.999884453732
8027	PT1.29	1	4.47756990625e-34
8035	PT1.50	19	0.999888683622
8068	PT2.12	19	0.999889827128
8073	PT2.17	1	5.91663249432e-27
8077	PT2.21	5	3.20751903633e-05
8078	PT2.22	2	3.83342044023e-15
8084	PT2.29	19	0.999923520659
8086	PT2.31	6	0.0033529072134
8095	PT2.42	1	3.1031993348e-32
8096	PT2.43	1	1.56996716136e-25
8105	PT2.53	19	0.99989570168
8115	RMX3.03	1	1.08455084152e-25
8116	RMX3.04	19	0.99989811284
8120	RMX3.09	19	0.999893999711
8122	RMX3.11	19	0.999884550831
8123	RMX3.12	5	4.13865650975e-05
8127	RMX3.16	3	5.28508416807e-11
8128	RMX3.17	5	3.90039787437e-05
8131	RMX3.21	19	0.99992493019
8135	RMX3.25	19	0.99990809549
8139	RMX3.29	6	0.00367702220488
8140	RMX3.30	19	0.999900789482
8144	RMX3.34	19	0.999894589037
8146	RMX3.36	19	0.999893049383
8149	RMX3.39	2	4.88662317192e-17
8150	RMX3.40	1	2.76490555892e-24
8153	RMX3.44	6	0.00339170406369
8156	RMX3.47	1	3.7752606906e-28
8157	RMX3.48	2	5.42953095435e-17
8158	RMX3.49	19	0.999888451474
8162	RMX3.54	6	0.00236363188945
8167	RMX4.05	19	0.999896484402
8171	RMX4.118	19	0.99988381688
8172	RMX4.12	19	0.999901359096
8174	RMX4.31	19	0.999900371425
8177	RMX4.37	19	0.999897388714
8180	RMX4.40	19	0.9999099348
8184	RMX4.54	6	0.00329847376473
8186	RMX4.56	19	0.999897354373
8187	RMX4.57	19	0.999889751014
8188	RMX4.58	19	0.999890981386
8194	RMX5.02	19	0.999884453732
8198	RMX5.09	19	0.999889730028
8199	RMX5.10	19	0.999899844286
8200	RMX5.11	6	0.00363508070634
8201	RMX5.12	19	0.999885061044
8202	RMX5.13	4	5.2065571498e-10
8204	RMX5.15	4	1.76668994625e-08
8208	RMX5.29	19	0.999896459779
8209	RMX5.30	3	1.55870915706e-12
8212	RMX5.33	19	0.999903078808
8213	Pro-0	6	0.00271702736711
8214	Gy-0	19	0.999881157502
8215	Fei-0	19	0.999881157502
8216	Dör-7	4	7.3362590783e-07
8217	Eden-11	5	2.7271789831e-05
8218	Eden-4	19	0.999901311676
8219	Fäb-16	19	0.999889791251
8220	Fäb-3	4	1.85417783426e-10
8221	Fjä2-7	19	0.999888363362
8223	Löv-2	19	0.999885623065
8225	T760	19	0.999885374555
8226	TAA 09	19	0.999886227458
8227	THÖ 03	19	0.999886227458
8228	Vår1-12	19	0.999886227458
8229	Pla-1	19	0.99988381688
8231	Brö1-6	19	0.999908334514
8234	Gul1-2	4	7.03926896096e-07
8235	Hod	19	0.999902286534
8236	HSm	19	0.999901379172
8237	Kävlinge-1	19	0.999904130232
8239	Köln	19	0.999903166963
8240	Kulturen-1	19	0.999904183792
8241	Liarum	19	0.999902321399
8242	Lillö-1	19	0.999900451714
8243	PHW-2	19	0.99990072434
8244	PHW-34	19	0.999900648019
8245	Seattle-0	19	0.999899092854
8246	NC-6	6	0.00348948523418
8247	San-2	19	0.999902321399
8249	Vimmerby	19	0.999901372551
8252	Alc-0	19	0.999904705743
8254	Ang-0	19	0.999901400561
8256	Bå1-2	19	0.999902321399
8257	Bå3-3	19	0.999901368101
8259	Bå5-1	19	0.999904106814
8264	Bla-1	19	0.99990323227
8265	Blh-1	19	0.999902321625
8270	Bs-1	19	0.999900074616
8271	Bu-0	19	0.999901712598
8274	Can-0	6	0.0022054251238
8275	Cen-0	19	0.999904857797
8283	Dra3-1	6	0.00329906984641
8284	DraII-1	3	3.80667512768e-12
8285	DraIII-1	19	0.999904023781
8290	En-1	19	0.999899498833
8296	Gd-1	19	0.999901705977
8297	Ge-0	19	0.999902155954
8300	Gr-1	6	0.00339630557513
8303	H55	19	0.999907819224
8304	Hi-0	19	0.999901372551
8306	Hov4-1	19	0.999901372551
8310	Hs-0	19	0.999925011819
8311	In-0	6	0.00276785779912
8312	Is-0	19	0.999902243954
8313	Jm-0	19	0.999903231163
8314	Ka-0	19	0.999902341164
8323	Lc-0	19	0.999901706388
8325	Lip-0	19	0.999910377034
8326	Lis-1	19	0.999900451714
8329	Lm-2	19	0.99990234982
8334	Lu-1	19	0.999901372551
8335	Lund	19	0.999902321399
8337	Mir-0	6	0.00287576942177
8343	Na-1	6	0.00256550906385
8348	Nw-0	19	0.999882973738
8351	Ost-0	19	0.999904051136
8353	Pa-1	19	0.999905049486
8354	Per-1	6	0.00334170425772
8355	Petergof	19	0.999904192417
8356	Pi-0	19	0.99989974119
8357	Pla-0	19	0.999900451714
8365	Rak-2	19	0.999901372551
8369	Rev-1	19	0.999901400561
8374	Rsch-4	19	0.999903716563
8375	Rubezhnoe-1	19	0.999904037659
8376	Sanna-2	19	0.999905757361
8378	Sap-0	19	0.999900074616
8380	Sf-1	19	0.999901959633
8386	Sr:5	19	0.99988191288
8387	St-0	19	0.999898545537
8388	Stw-0	19	0.999904029201
8389	Ta-0	19	0.999901705977
8395	Tu-0	19	0.999898787894
8411	Rd-0	19	0.999900451714
8419	Wil-1	19	0.999917347094
8420	Kelsterbach-4	19	0.999901628532
8422	Fjä1-1	19	0.999910370486
8423	Hov2-1	1	3.62167672614e-32
8424	Kas-1	19	0.999881157502
8426	Ull1-1	6	0.00285221105528
8427	Ull2-13	19	0.999888925143
8428	Uod-2	19	0.999902321399
8430	Lisse	19	0.999901372551
8472	LP3413.41	4	5.23455384815e-07
8529	328ME002	19	0.999881157502
8530	328ME003	6	0.00315835523758
8531	328ME004	19	0.99988191288
8532	328ME005	5	4.35662027293e-05
8533	328ME006	5	3.48822166262e-05
8534	328ME007	4	6.4282861841e-07
8535	328ME008	4	1.28759961569e-08
8537	328ME010	19	0.999886428449
8540	328ME013	4	4.28130654497e-07
8541	328ME014	19	0.999886283392
8542	328ME015	19	0.999881157502
8543	328ME016	19	0.99988191288
8546	328ME019	3	2.3431434376e-11
8547	328ME020	19	0.99988191288
8550	328ME023	19	0.999881157502
8552	328ME025	19	0.999884369754
8553	328ME028	19	0.999882735831
8555	328ME030	19	0.999881157502
8557	328ME032	19	0.999882646258
8558	328ME033	1	3.34130502603e-30
8560	328ME035	19	0.999881157502
8561	328ME036	3	1.5554058949e-15
8563	328ME038	19	0.999884217716
8566	328ME041	19	0.999881157502
8567	328ME042	19	0.999881157502
8568	328ME043	19	0.999881157502
8572	328ME047	19	0.999883877239
8573	328ME048	19	0.999881157502
8574	328ME049	6	0.00265584527053
8575	328ME050	19	0.999881157502
8576	328ME051	19	0.999881157502
8577	328ME052	5	3.11254500897e-05
8578	328ME053	19	0.999881157502
8579	328ME054	19	0.999881157502
8580	328ME055	19	0.999881157502
8581	328ME056	6	0.00269274117989
8583	328ME058	19	0.999886428449
8584	328ME059	19	0.999881980452
8585	328ME060	19	0.999881157502
8586	328ME061	19	0.999887361277
8587	328ME062	19	0.999881870833
8588	328ME063	19	0.999881157502
8589	328ME064	19	0.999881157502
8590	328ME065	19	0.999882808297
8591	328ME066	6	0.00294787255071
8592	328ME067	19	0.999882731766
8593	328ME068	19	0.99988191288
8594	328ME069	19	0.999881157502
8595	328ME070	19	0.999881157502
8596	328ME071	5	3.06479706745e-05
8597	328ME075	19	0.99988191288
8598	328ME076	19	0.999881157502
8599	328ME077	19	0.999882110922
8600	328ME078	19	0.999881157502
8601	328ME081	19	0.99988276625
8602	328ME082	19	0.999881157502
8603	328ME083	19	0.999882052918
8604	328ME084	19	0.999881157502
8606	328ME086	6	0.00292311364512
8607	328ME087	19	0.999882110922
8608	11ME1.23	6	0.00201797598869
8609	11ME1.28	19	0.999882967897
8610	11ME1.32	19	0.99988191288
8611	11ME1.33	19	0.999881157502
8612	11ME1.34	19	0.999881157502
8613	11ME1.36	19	0.999885703984
8615	11ME1.40	19	0.999881157502
8616	11ME1.41	19	0.999881157502
8617	11ME1.42	19	0.999881870833
8618	11ME1.43	19	0.999881157502
8619	11ME1.44	1	3.11244412586e-27
8620	11ME1.47	19	0.999881157502
8621	11ME1.48	19	0.999881157502
8622	11ME1.51	19	0.999881157502
8624	1130ME1.53	19	0.999881157502
8625	11ME1.54	19	0.99988191288
8626	11ME1.55	19	0.999881157502
8627	11ME1.56	19	0.99988452681
8628	11ME2.1	19	0.999881157502
8629	11ME2.10	19	0.999882840091
8631	11ME2.12	19	0.999882038856
8633	11ME2.16	19	0.999881157502
8634	11ME2.17	19	0.999881157502
8635	11ME2.18	19	0.999881157502
8637	11ME2.21	6	0.00235993726228
8638	11ME2.23	19	0.999881157502
8639	11ME2.3	19	0.999881157502
8640	11ME2.5	19	0.999881870833
8641	11ME2.6	19	0.999882808297
8642	11ME2.7	19	0.999881157502
8643	11ME2.8	5	2.82223604256e-05
8644	1130ME3.15	19	0.999882967897
8645	11ME3.15	2	3.01847853199e-17
8646	328PNA001	19	0.999881157502
8647	328PNA002	19	0.999881870833
8648	328PNA003	6	0.00224167598603
8649	328PNA004	19	0.999881980452
8650	328PNA005	2	1.60797760503e-23
8651	328PNA006	3	2.67792445803e-17
8652	328PNA007	19	0.99988191288
8653	328PNA008	19	0.999881157502
8654	328PNA009	19	0.999881870833
8655	328PNA010	19	0.999881980452
8657	328PNA012	19	0.999883263931
8660	328PNA015	19	0.999881157502
8663	328PNA019	19	0.999909819114
8669	328PNA028	19	0.999881157502
8671	328PNA030	6	0.00237916670327
8673	328PNA032	19	0.999884330518
8682	328PNA041	19	0.999881157502
8687	328PNA047	19	0.99988191288
8692	328PNA054	19	0.999883449163
8693	328PNA055	19	0.999882032221
8694	328PNA056	6	0.00221278199061
8695	328PNA057	19	0.999882032221
8698	328PNA061	1	1.24852266694e-34
8701	328PNA064	19	0.99988191288
8703	328PNA066	19	0.999882967005
8710	328PNA075	19	0.999883500932
8712	328PNA077	19	0.99988191288
8717	328PNA082	6	0.00222656170563
8718	11PNA1.1	19	0.999881157502
8719	1130PNA1.10	19	0.999881157502
8721	11PNA1.12	19	0.999881157502
8722	11PNA1.13	19	0.999881157502
8723	11PNA1.14	19	0.99988191288
8724	11PNA1.15	2	2.84225236312e-20
8725	11PNA1.4	19	0.99988191288
8726	11PNA1.5	19	0.999882110922
8727	11PNA1.6	19	0.999881157502
8728	11PNA1.7	19	0.999885455933
8730	11PNA1.9	19	0.999883594364
8731	11PNA2.21	19	0.999881157502
8732	11PNA2.29	19	0.999881157502
8733	11PNA2.30	6	0.00223276007426
8735	11PNA2.32	6	0.00296454352614
8737	11PNA2.34	19	0.999881157502
8738	11PNA2.35	2	1.09991873939e-24
8740	11PNA2.40	19	0.999887097443
8742	11PNA2.42	19	0.999881157502
8746	11PNA2.47	3	1.29235173562e-12
8749	11PNA2.50	19	0.999881157502
8750	11PNA2.51	19	0.999881980452
8754	11PNA2.56	19	0.99988191288
8756	11PNA2.59	19	0.99988191288
8757	11PNA2.61	19	0.999882735831
8758	11PNA3.17	19	0.999881157502
8759	11PNA3.18	19	0.999882855172
8760	11PNA3.19	19	0.999881157502
8761	11PNA3.20	19	0.99988191288
8762	11PNA3.21	19	0.999881157502
8763	11PNA3.22	19	0.999882735831
8764	11PNA3.23	19	0.99988191288
8766	11PNA3.26	6	0.00186178678823
8767	11PNA3.62	19	0.999881157502
8768	11PNA3.63	4	1.46476164152e-08
8769	11PNA3.64	19	0.99988191288
8770	11PNA3.65	6	0.00296168938198
8771	11PNA3.66	19	0.999881157502
8773	11PNA3.70	19	0.999885199627
8774	11PNA3.71	19	0.999884824207
8775	11PNA3.72	19	0.999882694083
8776	11PNA3.74	19	0.999881157502
8777	11PNA3.75	6	0.00288204288562
8778	11PNA3.76	19	0.999881157502
8779	11PNA3.77	19	0.999881157502
8780	11PNA3.78	19	0.999882024458
8781	11PNA3.80	6	0.00303233063871
8783	11PNA3.82	19	0.99988191288
8784	11PNA3.83	19	0.999881157502
8785	11PNA3.84	19	0.999886348152
8786	11PNA3.85	19	0.999883631248
8787	11PNA3.86	19	0.999882735831
8788	11PNA3.87	19	0.999881157502
8789	11PNA3.88	19	0.999881157502
8790	11PNA3.89	19	0.999882735831
8791	11PNA3.90	5	3.24626414643e-05
8792	11PNA3.91	19	0.999887347445
8793	11PNA3.92	19	0.999887362901
8794	11PNA3.93	19	0.999884058968
8795	11PNA4.100	4	3.89559544091e-10
8796	11PNA4.101	6	0.00296859533625
8798	11PNA4.103	3	2.74352132007e-12
8799	11PNA4.104	19	0.999882735831
8800	11PNA4.105	19	0.999881157502
8801	11PNA4.106	19	0.999881157502
8802	11PNA4.107	19	0.999905500703
8803	11PNA4.108	19	0.999886348152
8804	11PNA4.109	19	0.99988191288
8805	11PNA4.110	19	0.999910455742
8807	11PNA4.112	19	0.999881157502
8808	11PNA4.113	6	0.00283386941067
8809	11PNA4.114	19	0.999881157502
8810	11PNA4.115	19	0.999881157502
8811	11PNA4.116	4	4.62587551618e-07
8812	11PNA4.117	19	0.999888897513
8814	11PNA4.119	19	0.999881157502
8815	11PNA4.120	19	0.999881157502
8816	11PNA4.121	19	0.99988191288
8817	11PNA4.122	19	0.99988191288
8818	11PNA4.123	19	0.999881157502
8819	11PNA4.124	19	0.999883594364
8820	11PNA4.125	19	0.99988191288
8821	11PNA4.126	6	0.00297481022475
8822	11PNA4.127	19	0.999881157502
8823	11PNA4.128	19	0.999881157502
8824	11PNA4.129	19	0.99988191288
8825	11PNA4.94	19	0.999881157502
8826	11PNA4.95	19	0.999883621295
8827	11PNA4.96	19	0.999882861806
8828	11PNA4.97	19	0.999884574728
8829	11PNA4.98	19	0.999886476211
8830	11PNA4.99	3	6.13911121552e-14
8831	914RM166.14	19	0.999881157502
8832	328RMX001	19	0.999881157502
8833	328RMX002	19	0.99988191288
8834	328RMX003	19	0.999881157502
8835	328RMX004	5	3.58805969894e-05
8837	328RMX006	19	0.99991194445
8838	328RMX007	19	0.999881977456
8839	328RMX008	19	0.999881157502
8840	328RMX009	19	0.99988191288
8841	328RMX010	19	0.999881157502
8842	328RMX011	6	0.00221278199061
8843	328RMX012	6	0.00224301672501
8845	328RMX014	19	0.999881157502
8846	328RMX015	19	0.999892813049
8847	328RMX016	6	0.00244881631126
8848	328RMX018	19	0.999881157502
8849	328RMX019	19	0.999882765437
8851	328RMX021	19	0.999900387672
8852	328RMX023	19	0.999881157502
8853	328RMX024	19	0.999882840091
8854	328RMX025	19	0.99988191288
8855	328RMX026	19	0.999881870833
8856	328RMX027	19	0.999888675523
8857	328RMX028	19	0.99988191288
8858	328RMX030	19	0.999881157502
8859	328RMX031	4	2.14483440044e-08
8860	328RMX032	6	0.00224167598603
8861	328RMX033	4	9.39114953484e-07
8862	328RMX034	6	0.00237381051635
8863	328RMX035	4	1.97568686073e-08
8864	328RMX036	19	0.999883656652
8865	328RMX037	19	0.999903523345
8866	328RMX038	19	0.999882693784
8867	328RMX039	19	0.999884573059
8869	328RMX041	19	0.99988367927
8871	328RMX044	19	0.999882626212
8872	328RMX045	19	0.999895505231
8873	328RMX046	19	0.999882794234
8874	328RMX047	2	2.73321022143e-25
8875	328RMX048	19	0.999881157502
8877	328RMX050	19	0.999881874054
8878	328RMX051	19	0.999881157502
8879	328RMX053	19	0.999881157502
8881	328RMX055	19	0.999906726648
8882	328RMX056	19	0.999889868095
8883	328RMX057	19	0.999882752187
8884	328RMX058	19	0.999881157502
8885	328RMX059	19	0.999883449163
8886	328RMX060	19	0.999882693784
8888	328RMX062	6	0.00234402561683
8890	328RMX064	5	2.35553938389e-05
8891	328RMX066	5	3.50819037639e-05
8892	328RMX067	4	5.485004748e-07
8893	328RMX070	4	4.70782349911e-07
8894	328RMX071	19	0.999886428449
8895	328RMX073	19	0.999882693784
8896	328RMX074	5	3.33743962926e-05
8897	328RMX075	19	0.99988191288
8898	328RMX076	19	0.999881870833
8899	328RMX077	19	0.999883591561
8901	328RMX079	6	0.00221278199061
8902	328RMX081	19	0.99988191288
8903	328RMX082	19	0.999881980452
8905	328RMX084	6	0.00236196855084
8906	328RMX085	19	0.999881980452
8907	328RMX086	3	7.23945235085e-14
8908	328RMX087	19	0.999881157502
8909	328RMX089	19	0.999881157502
8910	328RMX090	19	0.999881157502
8911	328RMX091	5	5.05681381368e-05
8912	328RMX092	19	0.999881157502
8913	328RMX093	19	0.999881157502
8914	328RMX094	19	0.999881157502
8915	328RMX095	19	0.999881157502
8916	328RMX096	19	0.99988191288
8917	328RMX097	19	0.999881157502
8918	328RMX098	1	5.79365581477e-29
8919	328RMX099	19	0.999881157502
8920	328RMX100	5	3.29763639265e-05
8921	328RMX101	19	0.999881157502
8922	328RMX102	19	0.999881980452
8923	328RMX103	19	0.999910455742
8924	328RMX104	3	2.41414496488e-11
8925	328RMX105	19	0.99988191288
8926	328RMX106	19	0.999881157502
8927	328RMX107	19	0.999882038856
8928	328RMX108	19	0.999884561729
8929	328RMX109	19	0.99988191288
8931	328RMX111	3	1.90033315733e-11
8934	328RMX114	4	4.83234784228e-07
8935	328RMX115	19	0.999881980452
8937	328RMX119	19	0.999881157502
8938	328RMX120	5	3.35466848565e-05
8939	328RMX122	19	0.99988191288
8940	328RMX124	19	0.999881157502
8941	328RMX125	19	0.999881157502
8942	328RMX126	19	0.999886428449
8943	328RMX127	19	0.999881157502
8944	328RMX128	19	0.999881157502
8945	328RMX129	6	0.00221278199061
8946	328RMX130	19	0.999881870833
8947	328RMX131	2	2.78822397295e-17
8948	328RMX132	5	2.37172342901e-05
8949	328RMX133	3	8.26590094449e-15
8950	328RMX134	19	0.999881157502
8951	328RMX139	19	0.999881157502
8952	328RMX140	19	0.999882084713
8953	328RMX141	6	0.00221278199061
8955	RMX413.10	19	0.999881870833
8957	RMX413.12	6	0.00220398100014
8958	RMX413.13	6	0.00275117271875
8959	RMX413.14	19	0.999881157502
8961	RMX413.16	3	8.31966881972e-14
8962	RMX413.17	3	1.54167044726e-12
8963	RMX413.18	6	0.00295591610252
8964	RMX413.19	19	0.999889756165
8965	RMX413.2	4	4.4985758169e-07
8966	RMX413.20	19	0.999882861806
8968	RMX413.22	19	0.999881157502
8969	RMX413.24	6	0.00223001904438
8970	RMX413.25	19	0.999883637223
8972	RMX413.27	19	0.999910455742
8973	RMX413.29	19	0.999881980452
8974	RMX413.3	19	0.999881157502
8975	RMX413.30	6	0.00310084110495
8976	RMX413.31	19	0.999881870833
8979	RMX413.34	19	0.999883627549
8982	RMX413.37	19	0.999882084713
8983	RMX413.38	3	1.0117972132e-12
8986	RMX413.40	19	0.999881980452
8990	RMX413.45	19	0.999881870833
8991	RMX413.46	19	0.999892384667
8992	RMX413.48	6	0.00294404424065
8994	RMX413.5	6	0.00227661909401
8996	RMX413.51	6	0.00294386847755
8997	RMX413.53	19	0.999881157502
9000	RMX413.56	19	0.999881157502
9001	RMX413.57	19	0.999881870833
9002	RMX413.58	19	0.999881870833
9004	RMX413.6	6	0.00258106976862
9005	RMX413.61	19	0.99988367927
9006	RMX413.62	19	0.999881870833
9007	RMX413.63	19	0.999882923891
9009	RMX413.67	19	0.999883449163
9011	RMX413.69	19	0.999883866438
9012	RMX413.7	19	0.999881980452
9016	RMX413.73	6	0.00221278199061
9021	RMX413.78	4	5.1631261558e-07
9022	RMX413.79	19	0.999881157502
9023	RMX413.8	4	1.48970388724e-08
9025	RMX413.82	19	0.999881157502
9033	RMX413.92	19	0.999881157502
9036	RMX413.95	4	3.94750118088e-10
9037	RMX413.96	6	0.00221278199061
9038	RMX413.97	19	0.999881870833
9051	RMXF413.4	19	0.999881157502
9052	RMXF413.5	19	0.999882693784
9053	RMXF413.6	19	0.999882923891
9056	RMXF413.9	19	0.999881157502
9057	Vinslöv	19	0.99990231736
9058	Västervik	19	0.999902321399
9059	Hög-2	19	0.999886554877
