accession_id	nativename	AtMSQTsnp 2	AtMSQTsnp 4	AtMSQTsnp 8	AtMSQTsnp 9	AtMSQTsnp 10	AtMSQTsnp 11	AtMSQTsnp 12	AtMSQTsnp 14	AtMSQTsnp 15	AtMSQTsnp 18	AtMSQTsnp 21	AtMSQTsnp 22	AtMSQTsnp 27	AtMSQTsnp 29	AtMSQTsnp 30	AtMSQTsnp 31	AtMSQTsnp 33	AtMSQTsnp 38	AtMSQTsnp 40	AtMSQTsnp 41	AtMSQTsnp 47	AtMSQTsnp 48	AtMSQTsnp 49	AtMSQTsnp 53	AtMSQTsnp 54	AtMSQTsnp 57	AtMSQTsnp 58	AtMSQTsnp 60	AtMSQTsnp 61	AtMSQTsnp 62	AtMSQTsnp 63	AtMSQTsnp 65	AtMSQTsnp 67	AtMSQTsnp 69	AtMSQTsnp 73	AtMSQTsnp 76	AtMSQTsnp 85	AtMSQTsnp 87	AtMSQTsnp 88	AtMSQTsnp 90	AtMSQTsnp 91	AtMSQTsnp 92	AtMSQTsnp 97	AtMSQTsnp 100	AtMSQTsnp 101	AtMSQTsnp 104	AtMSQTsnp 108	AtMSQTsnp 114	AtMSQTsnp 118	AtMSQTsnp 123	AtMSQTsnp 126	AtMSQTsnp 128	AtMSQTsnp 129	AtMSQTsnp 130	AtMSQTsnp 132	AtMSQTsnp 138	AtMSQTsnp 140	AtMSQTsnp 142	AtMSQTsnp 143	AtMSQTsnp 145	AtMSQTsnp 146	AtMSQTsnp 155	AtMSQTsnp 156	AtMSQTsnp 159	AtMSQTsnp 164	AtMSQTsnp 169	AtMSQTsnp 170	AtMSQTsnp 173	AtMSQTsnp 174	AtMSQTsnp 177	AtMSQTsnp 184	AtMSQTsnp 186	AtMSQTsnp 187	AtMSQTsnp 188	AtMSQTsnp 189	AtMSQTsnp 191	AtMSQTsnp 194	AtMSQTsnp 197	AtMSQTsnp 198	AtMSQTsnp 203	AtMSQTsnp 205	AtMSQTsnp 214	AtMSQTsnp 220	AtMSQTsnp 222	AtMSQTsnp 223	AtMSQTsnp 231	AtMSQTsnp 232	AtMSQTsnp 235	AtMSQTsnp 237	AtMSQTsnp 242	AtMSQTsnp 244	AtMSQTsnp 249	AtMSQTsnp 254	AtMSQTsnp 260	AtMSQTsnp 263	AtMSQTsnp 266	AtMSQTsnp 267	AtMSQTsnp 274	AtMSQTsnp 278	AtMSQTsnp 279	AtMSQTsnp 281	AtMSQTsnp 282	AtMSQTsnp 285	AtMSQTsnp 286	AtMSQTsnp 288	AtMSQTsnp 292	AtMSQTsnp 294	AtMSQTsnp 300	AtMSQTsnp 304	AtMSQTsnp 306	AtMSQTsnp 307	AtMSQTsnp 310	AtMSQTsnp 312	AtMSQTsnp 315	AtMSQTsnp 321	AtMSQTsnp 323	AtMSQTsnp 325	AtMSQTsnp 327	AtMSQTsnp 331	AtMSQTsnp 334	AtMSQTsnp 343	AtMSQTsnp 350	AtMSQTsnp 351	AtMSQTsnp 355	AtMSQTsnp 358	AtMSQTsnp 359	AtMSQTsnp 360	AtMSQTsnp 361	AtMSQTsnp 368	AtMSQTsnp 370	AtMSQTsnp 372	AtMSQTsnp 373	AtMSQTsnp 378	AtMSQTsnp 379	AtMSQTsnp 388	AtMSQTsnp 390	AtMSQTsnp 392	AtMSQTsnp 394	AtMSQTsnp 395	AtMSQTsnp 397	AtMSQTsnp 398	AtMSQTsnp 399	AtMSQTsnp 404	AtMSQTsnp 406	AtMSQTsnp 408	AtMSQTsnp 409	AtMSQTsnp 410	AtMSQTsnp 412	AtMSQTsnp 415
1	RRS-7	1	2	0	4	3	4	3	1	4	2	4	3	3	4	0	3	4	1	3	4	1	2	4	4	1	4	3	1	2	1	1	1	3	0	4	4	4	2	3	4	1	0	2	0	3	2	3	3	0	3	3	3	3	0	2	4	2	4	1	4	1	0	4	0	0	4	2	3	0	3	1	1	1	2	1	2	4	1	4	4	2	3	3	4	1	1	1	3	2	4	0	1	2	1	4	4	0	4	0	0	4	4	4	2	0	0	3	1	2	3	4	1	2	1	1	1	2	4	2	4	2	1	1	3	1	4	0	1	1	3	3	0	3	3	2	4	3	1	1	3	3	1	4	1	1	2	3	1	3
2	RRS-10	3	2	0	3	1	2	1	1	2	2	4	1	1	4	2	3	4	1	2	4	2	2	4	0	1	4	3	1	2	3	2	1	3	4	2	4	1	4	3	4	1	3	2	3	1	4	1	1	0	1	1	3	3	2	4	0	2	0	1	4	3	3	4	2	1	3	2	0	3	1	4	1	4	2	1	1	4	1	4	4	2	1	0	4	3	3	1	1	4	2	3	1	1	1	4	3	2	3	1	0	4	0	2	3	1	2	4	3	4	2	1	2	4	4	1	3	4	4	3	4	4	1	3	0	3	4	0	3	1	3	1	3	2	1	1	2	0	3	3	3	3	3	4	1	1	2	3	1	1
3	Kno-10	3	2	0	3	1	0	1	1	2	2	4	1	0	4	2	3	4	1	2	4	2	2	4	0	1	4	3	1	2	3	2	1	0	4	2	4	1	4	3	4	1	3	0	3	1	4	1	1	3	1	1	3	3	2	0	2	1	4	1	4	3	3	4	2	1	3	2	3	3	1	0	1	4	2	1	1	4	1	4	4	2	1	1	4	3	3	1	1	4	2	3	1	1	0	0	3	0	3	1	0	4	0	0	3	1	2	4	3	4	2	1	2	4	4	1	0	4	4	3	4	4	1	3	3	3	4	0	3	1	3	1	3	3	1	1	2	0	3	3	0	3	3	4	1	1	2	3	1	1
4	Kno-18	3	2	1	3	1	0	1	1	2	2	4	1	0	4	2	0	4	1	2	4	2	2	4	4	1	4	3	1	2	3	2	1	3	4	2	4	1	4	3	2	3	3	3	3	3	2	1	1	0	3	1	3	3	2	4	4	2	2	2	4	1	3	4	4	1	4	1	3	3	1	0	1	1	2	3	1	1	1	4	4	4	3	3	4	3	1	1	3	2	2	0	1	2	2	4	4	0	4	1	4	4	4	2	3	3	4	3	1	4	3	4	1	2	4	0	0	0	4	3	4	4	1	3	0	3	0	0	3	1	1	3	3	3	1	2	2	0	1	1	3	3	3	4	1	1	2	3	1	1
5	Rmx-A02	3	2	1	3	1	0	1	1	2	2	4	1	1	4	2	3	4	1	2	4	2	2	4	0	1	4	3	1	2	3	0	1	3	4	2	4	1	4	3	4	1	3	2	3	0	4	1	1	0	1	1	3	3	2	4	2	1	4	1	4	3	3	4	2	1	3	2	3	3	1	4	1	4	2	1	1	4	1	4	4	2	1	1	3	3	1	1	3	4	2	3	1	1	1	4	3	0	3	3	4	2	4	0	2	0	2	3	1	4	2	1	2	2	4	1	0	4	4	3	4	4	1	3	3	3	4	0	3	1	3	0	3	2	0	1	2	0	3	1	3	3	1	0	1	0	2	3	1	0
6	Rmx-A180	1	1	1	3	3	2	3	0	2	3	2	3	1	4	2	3	4	2	2	2	2	2	4	4	1	4	3	1	2	3	2	1	3	4	2	4	1	4	3	4	1	3	2	3	3	4	1	1	3	3	3	3	0	4	4	4	0	2	1	2	3	0	0	4	1	4	0	1	3	3	4	4	1	2	3	1	4	1	4	4	2	3	1	3	3	0	2	3	4	2	3	1	2	1	4	3	0	4	3	4	2	4	0	2	3	2	3	1	4	2	1	2	2	4	1	0	4	4	2	4	2	1	1	0	3	4	0	3	1	3	1	0	2	3	2	4	3	3	1	3	3	1	4	1	1	2	1	1	1
7	Pna-17	3	0	0	0	3	2	1	1	0	2	4	3	1	1	0	3	4	1	3	4	2	2	4	4	1	4	3	1	2	1	0	3	1	3	4	2	1	2	3	2	3	0	3	3	3	2	3	3	0	1	1	3	3	2	4	2	1	4	1	4	3	0	4	2	2	3	2	3	3	3	1	1	4	2	1	1	1	1	4	4	2	1	3	3	3	3	1	1	4	2	3	1	1	1	4	3	2	3	1	4	4	4	2	3	1	2	4	3	4	2	1	1	4	1	1	1	2	4	2	0	4	1	3	0	1	4	0	1	3	3	3	0	3	1	1	4	3	1	1	3	3	1	4	1	1	2	3	1	0
8	Pna-10	3	2	0	3	1	2	1	1	2	2	4	1	1	4	2	0	4	0	2	4	2	2	4	4	1	4	3	1	2	3	2	1	3	0	2	4	1	4	3	4	1	3	2	3	1	4	1	1	3	1	1	3	3	2	4	2	1	4	1	4	3	3	4	2	1	3	0	3	3	1	0	1	4	2	1	1	4	1	4	4	2	1	1	4	3	3	1	1	4	2	0	1	1	1	4	3	2	3	1	4	4	4	2	3	1	0	4	3	4	0	0	0	0	0	1	3	4	4	3	4	4	1	3	3	3	4	4	3	1	3	1	3	2	1	1	2	3	0	3	3	3	3	4	1	1	2	3	1	0
9	Eden-1	1	1	0	3	1	4	3	4	2	3	4	3	3	4	2	4	3	2	3	2	1	2	4	0	3	2	2	4	2	1	2	3	1	3	4	4	1	2	0	0	3	0	2	3	3	4	3	3	1	1	3	4	1	4	2	2	1	0	0	4	1	0	0	4	2	4	2	3	0	1	0	1	1	2	3	1	4	3	4	1	2	3	0	4	1	3	1	1	4	2	1	3	1	1	4	4	4	4	3	2	2	1	2	2	1	4	4	3	4	3	4	1	4	4	2	1	2	4	3	4	4	3	3	4	1	4	0	1	1	1	0	1	2	1	2	2	1	1	3	3	2	1	2	1	3	4	1	4	0
10	Eden-2	1	2	0	4	3	4	3	4	2	3	2	3	3	1	2	4	3	2	3	2	1	2	4	0	1	4	3	4	2	1	2	1	1	0	4	0	4	2	3	2	3	3	2	3	1	4	3	3	1	1	0	4	1	4	2	2	1	4	1	4	1	1	0	4	0	4	2	3	3	1	0	1	0	4	1	2	4	1	4	0	2	3	1	4	1	3	1	1	4	2	1	3	-1	0	0	4	4	4	3	4	2	0	2	2	1	4	4	3	4	3	4	0	4	4	2	1	2	4	3	4	4	3	3	4	1	3	3	3	1	1	3	1	3	1	2	2	0	3	3	4	2	1	2	1	1	4	1	4	0
11	Löv-1	1	1	1	3	1	4	1	4	2	3	4	3	1	1	2	4	3	2	3	2	1	2	4	0	3	2	2	4	4	3	1	1	1	3	2	4	4	2	3	4	3	0	3	3	1	4	3	3	3	1	3	4	0	4	2	2	1	4	1	4	1	1	2	2	2	3	1	3	0	3	0	1	0	2	1	2	1	3	4	4	2	3	1	4	1	1	1	1	0	4	1	3	1	1	2	4	4	4	3	4	0	4	4	2	0	0	3	3	4	3	4	1	4	4	2	1	2	3	3	4	2	3	3	0	3	4	3	3	3	1	1	0	3	1	2	2	3	3	3	0	2	1	2	3	0	4	1	4	3
12	Löv-5	1	1	0	3	1	4	1	4	2	3	4	3	1	1	2	4	3	2	3	2	1	2	4	4	3	2	2	4	4	3	1	1	1	3	2	4	4	2	3	4	3	0	3	3	1	4	3	3	3	1	3	4	0	4	2	2	1	4	1	4	1	1	2	2	2	3	1	3	3	3	0	1	1	2	1	2	1	3	4	4	2	3	1	4	1	1	1	1	2	4	1	3	1	1	2	4	4	4	3	4	4	4	4	2	3	4	3	3	4	3	4	1	4	4	0	1	0	3	3	4	2	3	3	4	3	4	3	3	3	1	1	3	3	1	2	2	0	3	3	3	2	1	2	3	1	4	1	4	0
13	Fäb-2	1	2	0	3	1	4	1	4	2	3	4	3	1	1	2	4	3	2	3	4	1	2	4	2	1	2	2	4	2	1	2	3	1	3	4	4	4	4	1	2	3	1	2	1	3	2	3	3	1	3	3	4	0	4	2	2	1	4	1	4	1	3	4	2	1	4	2	3	0	1	4	4	0	2	3	1	4	0	2	4	2	3	1	4	1	1	2	1	0	2	1	3	2	1	2	4	4	4	3	4	2	4	2	2	3	4	4	3	2	3	1	1	4	4	2	1	0	4	3	4	2	1	3	4	1	4	3	1	3	1	3	1	3	1	1	2	0	1	3	3	3	1	2	1	3	4	3	4	3
14	Fäb-4	1	2	0	3	1	4	1	4	2	3	4	3	1	1	2	4	3	2	3	4	1	2	4	2	1	4	3	1	4	3	2	3	3	3	4	4	1	2	1	2	3	3	8	1	3	2	3	3	3	1	3	4	0	4	2	0	1	4	1	4	1	3	4	2	1	4	2	3	3	1	4	1	1	4	1	2	1	3	4	1	4	3	1	4	1	1	2	1	2	2	1	1	1	2	2	4	4	4	3	2	2	7	2	2	0	4	4	3	0	3	4	1	4	4	2	1	2	3	2	4	2	1	3	4	1	4	3	1	1	1	1	3	3	1	1	2	1	1	3	3	3	1	2	1	3	4	3	1	3
15	Bil-5	1	1	0	3	1	4	1	4	2	3	4	3	1	4	2	4	3	2	3	4	1	2	4	2	1	2	3	4	4	3	1	1	3	3	4	4	4	2	3	2	3	3	2	3	3	4	3	3	1	1	3	3	3	4	4	4	1	2	2	4	1	1	2	2	2	4	2	3	3	1	4	4	4	4	1	2	1	3	4	0	2	3	1	4	1	0	1	1	2	0	1	3	1	1	2	4	4	3	1	4	4	1	4	3	1	4	3	3	0	3	1	1	4	1	2	0	2	3	3	4	2	3	3	4	1	4	3	1	3	1	1	3	3	1	2	2	3	3	1	3	3	1	2	3	1	4	1	4	0
16	Bil-7	1	1	1	3	1	4	1	4	2	3	4	3	1	4	2	4	0	2	3	4	1	2	4	2	1	2	3	4	4	3	1	1	3	3	4	4	4	2	3	2	3	3	2	3	3	4	3	3	1	1	3	3	3	4	4	4	1	2	2	4	1	1	2	2	2	4	2	3	3	1	4	4	4	4	1	2	1	3	4	1	2	3	1	4	1	3	1	1	2	0	1	3	1	1	2	4	4	3	1	4	4	1	4	3	1	4	3	3	4	3	1	0	0	1	2	1	2	3	3	4	2	3	3	4	1	4	3	1	3	1	1	0	3	1	2	2	3	3	1	3	3	1	2	3	1	4	1	4	3
17	Vår2-1	1	1	0	3	3	4	1	4	2	3	4	3	1	4	0	4	3	2	3	2	2	4	4	4	1	2	2	1	2	1	2	3	1	3	4	2	4	0	3	2	1	3	3	1	1	4	3	3	3	1	3	3	3	2	2	2	1	2	2	2	1	3	4	4	2	3	2	3	3	3	0	1	1	4	1	2	1	1	2	1	2	3	0	3	1	3	2	1	4	2	1	1	2	2	2	4	0	4	3	4	2	1	4	2	3	2	4	1	4	2	1	2	4	1	2	1	4	0	2	2	2	3	3	4	3	3	3	3	3	3	3	3	2	3	1	4	1	1	1	3	3	1	2	3	3	4	1	1	3
18	Vår2-6	1	1	1	3	3	2	1	4	2	3	4	3	1	4	0	3	3	2	3	2	2	4	4	4	1	2	2	1	2	1	2	3	1	3	2	4	1	4	3	4	3	3	3	3	3	4	3	3	3	1	3	4	3	2	2	2	1	2	2	4	1	1	2	4	2	3	2	3	3	3	4	1	1	4	3	1	1	1	2	1	2	3	1	3	1	3	1	3	4	2	0	3	2	0	2	4	0	4	3	4	2	1	4	2	3	2	4	1	4	2	1	0	4	1	2	1	2	3	3	4	2	3	3	4	3	4	3	1	3	3	3	3	2	1	2	4	3	3	1	3	3	1	2	3	3	4	1	1	0
19	Spr1-2	1	2	3	4	3	4	3	4	4	2	0	3	1	1	0	4	3	1	3	4	2	2	4	4	1	4	2	1	2	1	0	3	1	3	4	2	1	2	3	4	1	3	2	3	3	2	1	3	3	1	0	4	1	2	2	4	2	2	1	4	3	3	4	4	2	3	1	1	3	3	4	4	1	2	3	1	1	1	4	1	2	3	0	4	1	3	1	1	2	2	1	1	-1	2	2	4	4	3	3	4	4	4	4	3	3	4	4	3	4	2	1	1	2	1	2	1	2	4	2	2	2	3	3	4	3	4	3	3	3	1	1	3	3	3	2	2	3	3	1	3	2	1	2	3	3	2	1	4	0
20	Spr1-6	1	1	0	3	3	4	1	4	2	3	4	3	3	4	2	4	4	1	3	2	1	2	2	4	3	2	2	4	4	1	2	1	3	3	4	4	0	4	1	2	1	0	3	3	1	4	1	3	0	3	3	3	1	2	2	4	2	2	1	2	1	3	-1	4	2	3	2	1	3	3	4	4	1	2	3	1	4	3	4	1	2	3	3	3	1	1	1	3	4	2	1	1	2	1	2	4	2	3	3	2	0	1	2	2	1	4	4	3	2	2	1	1	4	4	0	1	0	3	2	2	4	3	3	4	3	4	3	3	3	3	3	3	3	1	2	2	3	1	1	3	2	1	2	1	3	2	3	4	3
21	Ömö2-1	1	1	0	4	3	4	1	4	2	3	2	1	1	4	2	3	4	2	3	2	1	0	4	4	1	4	3	4	2	3	0	3	3	4	4	4	4	2	3	4	1	0	2	3	3	4	1	3	0	1	3	3	3	2	2	4	2	2	1	4	1	3	4	4	2	3	1	3	1	3	4	4	1	2	3	1	1	1	4	4	2	1	3	3	3	3	2	1	2	4	1	1	2	2	4	4	2	4	1	4	2	4	4	2	0	4	4	3	4	3	1	1	2	4	1	3	0	3	3	4	2	3	3	4	3	4	3	3	1	1	3	0	3	3	2	4	0	1	1	3	3	1	2	3	3	2	3	1	3
22	Ömö2-3	1	2	3	3	1	4	1	4	2	3	2	1	3	4	2	3	4	1	3	4	1	4	4	2	3	4	2	4	2	1	2	3	1	3	4	4	4	4	3	2	1	3	2	1	3	4	3	3	3	1	3	3	1	2	2	4	2	2	1	4	3	1	2	4	2	3	0	1	3	3	4	1	1	2	1	1	4	3	4	4	2	3	3	4	3	3	2	1	2	4	3	1	2	1	2	3	2	3	3	2	2	4	4	2	3	4	4	1	4	2	4	1	4	1	2	1	2	3	3	4	2	3	1	4	3	4	3	3	1	1	0	1	2	3	2	4	0	1	1	3	2	3	2	3	1	2	3	4	0
23	Ull2-5	1	2	1	4	3	2	1	1	4	3	2	1	3	4	4	3	4	2	2	2	0	2	2	4	3	4	3	1	4	1	1	1	1	0	4	2	0	4	0	4	1	0	3	3	3	4	1	3	1	1	3	3	3	0	2	4	1	2	0	2	1	1	2	4	2	3	1	1	0	1	4	4	4	2	3	1	4	1	4	0	2	3	3	3	3	3	1	1	2	4	3	1	2	1	4	4	0	4	1	4	2	1	2	2	3	4	3	1	4	0	4	2	4	4	1	1	4	4	3	4	2	1	3	4	3	3	0	3	3	3	1	3	0	3	2	4	1	3	1	3	3	3	2	3	1	4	1	1	3
24	Ull2-3	1	2	3	4	3	4	1	4	2	3	2	1	1	1	2	4	4	1	2	2	1	4	4	4	1	4	2	4	2	1	2	1	3	3	4	2	0	2	3	4	1	3	3	3	1	2	3	3	0	3	1	3	1	4	4	4	1	4	2	2	1	3	4	4	2	3	0	1	3	3	0	4	1	2	1	1	4	1	4	1	2	1	1	4	1	3	1	1	2	2	1	1	2	2	4	3	2	3	3	4	4	4	4	3	3	2	3	1	2	2	1	0	0	0	1	0	4	3	2	2	4	3	3	4	3	4	3	3	1	1	3	1	3	3	2	2	3	1	1	3	3	3	4	1	1	2	3	1	3
25	Zdr-1	3	2	1	4	3	4	3	4	4	2	4	3	3	1	2	4	3	1	2	2	1	2	2	2	1	4	3	1	4	1	1	1	3	3	4	4	1	2	3	2	3	0	2	1	3	4	1	3	1	1	3	3	3	4	2	4	1	2	2	4	1	1	2	4	2	3	2	3	1	3	4	4	1	2	3	2	4	1	4	4	2	3	3	4	1	3	1	1	2	2	1	3	2	2	4	4	2	3	1	0	4	4	4	3	1	4	4	1	2	2	4	1	4	4	2	1	4	4	2	2	2	3	3	4	3	0	4	1	3	3	0	3	2	3	2	2	3	1	3	4	2	1	4	1	3	2	1	4	3
26	Zdr-6	1	2	1	3	1	4	3	4	4	2	2	3	3	4	2	3	3	2	3	2	1	4	2	4	1	2	2	1	2	1	0	1	3	3	4	2	1	4	3	4	1	0	2	1	3	4	3	3	3	3	3	4	3	4	2	4	0	0	2	4	1	1	2	2	2	3	2	1	1	1	4	4	1	4	3	0	1	1	4	1	4	3	3	4	3	3	2	1	2	4	1	3	2	0	2	4	2	4	3	4	2	4	2	2	1	4	4	1	2	0	1	1	4	4	2	3	2	3	2	2	4	3	3	4	1	4	3	3	3	1	1	3	2	1	2	2	3	3	3	3	2	1	4	3	1	2	1	4	1
27	Bor-1	1	2	0	3	3	2	1	4	2	2	2	3	3	4	2	3	3	1	3	2	0	4	4	2	1	4	3	0	2	3	2	1	3	4	4	4	1	4	1	4	3	3	3	1	3	4	1	1	3	3	0	4	3	4	2	4	2	0	1	4	1	3	4	4	1	3	2	1	1	1	4	4	1	4	1	2	1	1	4	4	2	1	3	4	3	3	1	1	2	4	1	1	2	2	4	4	0	4	3	4	2	4	4	2	3	4	4	1	2	2	4	2	2	4	2	1	4	4	3	2	2	3	3	4	1	3	3	3	1	3	3	3	2	3	2	4	1	3	1	3	2	3	4	3	3	2	1	1	0
28	Bor-4	1	1	1	3	3	2	1	4	4	2	4	3	3	4	2	3	3	1	2	2	1	2	2	4	1	4	2	1	4	1	1	1	3	0	4	4	1	4	3	4	1	3	2	1	1	4	1	3	3	1	3	0	3	4	2	4	1	2	2	4	1	1	2	2	1	3	2	1	1	3	4	4	1	4	1	2	4	1	4	4	2	3	3	4	3	3	1	1	2	4	1	1	2	1	4	3	0	3	3	4	2	4	4	3	3	4	3	1	4	2	4	2	4	0	0	1	0	3	3	2	4	3	3	4	1	4	3	3	3	3	1	3	3	3	1	2	3	1	3	3	2	3	4	1	1	2	1	4	1
29	Pu2-7	3	2	1	4	3	4	3	4	2	2	4	3	3	1	4	3	3	1	2	2	1	4	4	4	1	4	3	-1	4	1	1	1	1	4	4	4	1	4	1	4	3	1	3	3	3	4	3	3	3	3	3	4	3	4	2	4	2	2	2	4	1	3	4	2	2	3	1	1	3	1	4	4	4	4	3	1	4	1	4	1	2	1	3	3	1	3	1	1	2	4	1	1	2	2	4	4	2	4	3	4	4	1	4	2	0	2	3	1	2	2	4	1	4	4	0	1	0	4	3	2	4	1	1	4	3	3	3	3	3	3	3	3	3	1	2	4	3	1	1	3	2	1	2	3	3	2	1	4	1
30	Pu2-23	1	2	1	4	3	4	1	4	4	2	4	0	3	4	4	3	4	2	3	2	1	4	4	4	1	4	2	1	4	1	1	1	3	3	4	2	4	2	3	2	3	3	2	1	3	4	1	3	3	3	3	4	3	4	2	4	1	2	1	2	2	1	2	2	2	3	1	3	1	3	4	4	4	2	1	2	4	1	4	1	2	3	3	4	1	3	2	1	2	4	1	3	2	2	0	4	0	3	3	4	4	4	4	2	1	2	3	1	2	2	4	1	2	1	2	1	2	4	3	2	4	3	1	4	1	3	3	3	1	3	0	0	3	3	2	4	3	1	3	4	2	1	4	1	1	4	1	4	3
31	Lp2-2	3	2	1	3	3	2	3	4	4	2	2	3	3	4	4	4	3	1	2	2	1	4	4	4	1	4	2	1	0	1	1	1	3	3	4	2	1	2	3	2	3	1	2	3	3	4	1	3	3	3	3	3	3	4	4	4	1	4	2	2	1	1	2	2	2	4	2	3	1	1	4	4	1	2	3	2	4	1	4	4	2	1	3	3	3	3	2	1	2	4	1	1	2	2	4	4	0	4	1	4	4	0	4	3	1	4	4	1	2	2	1	2	2	4	2	3	2	3	2	2	4	3	1	4	3	3	3	1	1	3	3	0	2	3	1	2	3	3	1	3	2	1	2	3	1	2	3	1	0
32	Lp2-6	3	2	1	3	3	4	3	1	2	2	2	1	3	4	2	4	4	1	2	4	1	4	0	2	1	4	2	1	0	1	1	1	3	3	4	4	1	4	1	2	1	0	3	3	3	4	1	3	3	1	3	4	3	4	2	4	1	2	2	2	1	3	4	2	2	4	2	1	1	3	4	1	4	2	1	2	4	1	4	4	2	3	1	4	3	3	2	1	2	4	1	1	2	2	2	3	0	4	3	2	4	1	4	2	1	4	3	1	2	0	4	1	4	0	2	1	2	0	3	2	2	3	3	4	1	3	3	1	1	3	1	3	3	3	2	4	3	1	1	4	2	1	2	3	1	2	1	4	0
33	HR-5	3	2	1	4	1	2	1	4	4	2	2	3	1	4	0	3	3	2	3	2	1	2	4	4	1	4	2	1	2	1	2	1	1	4	2	2	4	2	3	4	1	3	2	1	3	4	1	6	3	3	3	3	1	4	2	2	0	2	2	2	2	3	4	4	0	4	2	1	3	3	4	1	1	4	3	1	4	3	2	1	4	1	3	4	1	3	1	1	2	2	3	1	2	2	4	3	4	3	1	2	2	4	2	2	1	4	4	1	4	2	1	2	2	4	2	3	2	3	3	4	2	1	1	4	1	4	4	1	1	0	3	1	3	1	2	2	3	3	1	3	3	1	2	1	1	2	3	1	1
34	HR-10	3	2	1	4	1	4	3	4	4	0	2	3	1	4	0	3	3	1	3	2	1	4	2	4	3	4	2	1	2	1	2	3	3	4	2	2	1	4	3	4	1	0	2	3	3	2	1	1	1	3	3	3	3	4	4	2	1	2	2	2	3	3	4	2	1	4	2	1	3	3	4	4	1	2	3	1	1	1	2	1	4	3	1	3	3	1	2	3	2	2	0	1	1	0	4	3	0	3	3	2	2	1	4	2	3	4	3	3	4	2	1	2	4	4	2	3	2	0	3	4	2	1	1	3	1	4	4	1	3	3	3	3	2	1	2	2	3	3	1	4	3	1	4	1	1	2	3	1	1
35	NFA-8	3	2	3	3	1	2	3	4	4	2	0	3	1	4	2	3	4	1	2	2	1	2	4	4	3	4	2	1	2	3	2	3	1	4	2	2	4	2	3	4	1	0	2	3	3	4	1	1	1	3	3	3	3	0	4	2	1	2	2	2	3	3	4	2	0	4	2	1	3	3	4	4	1	2	3	1	4	1	4	4	0	3	1	3	3	1	2	3	2	2	3	1	1	2	4	3	4	3	3	2	4	1	4	2	1	2	3	3	4	2	4	2	4	4	2	3	2	4	3	4	2	1	1	3	1	4	4	1	1	1	1	1	2	3	2	4	3	3	1	4	3	1	4	1	1	2	3	1	1
36	NFA-10	3	2	3	4	3	4	1	4	4	2	2	3	1	4	2	3	4	1	2	2	2	2	4	4	3	4	2	1	2	3	0	3	3	4	2	2	4	4	0	4	1	0	2	1	3	4	3	3	1	3	3	3	1	4	4	4	1	4	1	2	3	1	2	2	2	3	1	3	1	3	4	1	1	2	3	1	4	3	2	4	2	1	1	4	3	1	1	1	2	2	3	1	2	2	4	4	4	3	1	4	4	4	4	3	1	4	3	3	4	2	1	2	4	4	0	3	0	3	3	4	2	1	1	3	1	4	4	1	3	1	3	3	2	3	2	2	3	3	1	4	3	1	4	1	1	2	3	1	1
37	Sq-1	3	2	1	4	3	2	3	1	4	2	2	3	1	4	4	3	3	2	3	2	1	2	4	4	3	4	2	1	2	1	1	3	3	4	2	2	1	2	3	2	3	3	3	3	3	2	1	1	1	3	3	3	3	4	4	2	1	2	2	2	3	1	2	4	2	4	1	1	1	3	4	1	1	4	3	1	4	3	2	4	4	3	1	3	3	1	1	1	2	4	3	1	1	2	4	4	2	3	3	2	4	4	4	2	1	2	3	3	4	2	4	2	4	1	2	3	0	4	2	4	2	1	1	3	1	4	4	1	3	1	1	0	3	3	2	2	3	3	1	4	3	1	4	1	1	2	1	1	1
38	Sq-8	3	2	1	4	1	2	1	4	2	2	4	3	1	1	2	3	4	1	2	4	2	4	4	4	1	4	2	4	2	3	2	3	1	3	4	4	0	2	1	4	3	0	2	3	3	2	1	1	1	1	1	3	3	4	2	4	2	2	0	2	1	3	4	2	2	4	2	3	3	3	1	1	1	2	3	1	4	1	4	4	2	3	0	4	1	1	1	1	2	2	1	1	2	1	4	4	2	3	1	4	2	4	4	2	1	2	3	1	4	3	4	2	2	4	1	3	4	4	3	2	4	1	1	4	3	3	4	1	1	1	1	0	2	1	2	2	1	1	3	3	3	3	2	1	3	2	1	1	0
39	CIBC-5	1	1	1	4	3	2	3	1	4	2	2	3	1	4	4	3	3	0	2	4	1	4	2	4	3	4	2	4	2	1	2	3	3	4	2	4	1	4	3	4	1	3	3	3	3	4	1	1	3	3	3	3	3	4	4	2	1	2	2	2	2	1	2	2	1	4	1	1	1	3	4	4	1	4	3	1	1	3	2	4	2	3	3	3	1	1	1	3	2	4	1	1	2	2	4	3	4	4	3	4	2	4	2	2	3	2	3	1	2	3	4	1	2	4	1	3	2	4	2	2	2	1	1	3	3	4	3	1	1	3	3	0	3	3	1	2	3	3	3	3	3	3	2	1	1	2	1	1	0
40	CIBC-17	1	2	1	4	1	2	1	4	2	0	2	3	3	1	2	3	4	2	2	4	1	2	4	4	1	4	2	1	4	1	1	3	3	3	4	4	4	2	3	2	3	3	3	3	3	2	1	3	1	3	3	3	3	4	2	4	2	2	1	4	3	1	2	2	2	3	1	1	0	3	4	1	1	2	1	1	1	1	4	4	2	3	1	4	3	3	2	1	2	4	3	1	2	1	4	3	2	4	3	4	4	1	4	3	3	4	4	1	0	0	1	1	2	0	2	3	2	3	2	4	4	1	1	4	3	3	4	1	1	1	3	1	3	3	1	2	1	1	3	3	3	1	2	1	1	2	3	1	1
41	Tamm-2	3	2	1	4	1	4	1	4	2	3	4	3	1	1	2	3	3	2	3	2	1	2	2	0	3	2	3	4	2	1	2	3	1	3	4	4	1	2	1	4	1	1	2	3	3	2	1	3	1	1	0	3	3	4	2	4	1	2	1	2	1	1	2	4	0	3	2	3	3	1	4	4	4	4	1	2	1	3	2	4	4	1	3	3	3	3	1	1	4	4	1	1	2	1	4	4	4	4	3	4	2	4	4	3	3	4	3	3	2	3	4	1	4	4	1	3	4	3	3	4	4	3	3	4	1	3	3	3	3	0	0	3	2	1	2	2	3	1	1	3	3	1	2	1	1	4	1	4	3
42	Tamm-27	3	2	0	4	1	4	1	4	2	0	4	3	1	1	0	3	3	2	3	2	1	2	2	0	3	2	3	4	2	1	2	3	1	3	4	0	1	2	1	4	1	1	2	3	3	2	1	3	1	1	1	3	3	0	2	4	1	2	1	2	1	1	2	4	2	3	2	3	3	1	0	4	4	4	1	2	1	3	2	4	4	1	3	3	3	3	1	1	4	4	1	1	2	0	4	4	4	4	3	4	2	4	4	3	3	4	3	3	2	3	4	1	4	4	0	3	4	3	3	4	4	3	3	4	1	3	3	3	3	0	1	3	2	1	2	2	3	1	1	3	3	1	2	1	1	4	1	4	0
43	Kz-1	3	0	1	0	1	4	3	4	4	2	4	1	3	4	0	3	4	1	3	4	1	2	2	2	1	4	2	0	2	1	0	1	3	3	2	4	1	4	1	2	1	0	2	1	1	2	1	3	1	3	0	3	0	4	4	4	1	0	1	4	1	1	2	4	1	3	2	3	1	3	4	4	4	4	1	1	4	1	2	1	4	3	3	4	1	3	2	1	2	2	1	1	2	2	0	4	2	4	3	4	2	1	2	2	3	4	3	3	2	3	4	1	2	4	2	1	4	4	2	2	4	3	3	4	3	3	3	1	3	0	1	3	2	3	2	4	1	1	1	3	2	3	4	1	3	2	3	1	3
44	Kz-9	1	2	1	4	3	4	3	4	2	2	2	1	3	4	4	3	3	1	2	4	1	2	2	2	1	4	2	4	2	1	0	1	1	3	4	4	1	4	1	4	1	0	2	1	1	2	3	3	0	3	1	3	1	4	2	4	1	0	1	2	1	1	2	4	2	3	2	1	1	3	4	4	4	4	3	1	4	1	2	4	2	1	3	3	1	3	2	3	2	2	1	3	-1	2	2	4	0	4	3	2	2	4	2	2	3	4	3	3	2	2	4	1	2	4	0	3	0	3	2	2	4	3	3	4	3	3	3	1	3	0	1	1	3	3	2	4	1	1	3	4	2	3	2	3	3	2	1	1	3
45	Got-7	1	2	1	4	3	4	1	1	2	2	2	3	1	1	4	3	3	1	3	4	2	2	4	2	3	4	2	1	4	1	1	3	3	3	4	4	4	2	3	4	3	3	2	3	3	4	3	1	1	1	1	4	3	4	4	2	1	4	2	2	1	3	4	2	2	3	1	1	1	3	1	1	1	4	1	2	1	3	4	1	4	1	3	4	1	3	1	1	2	2	3	1	2	1	4	4	2	3	3	4	4	4	2	3	3	2	3	1	4	0	4	2	4	1	1	1	0	4	2	4	2	3	3	4	3	3	4	1	3	1	1	1	3	3	2	4	3	1	1	3	2	1	4	1	1	4	1	1	0
46	Got-22	1	2	1	4	3	4	1	1	2	0	2	3	1	1	4	3	3	1	3	4	2	2	4	2	3	4	2	1	4	1	1	3	3	3	4	4	4	2	3	4	3	3	2	3	3	4	3	1	1	1	1	4	3	4	4	2	1	4	2	2	1	3	4	2	2	3	1	1	1	3	1	1	1	4	1	2	1	3	4	0	4	1	3	4	1	3	1	1	2	2	3	1	2	1	4	4	2	3	3	4	4	4	2	3	3	2	3	1	4	8	4	2	4	1	1	1	4	4	2	4	2	3	3	4	3	3	4	1	3	1	0	1	3	3	2	4	0	1	1	3	2	1	4	1	1	4	1	1	3
47	Ren-1	3	2	1	4	3	4	3	4	2	2	2	3	1	4	4	4	3	0	2	4	2	2	4	2	1	4	2	4	2	3	2	1	3	3	4	4	1	2	0	2	1	0	3	3	1	2	1	3	1	1	3	3	0	0	2	4	2	4	1	2	2	3	4	4	2	4	2	3	3	3	1	4	1	2	3	1	1	1	4	4	2	1	1	3	3	3	2	1	2	2	3	1	2	2	4	3	2	3	3	2	4	4	2	2	3	2	4	1	0	2	1	2	4	4	0	3	0	4	2	4	2	3	1	3	3	4	4	1	3	1	1	3	2	3	1	2	1	1	1	4	3	3	2	1	1	2	0	1	1
48	Ren-11	3	2	1	4	3	4	3	4	4	2	0	3	1	1	2	4	4	0	2	4	2	4	4	2	1	4	3	1	2	1	2	1	1	4	2	2	1	2	3	4	1	3	3	1	1	4	3	3	0	1	3	3	0	4	4	2	2	4	1	2	2	3	4	4	2	4	1	3	3	3	1	4	1	2	3	1	4	3	4	1	4	1	1	3	1	3	1	3	2	2	0	1	2	2	4	10	2	3	3	0	4	4	9	2	1	4	3	1	2	2	1	2	4	4	2	3	2	0	2	4	2	3	1	3	3	4	4	1	3	1	1	3	2	3	1	2	3	3	1	4	2	1	2	1	1	2	3	1	1
49	Uod-1	3	2	3	4	3	2	1	1	2	2	2	1	3	1	2	4	3	1	3	2	2	2	-1	0	1	2	2	1	4	1	2	1	3	4	4	4	4	2	3	2	1	3	2	1	3	4	1	3	3	3	3	3	3	0	4	4	1	2	2	2	3	3	4	4	1	3	1	3	3	3	0	4	1	2	3	1	1	1	2	1	2	1	3	3	3	1	2	1	2	2	1	1	2	2	4	4	0	3	3	2	2	1	4	2	1	4	4	1	4	2	4	2	2	4	1	1	4	4	2	2	4	3	3	4	1	3	3	3	3	1	1	3	3	3	2	2	3	1	3	3	2	1	2	3	1	2	1	4	3
50	Uod-7	3	1	1	4	3	4	1	1	2	2	2	3	3	4	2	3	4	1	3	2	1	2	2	4	3	4	3	1	4	3	1	1	3	4	4	4	4	4	3	2	1	0	2	1	3	4	1	3	3	0	3	0	3	0	4	4	2	4	1	2	1	3	4	2	2	3	2	3	1	3	4	4	1	2	3	2	1	1	4	4	2	1	3	3	3	1	2	3	2	4	1	3	2	0	2	3	2	3	1	4	4	4	4	3	1	4	4	3	4	2	1	1	2	4	0	1	0	0	2	0	4	3	3	4	1	3	4	1	3	1	3	3	3	3	2	2	3	1	1	3	2	1	2	1	3	2	1	1	1
51	Cvi-0	3	1	1	4	3	2	1	4	2	2	4	1	1	4	4	3	3	1	3	2	1	2	4	4	3	4	2	1	2	3	0	1	1	3	2	2	4	4	3	4	1	3	2	3	3	4	3	3	3	1	0	3	3	0	2	4	-1	0	1	4	1	1	4	2	1	4	2	3	3	1	4	4	1	2	1	2	1	3	2	1	4	3	1	4	1	1	2	3	2	2	3	1	2	2	2	4	2	3	3	2	4	4	2	0	1	0	4	3	4	0	1	2	4	1	2	1	2	3	3	2	2	3	3	3	3	4	3	1	1	1	1	3	2	3	2	2	3	3	3	3	2	3	2	1	3	4	3	0	3
52	Lz-0	3	1	3	3	1	2	3	1	2	2	2	3	1	4	2	3	3	1	2	2	1	4	4	2	3	4	2	1	0	3	0	1	3	3	2	2	1	2	3	4	3	1	2	1	3	2	3	1	1	3	1	3	0	2	2	4	2	0	1	0	1	1	2	4	1	4	1	3	1	3	4	1	1	2	3	1	4	1	4	1	2	1	3	4	3	1	1	3	2	2	1	1	1	2	4	4	0	4	1	4	2	4	2	2	1	2	3	1	2	3	1	1	4	4	0	1	0	3	2	4	2	3	1	4	1	4	4	1	1	3	1	0	2	1	2	4	3	1	1	4	3	1	4	3	1	2	1	4	1
53	Ei-2	3	2	1	4	3	4	1	4	2	3	4	3	1	1	4	3	3	1	2	2	2	2	2	2	1	2	2	1	0	1	1	1	3	3	2	4	1	4	1	4	3	3	2	3	3	2	3	1	3	1	3	3	1	4	4	2	2	4	2	0	3	3	4	4	2	3	2	1	3	3	1	4	1	2	3	1	1	1	2	1	2	1	1	3	3	1	1	3	2	2	1	1	2	1	2	4	4	3	3	4	2	4	4	3	3	4	4	1	4	2	1	1	2	4	0	3	0	4	2	4	4	3	3	3	3	3	4	3	1	0	1	3	2	1	2	2	0	3	1	4	2	3	2	1	3	2	1	1	0
54	Gu-0	3	2	1	3	1	2	1	4	2	2	2	3	1	4	2	3	3	1	2	4	2	4	4	2	1	4	2	1	2	1	1	1	1	3	4	2	4	2	3	2	1	3	3	3	1	2	3	3	3	3	1	4	1	0	2	2	2	4	2	2	1	3	4	2	2	3	2	3	3	3	4	4	4	2	3	1	4	1	4	1	2	1	3	3	1	3	1	3	2	2	3	1	1	1	4	4	4	3	3	4	2	4	4	2	1	4	3	3	4	2	4	2	4	4	1	3	2	4	2	2	2	3	3	4	3	3	3	3	1	3	0	0	2	1	2	2	3	1	1	3	3	3	2	1	3	4	1	1	3
55	Ler-1	1	2	1	3	3	4	3	4	4	2	0	3	3	4	4	4	3	1	2	2	2	2	2	2	1	4	3	1	0	1	1	1	3	3	4	2	1	4	3	4	1	1	2	3	3	2	1	3	0	3	1	3	3	4	4	4	1	2	1	4	1	1	2	4	1	3	1	1	1	3	1	4	1	2	1	2	1	1	4	1	2	3	3	4	1	3	2	1	2	4	1	3	2	1	4	3	2	4	3	4	4	1	4	2	1	2	3	3	4	3	4	1	4	4	1	3	0	4	3	2	4	1	3	4	1	4	4	3	3	3	1	3	3	1	2	2	3	1	1	3	3	1	4	3	3	2	3	1	3
56	Nd-1	1	1	1	4	3	2	3	1	2	2	2	1	1	4	2	3	3	1	2	4	2	2	4	4	1	2	2	1	2	1	0	1	1	4	4	2	1	4	1	4	3	3	2	3	3	2	1	3	3	1	3	3	1	2	2	2	2	4	1	2	3	3	4	2	1	3	1	1	1	1	1	4	1	2	1	1	1	1	4	1	2	1	1	4	3	3	1	3	2	2	3	1	2	2	4	4	0	4	0	4	4	4	2	3	1	4	4	1	4	2	4	0	4	0	1	1	2	0	2	2	2	3	1	4	1	3	3	3	3	1	1	3	2	1	1	2	1	3	1	3	3	3	4	3	3	2	1	1	3
57	C24	3	1	3	4	3	4	1	1	2	2	2	1	3	4	2	3	3	1	2	2	2	2	4	4	3	4	2	1	4	1	2	1	3	4	2	2	4	2	3	4	1	0	3	3	1	4	1	3	1	1	0	3	3	2	4	2	2	4	2	4	1	3	4	4	1	4	2	3	1	3	4	1	1	2	1	1	1	3	4	0	2	3	3	4	1	1	1	3	2	4	1	1	1	2	4	4	2	4	3	4	2	4	4	3	3	2	3	3	2	0	1	1	4	0	2	1	2	0	2	2	4	1	1	4	1	4	0	1	1	3	1	3	4	1	2	2	3	3	3	3	2	1	2	3	1	4	1	1	0
58	N13	1	1	1	4	3	4	3	4	2	2	2	1	3	4	4	3	4	1	2	4	1	2	2	2	1	4	2	4	0	3	0	1	3	3	4	4	0	4	3	4	3	0	2	1	3	2	3	3	1	3	1	4	3	0	4	4	1	2	2	4	1	1	4	4	2	3	2	1	1	3	4	4	4	2	1	2	4	1	4	1	4	3	1	4	3	3	2	1	4	2	3	3	2	0	4	4	4	3	3	4	2	4	2	2	1	4	3	3	2	0	4	1	2	0	0	3	2	0	3	2	4	3	3	4	3	3	3	1	3	0	1	3	3	3	2	4	1	1	1	3	3	3	4	1	3	4	3	1	3
59	Wei-0	1	2	0	4	3	4	1	4	2	2	2	1	3	4	4	3	3	1	2	2	1	4	4	0	3	2	2	1	4	1	2	1	1	3	4	4	1	4	3	2	3	3	3	3	1	2	1	1	1	3	0	3	3	0	4	2	1	4	2	2	1	3	4	4	0	3	2	3	1	3	0	1	1	2	1	1	1	1	4	1	2	3	3	3	3	3	1	1	2	2	3	1	2	0	2	4	4	4	1	2	4	4	2	3	3	4	3	1	4	0	1	2	2	4	2	1	0	3	2	2	2	1	3	3	3	4	3	3	1	1	0	3	3	3	2	2	1	3	1	4	2	3	2	1	1	2	1	4	3
60	Ws-0	3	1	1	3	3	4	1	4	2	2	2	1	3	1	4	3	4	1	2	4	1	4	2	2	1	2	3	4	2	3	0	1	3	3	2	4	4	4	3	4	3	0	2	1	3	4	3	3	1	1	3	4	1	2	4	4	1	0	1	0	1	3	4	2	2	4	1	1	3	1	1	4	1	2	3	2	1	1	4	1	2	1	3	3	3	3	1	1	4	2	1	3	1	2	4	4	2	3	3	2	0	1	4	2	3	4	4	3	2	3	1	1	4	4	0	3	0	4	3	2	2	3	3	4	1	3	3	3	3	1	1	0	3	3	2	4	3	1	1	4	3	1	4	1	3	4	3	4	3
61	Yo-0	3	2	3	3	3	4	1	4	2	2	2	3	1	1	2	3	4	1	2	2	2	2	4	4	1	4	3	1	2	1	0	1	1	4	2	4	1	4	3	4	1	3	2	3	1	4	1	1	3	1	1	3	3	2	4	2	2	0	1	0	3	1	0	2	2	4	2	3	3	3	1	4	4	2	1	1	1	3	4	1	2	1	3	3	3	3	1	1	4	2	3	1	1	1	4	3	2	4	3	4	4	1	4	3	3	2	4	3	4	0	1	1	4	4	1	3	0	4	3	4	4	1	3	3	3	4	3	3	1	1	3	1	2	1	1	2	0	3	3	3	3	3	4	1	1	2	3	1	1
62	Col-0	3	2	1	3	3	2	3	4	2	2	2	1	1	4	0	4	4	1	2	2	1	2	4	4	1	4	2	1	2	1	2	3	3	3	4	4	1	4	1	4	3	3	2	3	3	2	1	1	1	1	3	4	1	2	2	4	2	2	1	2	1	3	4	2	2	3	1	3	1	3	4	4	4	2	1	2	4	1	4	4	2	1	1	4	1	3	1	1	2	4	1	1	1	2	2	4	4	4	1	4	2	4	4	3	1	4	3	1	4	3	1	1	4	1	2	3	2	4	3	2	4	3	3	3	3	3	3	3	3	1	3	1	2	1	1	2	1	1	1	3	3	3	4	1	1	2	3	1	1
63	An-1	1	1	3	4	3	2	1	4	4	2	4	1	1	1	2	4	4	0	2	4	2	2	2	2	3	4	2	1	2	1	1	1	1	4	4	4	1	4	3	2	1	0	3	1	3	2	1	1	3	1	3	3	3	2	4	2	2	4	1	4	2	1	2	2	2	3	1	1	3	3	4	1	1	4	3	1	4	1	4	0	2	1	3	4	3	1	2	1	2	2	1	1	2	1	4	4	4	3	3	4	4	4	4	3	1	4	4	1	4	3	4	2	4	1	1	3	2	0	2	2	4	3	1	3	1	4	3	1	1	1	3	1	2	1	2	2	3	1	1	4	2	1	4	1	1	2	3	4	3
64	Van-0	3	1	6	4	3	9	3	1	2	2	4	3	1	7	2	3	4	2	2	4	1	4	0	4	3	4	8	0	2	1	5	6	3	3	2	4	1	9	3	9	1	3	8	1	6	4	6	1	3	1	3	3	6	4	4	2	2	0	2	2	0	0	4	2	2	4	1	1	0	3	4	4	1	9	3	1	7	6	4	7	2	6	3	3	3	1	1	3	9	9	3	1	2	5	4	10	9	4	3	4	2	4	9	2	3	4	3	1	4	0	1	1	4	4	1	6	4	3	2	4	2	1	1	3	3	10	3	1	1	3	0	0	8	3	2	9	3	1	6	10	2	3	2	3	1	4	6	1	3
65	Br-0	3	1	0	4	3	4	3	1	4	2	2	1	3	4	2	3	3	2	2	2	1	4	2	4	3	4	2	4	2	1	1	1	3	3	2	4	1	2	3	2	3	3	2	3	3	4	1	3	1	1	1	3	3	2	4	2	2	4	1	4	1	1	2	4	0	3	1	3	1	3	0	1	1	4	1	2	4	1	4	1	2	3	3	4	3	1	1	3	2	2	1	3	1	2	2	4	2	3	1	4	4	1	4	2	1	4	3	1	0	0	4	2	4	0	2	1	4	4	2	2	2	3	1	4	1	3	3	1	3	3	1	3	2	1	2	2	3	1	3	3	2	1	2	3	1	2	1	1	1
66	Est-1	3	2	1	4	1	4	3	4	2	3	4	3	1	4	0	4	4	1	3	4	1	4	4	2	1	4	2	4	4	1	1	1	3	4	2	2	1	2	0	4	3	0	2	3	3	2	3	1	3	3	3	4	3	4	2	2	1	0	1	2	1	3	4	2	2	3	1	1	1	3	4	4	4	2	3	2	4	1	2	1	2	1	3	4	3	1	1	1	2	2	3	3	1	0	4	4	4	4	1	4	0	1	2	2	1	2	3	1	0	2	4	2	4	4	2	1	2	0	3	2	4	3	3	4	3	3	0	3	1	1	0	3	2	1	2	2	1	1	1	3	2	1	4	3	1	4	1	4	0
67	Ag-0	3	2	3	3	3	4	3	4	2	2	2	3	3	1	0	4	3	1	2	2	2	4	2	2	1	4	2	4	4	1	2	3	3	3	2	4	1	2	1	4	1	0	2	3	1	4	1	3	1	1	0	3	0	4	4	2	1	4	2	0	3	1	2	4	1	3	2	3	0	3	1	1	1	2	3	1	4	1	4	4	4	1	3	3	1	1	1	3	2	0	1	1	1	2	4	3	2	3	1	4	4	4	4	3	1	2	4	1	2	0	4	2	4	4	2	1	2	0	2	2	2	3	1	4	1	3	3	1	3	3	3	3	3	3	2	2	3	3	1	4	3	3	2	3	1	4	3	1	0
68	Gy-0	1	1	3	4	3	2	3	4	4	2	2	3	1	1	4	3	3	1	2	4	1	2	4	4	1	4	3	4	2	3	0	1	1	4	2	2	4	2	3	4	3	3	2	3	1	4	1	1	1	1	3	3	1	4	4	4	1	4	1	2	2	1	2	2	2	3	1	1	3	3	4	1	1	2	3	1	4	3	4	1	4	1	1	3	1	1	2	3	2	2	3	1	1	2	4	4	4	4	3	2	2	1	4	2	3	2	3	1	4	2	1	2	4	4	0	1	0	3	2	4	2	1	3	3	1	4	3	1	1	3	3	3	3	1	1	2	3	3	3	4	3	1	4	1	3	2	1	1	1
69	Ra-0	1	1	3	3	1	2	1	1	2	2	2	3	1	4	2	3	3	2	2	2	2	4	2	2	3	2	3	1	2	1	1	3	1	3	2	2	1	4	3	2	1	3	2	1	3	2	1	3	0	3	3	3	0	2	4	4	2	0	1	0	1	3	4	4	2	3	2	1	3	3	1	1	1	2	3	1	4	1	4	1	2	3	3	3	3	1	1	3	4	4	3	3	1	2	2	3	2	4	1	4	2	4	2	2	3	2	3	1	4	3	0	1	4	4	1	1	0	0	2	2	2	1	1	3	3	4	4	3	1	3	0	0	2	3	2	4	3	3	3	3	3	1	2	1	1	2	1	1	3
70	Bay-0	3	1	1	3	3	4	3	1	2	2	2	1	3	4	2	4	3	1	2	4	2	2	2	2	3	4	2	1	2	1	2	1	3	4	4	4	4	2	3	2	3	3	2	3	1	2	3	3	1	1	3	3	1	4	2	4	1	4	1	4	1	1	2	4	2	4	1	3	3	3	1	1	1	2	3	1	1	1	4	0	2	3	0	4	3	1	1	1	4	2	1	1	2	2	2	4	2	3	1	2	0	4	4	3	3	2	3	1	2	2	4	1	4	1	1	1	4	0	3	2	4	1	3	4	1	4	4	1	1	3	0	3	3	1	2	4	3	1	1	4	3	1	2	3	1	2	1	1	1
71	Ga-0	1	1	3	3	1	2	1	1	2	2	4	1	3	4	4	3	4	1	2	4	2	2	-1	4	1	4	2	1	2	1	0	1	1	4	4	0	1	4	3	4	1	3	3	3	3	4	3	3	0	3	1	4	3	0	2	4	1	2	1	4	1	3	4	4	0	4	0	1	0	3	4	4	1	2	1	1	4	1	4	4	2	1	1	3	1	3	1	3	2	4	1	3	2	2	4	4	0	4	3	4	4	4	4	2	1	4	3	1	2	3	1	1	4	0	2	1	0	0	2	2	2	3	3	4	3	4	4	1	1	3	1	3	3	3	2	2	3	3	1	3	2	1	4	1	3	2	1	0	3
72	Mrk-0	3	2	3	4	3	4	1	1	4	2	2	1	1	1	4	4	4	1	3	2	1	2	-1	4	3	2	2	4	2	1	1	3	3	3	2	4	4	4	3	4	1	3	3	3	3	4	1	3	3	1	1	3	3	4	4	2	1	4	1	2	1	1	2	4	0	3	1	1	0	1	1	4	1	2	1	1	4	1	4	4	4	1	3	4	1	3	2	1	2	4	1	1	1	1	2	4	0	4	3	2	0	4	4	3	1	4	3	1	0	0	1	2	2	4	2	1	2	3	2	2	2	3	3	4	3	4	3	1	1	3	3	3	3	3	1	2	1	3	3	4	2	3	4	1	3	2	3	0	0
73	Mz-0	3	2	1	3	3	4	1	1	2	0	4	3	1	4	2	4	4	1	2	2	2	2	4	4	1	4	3	4	2	1	1	1	1	3	2	4	1	2	3	2	3	3	3	3	3	2	3	1	3	1	0	3	3	0	4	4	2	2	1	4	1	3	4	2	2	3	1	1	1	3	1	4	1	2	1	1	1	1	4	4	2	1	3	3	3	3	1	3	2	4	1	1	2	2	2	3	4	3	3	4	2	4	4	3	3	4	3	1	2	0	4	2	4	0	1	1	2	4	2	2	4	3	3	3	3	3	3	3	1	1	1	0	2	3	2	4	3	1	1	3	3	1	2	1	3	2	3	1	0
74	Wt-5	1	2	1	4	1	2	1	4	4	2	2	1	1	4	4	4	3	1	3	2	1	2	4	2	1	4	2	1	0	1	1	1	3	4	4	2	1	2	3	4	1	0	2	3	3	2	3	1	1	3	0	3	3	0	2	4	0	0	2	4	1	1	2	2	2	3	2	3	1	1	0	4	4	4	1	1	4	3	4	1	2	1	3	4	3	1	2	3	2	2	1	1	0	2	4	3	0	4	3	2	0	4	4	3	3	2	3	3	2	0	4	2	4	1	0	1	2	0	2	4	2	3	3	3	3	3	3	3	1	0	3	0	2	3	1	2	3	1	1	3	3	1	2	1	3	2	3	1	0
75	Kas-2	3	2	1	4	1	4	3	4	2	2	4	1	3	4	4	3	4	1	2	2	1	2	4	2	3	4	2	0	0	1	2	1	1	3	2	4	1	2	1	2	1	1	2	1	3	2	1	3	1	1	0	3	3	0	4	4	1	2	1	4	2	1	2	4	2	3	2	3	0	3	4	4	4	4	3	1	4	1	2	1	4	3	3	3	3	3	2	1	2	2	1	1	2	2	4	4	4	3	1	2	4	4	2	2	3	2	3	3	2	3	4	1	2	4	0	3	4	0	2	2	2	3	3	4	3	3	3	3	3	3	1	3	3	1	2	2	1	1	3	3	2	1	4	1	3	4	3	1	1
76	Ct-1	3	1	3	4	3	2	1	1	2	3	2	1	3	4	2	4	4	1	2	2	1	2	2	4	1	2	2	1	0	3	2	1	3	3	4	4	1	4	3	2	1	1	3	1	3	4	3	3	1	1	3	3	3	4	4	4	1	0	1	0	1	1	4	4	2	3	2	1	0	1	4	4	1	2	3	2	4	1	2	1	2	3	3	4	3	3	2	1	2	2	1	3	2	2	4	3	4	3	3	4	2	1	4	2	3	4	3	3	4	2	1	1	4	1	0	1	0	3	2	2	4	3	3	4	3	4	3	3	1	3	0	0	3	3	2	2	3	1	1	3	2	1	4	1	3	2	1	4	1
77	Mr-0	3	1	1	4	3	2	1	4	2	2	2	3	1	1	2	3	3	2	2	4	1	2	2	4	3	4	3	1	2	3	0	3	3	3	2	4	0	2	0	4	3	3	2	3	3	2	3	1	1	1	3	3	3	0	2	4	1	0	2	0	1	1	2	2	1	3	1	3	0	3	0	1	1	2	1	2	1	3	2	1	4	3	3	3	1	3	2	1	2	4	1	1	1	2	4	4	2	3	1	4	4	4	4	2	3	4	3	3	2	3	1	2	4	1	2	1	0	3	3	2	2	3	3	4	3	3	4	3	3	1	0	0	3	1	2	2	3	3	3	4	2	3	2	3	3	4	3	1	3
78	Tsu-1	1	2	3	3	3	4	1	4	4	2	2	3	1	4	2	3	4	1	2	2	2	2	4	2	1	4	2	1	2	1	2	3	1	3	4	4	0	2	3	4	3	1	2	3	1	2	1	3	3	1	3	3	3	2	2	2	1	2	1	4	1	3	4	2	1	3	1	1	1	3	1	4	0	2	3	2	4	1	4	1	2	1	3	3	3	1	1	3	4	2	1	3	2	2	4	4	2	3	3	2	4	4	4	3	1	4	4	1	2	3	4	2	4	4	2	1	2	4	2	4	2	3	3	4	3	3	4	3	3	3	0	3	2	3	2	2	3	1	1	3	2	3	4	1	1	4	1	1	3
79	Mt-0	1	1	1	3	3	4	3	1	2	2	4	3	1	4	0	3	3	1	2	2	1	2	2	0	1	0	2	4	2	1	1	1	1	3	4	2	1	4	0	2	3	3	3	3	1	4	3	1	0	3	0	3	1	4	4	2	2	2	2	2	1	1	0	2	2	3	2	3	0	3	4	4	4	2	1	1	1	1	2	1	2	3	3	4	1	3	1	3	4	2	3	1	1	1	2	4	2	4	1	4	2	4	4	3	3	4	4	1	0	0	4	1	4	4	1	1	0	0	2	2	4	3	3	4	3	3	3	3	1	1	1	3	2	1	2	2	3	1	1	3	3	3	4	1	3	2	1	1	3
80	Nok-3	1	1	1	3	3	4	3	4	2	3	2	3	1	1	4	3	3	2	3	4	1	4	2	2	1	4	3	1	2	1	1	1	3	3	4	4	1	2	3	2	3	3	2	3	1	4	3	1	1	1	1	4	3	4	4	2	2	2	1	4	3	3	4	4	2	3	1	3	0	3	4	4	1	2	3	1	4	1	4	1	2	3	1	3	3	3	1	1	2	2	1	1	2	2	4	3	0	4	1	2	2	1	4	3	1	4	4	1	0	0	0	0	4	0	1	3	2	0	2	2	2	1	3	4	3	4	4	1	1	1	1	1	4	3	2	4	3	3	3	3	3	3	4	1	1	2	1	1	1
81	Wa-1	3	2	1	4	3	4	1	4	2	0	2	3	3	4	4	3	4	1	2	4	1	2	2	0	1	4	2	1	2	3	0	3	3	3	4	4	4	4	1	4	1	1	3	3	3	4	1	3	1	1	3	4	3	4	4	4	1	4	2	0	3	3	4	4	2	3	2	1	0	3	0	4	4	2	1	1	1	0	4	1	2	3	3	3	3	3	2	1	2	4	1	3	2	0	2	4	2	4	3	4	2	4	4	3	1	4	3	3	2	2	4	0	4	4	2	1	2	3	2	2	4	3	3	4	1	4	4	3	3	3	0	3	3	1	2	4	3	1	1	3	2	1	4	1	3	2	3	4	0
82	Fei-0	3	2	1	4	1	4	3	1	2	2	2	3	1	4	2	3	3	1	2	2	1	0	4	4	3	4	2	1	0	3	2	3	1	4	2	4	4	2	3	2	3	3	2	3	1	2	1	1	1	3	1	3	1	0	4	2	0	0	2	2	2	1	0	4	2	3	2	3	3	3	1	4	0	4	3	1	1	1	4	4	4	3	3	3	6	1	1	3	2	2	3	1	1	0	4	4	4	4	3	4	4	1	4	2	1	2	4	1	0	0	1	0	2	1	0	1	4	0	2	0	2	1	1	0	3	3	3	1	1	1	3	3	3	1	2	2	3	0	3	3	3	1	2	1	1	2	1	1	0
83	Se-0	1	1	1	3	3	4	1	4	4	2	2	3	3	4	2	4	3	1	3	2	1	4	4	0	3	4	2	1	0	1	2	1	3	3	2	4	1	2	1	4	3	1	3	3	3	4	1	1	1	3	0	3	1	0	2	4	1	4	1	2	3	3	4	4	2	4	1	1	3	3	4	1	1	4	3	1	4	1	4	1	4	3	3	4	3	1	1	3	4	2	1	1	2	1	4	4	2	4	3	2	4	4	4	3	3	4	3	1	0	0	4	2	2	4	0	1	2	0	3	2	2	1	3	4	1	3	3	3	3	3	1	3	3	1	1	4	3	1	3	3	3	3	2	1	1	4	3	1	3
84	Ts-1	1	1	3	3	1	4	3	1	4	3	2	1	3	4	4	3	3	2	3	4	1	4	4	4	3	4	3	1	0	3	0	3	3	4	2	2	1	2	1	4	3	1	2	1	3	4	3	1	1	1	3	3	1	4	4	2	1	4	2	0	3	3	4	2	0	4	1	1	3	0	1	1	4	4	3	2	4	1	4	1	4	3	3	4	3	1	1	3	2	2	1	1	2	2	4	4	2	4	1	4	4	4	4	2	3	4	3	3	4	0	4	1	4	4	0	0	0	4	2	2	2	1	3	4	3	4	3	3	3	3	3	0	2	1	1	2	1	3	1	4	3	3	2	1	1	4	3	1	3
85	Ts-5	3	1	3	3	1	4	3	1	4	2	2	3	3	1	0	4	3	1	3	2	1	4	4	4	3	4	3	4	2	1	1	3	1	4	4	4	1	2	1	4	1	1	2	3	3	4	3	1	1	3	3	3	1	2	2	2	2	0	2	0	1	1	2	2	2	4	1	1	1	1	4	1	1	4	3	1	4	1	4	1	4	3	3	4	3	1	2	3	4	2	1	1	2	2	4	4	2	4	3	4	4	1	4	2	3	4	3	1	4	2	4	2	4	4	1	1	0	4	3	2	2	3	1	3	3	3	3	3	3	1	3	3	3	3	1	2	0	3	1	4	2	3	2	1	3	4	3	1	1
86	Pro-0	1	1	1	3	3	4	3	4	4	3	0	3	3	1	2	3	3	0	2	4	1	2	4	2	1	2	3	1	2	3	0	3	3	3	4	2	0	2	3	4	1	3	3	3	1	2	1	3	3	1	1	4	1	4	2	2	1	0	2	2	3	3	4	4	2	4	1	1	3	3	4	4	0	4	3	1	1	1	4	4	4	1	1	3	1	3	2	3	4	2	3	1	2	1	2	3	4	3	3	2	4	4	2	3	1	4	3	1	4	3	1	1	4	4	0	3	2	0	3	4	2	1	1	0	3	4	3	1	3	3	3	1	2	1	1	2	0	3	1	3	3	1	2	1	1	2	1	1	1
87	LL-0	3	2	3	3	3	4	1	4	4	3	2	3	3	4	4	4	3	1	2	0	1	2	4	4	3	4	2	1	2	1	2	1	1	4	4	2	1	2	1	4	3	1	3	3	3	4	3	1	3	1	3	3	3	0	2	2	2	4	2	2	1	3	4	2	2	4	1	1	0	3	4	1	4	4	3	2	4	1	4	1	0	3	3	4	3	1	2	1	2	2	1	1	2	2	2	3	0	4	1	4	2	1	4	2	3	4	3	3	4	2	4	1	4	4	2	1	2	0	3	2	2	1	3	4	3	4	3	3	3	0	3	3	2	0	1	2	1	3	3	4	3	1	2	1	1	4	3	1	1
88	Kondara	1	2	1	4	1	4	3	4	2	2	2	1	3	4	4	3	4	1	2	4	1	4	2	2	1	4	3	4	2	1	1	1	1	3	2	4	1	2	1	2	1	1	2	1	3	2	1	1	1	3	1	3	1	4	4	4	1	2	1	4	1	1	2	4	1	3	2	3	0	3	4	4	4	4	1	2	4	1	2	1	2	3	3	3	1	3	2	1	2	2	1	1	-1	2	2	4	0	3	1	2	2	4	2	2	3	4	4	3	2	3	0	0	2	0	1	3	4	0	2	2	4	3	3	4	3	4	3	3	3	0	1	3	2	0	2	4	1	1	3	4	2	1	4	1	3	4	3	1	1
89	Shahdara	3	2	1	4	1	4	3	4	2	2	2	1	3	4	2	3	4	1	3	2	1	4	2	2	1	2	3	1	0	1	2	1	1	3	2	2	1	2	1	4	3	0	2	1	3	2	1	0	1	3	0	3	1	4	4	4	1	2	1	4	1	1	2	0	2	3	1	3	0	3	0	4	4	4	3	1	4	1	2	1	2	3	3	3	1	3	2	3	2	2	1	1	-1	2	2	4	0	3	1	2	2	4	2	2	3	4	4	3	2	0	4	1	2	0	1	3	4	0	2	2	4	3	3	4	3	4	4	1	3	1	0	1	2	3	2	4	1	1	3	4	2	1	4	1	3	4	3	1	0
90	Sorbo	1	2	1	4	1	4	1	4	2	2	2	1	3	4	2	3	4	0	3	2	1	0	2	2	1	2	2	1	2	1	0	1	1	3	2	4	1	2	1	2	1	1	2	1	3	2	1	3	1	3	1	3	3	0	4	4	0	0	1	4	0	1	2	4	1	3	1	0	1	3	4	4	4	4	3	2	1	0	2	1	2	3	3	3	1	3	2	1	2	2	0	1	-1	0	2	4	0	3	3	4	2	1	2	2	3	4	4	3	2	2	4	1	2	0	0	3	4	0	2	2	4	3	3	4	3	4	4	1	3	1	0	3	2	1	2	4	1	1	3	3	2	3	2	1	3	0	3	1	1
91	Kin-0	3	2	3	4	3	4	3	4	4	2	2	3	1	4	4	4	3	1	2	4	1	4	2	2	1	4	3	1	2	3	2	1	1	4	2	4	1	4	0	2	3	3	0	3	3	4	0	3	3	1	3	3	1	4	4	2	2	0	1	0	0	3	4	0	1	3	1	1	3	3	1	1	1	2	1	1	4	0	2	1	4	3	3	3	3	1	2	3	4	2	3	1	2	2	4	3	0	4	3	2	4	1	2	2	3	2	4	1	4	0	4	1	2	4	0	3	0	0	2	2	2	3	1	3	1	4	3	1	3	3	1	0	3	3	1	2	0	1	1	3	3	1	4	1	1	2	3	1	0
92	Ms-0	3	2	1	4	3	2	1	4	2	2	2	1	3	4	4	3	4	1	2	4	1	4	2	2	1	2	2	1	4	3	0	1	3	3	4	4	1	2	1	4	3	1	0	1	3	4	0	3	1	1	3	4	3	4	4	4	1	2	1	4	0	1	2	4	2	3	1	1	3	6	4	4	1	2	3	2	4	0	4	1	2	3	1	3	1	0	2	3	2	2	1	6	1	2	0	4	0	0	0	0	2	4	2	2	1	2	3	3	2	0	4	1	2	4	0	6	0	3	3	2	4	3	3	0	3	0	4	3	3	1	3	3	2	3	2	4	1	1	1	3	2	3	4	1	3	2	1	4	1
93	Bur-0	1	1	1	3	1	4	1	1	2	3	2	3	1	4	2	4	4	1	3	2	2	2	2	4	3	4	2	1	4	1	2	1	1	3	2	4	4	2	3	4	3	3	0	1	3	4	3	3	1	0	1	3	1	4	4	4	1	2	2	2	1	3	4	2	2	4	0	3	3	1	1	4	1	2	3	1	1	0	2	4	4	3	1	4	3	3	2	1	4	2	1	3	1	1	0	4	0	3	3	4	2	4	4	2	3	2	3	3	4	0	4	1	4	1	1	1	0	4	3	2	2	1	3	4	3	4	4	1	3	1	0	1	3	1	2	2	3	1	3	4	2	1	2	3	1	4	1	1	0
94	Edi-0	1	2	1	3	3	2	1	1	2	3	4	3	1	1	4	4	4	1	3	4	2	2	4	4	1	4	3	1	2	1	2	1	1	3	4	4	4	2	3	2	3	3	2	3	3	4	3	3	0	3	1	4	1	4	2	4	2	2	1	4	3	3	4	4	1	3	1	3	3	3	4	1	1	2	0	2	1	0	4	4	0	1	1	4	1	3	1	1	2	2	3	1	2	2	4	4	0	4	1	2	2	4	4	3	1	2	4	1	2	3	1	1	4	4	0	1	4	0	3	4	4	1	3	4	3	3	3	3	1	3	0	1	2	1	2	4	3	1	1	3	3	3	2	3	3	4	1	1	1
95	Oy-0	1	2	1	3	3	4	3	4	4	2	4	1	1	1	2	3	4	1	3	2	2	2	2	2	3	2	2	1	4	1	1	1	1	3	2	4	1	2	3	4	3	3	3	3	3	2	1	1	1	0	3	3	3	2	2	4	2	2	1	2	1	1	2	2	2	3	0	1	0	3	0	4	4	2	3	1	4	0	4	4	2	3	3	3	3	3	1	1	2	2	1	1	1	2	4	4	2	3	3	2	2	4	4	3	1	2	4	1	2	0	4	1	2	0	2	1	4	4	2	2	4	3	1	4	3	4	0	3	3	0	1	1	2	3	2	2	3	1	1	4	3	1	2	1	1	2	1	1	0
96	Ws-2	1	0	1	0	3	2	3	4	0	2	2	1	1	4	4	3	3	0	3	2	2	2	4	4	1	4	2	4	4	1	1	3	1	3	4	2	1	4	3	4	1	0	3	0	3	2	0	3	3	3	3	3	3	0	2	4	2	0	1	4	3	3	4	4	1	3	0	1	0	3	0	4	4	4	1	2	1	0	4	4	2	1	3	4	1	3	1	1	4	4	0	3	1	2	4	3	4	4	0	4	2	4	4	2	3	0	3	1	0	2	0	2	4	0	2	3	2	0	2	2	4	3	3	4	3	3	3	1	3	1	3	3	3	1	2	4	3	1	3	3	2	1	4	1	3	4	3	1	0
98	M3385S	0	1	0	3	0	0	0	0	4	0	0	0	0	0	0	0	0	0	0	0	0	0	0	0	0	0	0	0	0	0	0	0	0	0	0	0	0	0	0	0	0	0	0	0	0	0	0	0	0	0	0	0	0	0	0	0	0	0	0	0	0	0	0	0	0	0	0	0	0	0	0	0	0	0	0	0	0	0	0	0	0	0	0	0	0	0	0	0	0	0	0	0	0	0	0	0	0	3	3	2	0	0	0	0	0	0	0	0	0	0	0	0	0	0	0	0	0	0	0	0	0	0	0	0	0	0	0	0	0	0	0	0	0	0	0	0	0	0	0	0	0	0	0	0	0	0	0	0	0
289	Kent	0	0	0	0	0	0	0	0	0	0	0	0	0	0	0	0	0	0	0	0	0	0	0	0	0	0	0	0	0	0	0	0	0	0	0	0	0	0	0	0	0	0	0	0	0	0	0	0	0	0	0	0	0	0	0	0	0	0	0	0	0	0	0	0	0	0	0	0	0	0	0	0	0	0	0	0	0	0	0	0	0	0	0	0	0	0	0	0	0	0	0	0	0	0	0	0	0	4	3	0	0	0	0	0	0	0	0	0	0	0	0	0	0	0	0	0	0	0	0	0	0	0	0	0	0	0	0	0	0	0	0	0	0	0	0	0	0	0	0	0	0	0	0	0	0	0	0	0	0
290	Rsch-4	0	0	0	0	0	0	0	0	0	0	0	0	0	0	0	0	0	0	0	0	0	0	0	0	0	0	0	0	0	0	0	0	0	0	0	0	0	0	0	0	0	0	0	0	0	0	0	0	0	0	0	0	0	0	0	0	0	0	0	0	0	0	0	0	0	0	0	0	0	0	0	0	0	0	0	0	0	0	0	0	0	0	0	0	0	0	0	0	0	0	0	0	0	0	0	0	0	4	3	4	0	0	0	0	0	0	0	0	0	0	0	0	0	0	0	0	0	0	0	0	0	0	0	0	0	0	0	0	0	0	0	0	0	0	0	0	0	0	0	0	0	0	0	0	0	0	0	0	0
291	Algutsrum	0	0	0	0	0	0	0	0	0	0	0	0	0	0	0	0	0	0	0	0	0	0	0	0	0	0	0	0	0	0	0	0	0	0	0	0	0	0	0	0	0	0	0	0	0	0	0	0	0	0	0	0	0	0	0	0	0	0	0	0	0	0	0	0	0	0	0	0	0	0	0	0	0	0	0	0	0	0	0	0	0	0	0	0	0	0	0	0	0	0	0	0	0	0	0	0	0	3	3	2	0	0	0	0	0	0	0	0	0	0	0	0	0	0	0	0	0	0	0	0	0	0	0	0	0	0	0	0	0	0	0	0	0	0	0	0	0	0	0	0	0	0	0	0	0	0	0	0	0
292	Lund	0	0	0	0	0	0	0	0	0	0	0	0	0	0	0	0	0	0	0	0	0	0	0	0	0	0	0	0	0	0	0	0	0	0	0	0	0	0	0	0	0	0	0	0	0	0	0	0	0	0	0	0	0	0	0	0	0	0	0	0	0	0	0	0	0	0	0	0	0	0	0	0	0	0	0	0	0	0	0	0	0	0	0	0	0	0	0	0	0	0	0	0	0	0	0	0	0	3	1	0	0	0	0	0	0	0	0	0	0	0	0	0	0	0	0	0	0	0	0	0	0	0	0	0	0	0	0	0	0	0	0	0	0	0	0	0	0	0	0	0	0	0	0	0	0	0	0	0	0
293	Köln	0	0	0	0	0	0	0	0	0	0	0	0	0	0	0	0	0	0	0	0	0	0	0	0	0	0	0	0	0	0	0	0	0	0	0	0	0	0	0	0	0	0	0	0	0	0	0	0	0	0	0	0	0	0	0	0	0	0	0	0	0	0	0	0	0	0	0	0	0	0	0	0	0	0	0	0	0	0	0	0	0	0	0	0	0	0	0	0	0	0	0	0	0	0	0	0	0	4	3	4	0	0	0	0	0	0	0	0	0	0	0	0	0	0	0	0	0	0	0	0	0	0	0	0	0	0	0	0	0	0	0	0	0	0	0	0	0	0	0	0	0	0	0	0	0	0	0	0	0
294	NC-6	0	0	0	0	0	0	0	0	0	0	0	0	0	0	0	0	0	0	0	0	0	0	0	0	0	0	0	0	0	0	0	0	0	0	0	0	0	0	0	0	0	0	0	0	0	0	0	0	0	0	0	0	0	0	0	0	0	0	0	0	0	0	0	0	0	0	0	0	0	0	0	0	0	0	0	0	0	0	0	0	0	0	0	0	0	0	0	0	0	0	0	0	0	0	0	0	0	4	3	4	0	0	0	0	0	0	0	0	0	0	0	0	0	0	0	0	0	0	0	0	0	0	0	0	0	0	0	0	0	0	0	0	0	0	0	0	0	0	0	0	0	0	0	0	0	0	0	0	0
295	Vimmerby	0	0	0	0	0	0	0	0	0	0	0	0	0	0	0	0	0	0	0	0	0	0	0	0	0	0	0	0	0	0	0	0	0	0	0	0	0	0	0	0	0	0	0	0	0	0	0	0	0	0	0	0	0	0	0	0	0	0	0	0	0	0	0	0	0	0	0	0	0	0	0	0	0	0	0	0	0	0	0	0	0	0	0	0	0	0	0	0	0	0	0	0	0	0	0	0	0	3	1	2	0	0	0	0	0	0	0	0	0	0	0	0	0	0	0	0	0	0	0	0	0	0	0	0	0	0	0	0	0	0	0	0	0	0	0	0	0	0	0	0	0	0	0	0	0	0	0	0	0
296	Pu2-8	0	0	0	0	0	0	0	0	0	0	0	0	0	0	0	0	0	0	0	0	0	0	0	0	0	0	0	0	0	0	0	0	0	0	0	0	0	0	0	0	0	0	0	0	0	0	0	0	0	0	0	0	0	0	0	0	0	0	0	0	0	0	0	0	0	0	0	0	0	0	0	0	0	0	0	0	0	0	0	0	0	0	0	0	0	0	0	0	0	0	0	0	0	0	0	0	0	4	3	4	0	0	0	0	0	0	0	0	0	0	0	0	0	0	0	0	0	0	0	0	0	0	0	0	0	0	0	0	0	0	0	0	0	0	0	0	0	0	0	0	0	0	0	0	0	0	0	0	0
297	Dem-4	0	0	0	0	0	0	0	0	0	0	0	0	0	0	0	0	0	0	0	0	0	0	0	0	0	0	0	0	0	0	0	0	0	0	0	0	0	0	0	0	0	0	0	0	0	0	0	0	0	0	0	0	0	0	0	0	0	0	0	0	0	0	0	0	0	0	0	0	0	0	0	0	0	0	0	0	0	0	0	0	0	0	0	0	0	0	0	0	0	0	0	0	0	0	0	0	0	3	0	4	0	0	0	0	0	0	0	0	0	0	0	0	0	0	0	0	0	0	0	0	0	0	0	0	0	0	0	0	0	0	0	0	0	0	0	0	0	0	0	0	0	0	0	0	0	0	0	0	0
298	Kz-13	0	0	0	0	0	0	0	0	0	0	0	0	0	0	0	0	0	0	0	0	0	0	0	0	0	0	0	0	0	0	0	0	0	0	0	0	0	0	0	0	0	0	0	0	0	0	0	0	0	0	0	0	0	0	0	0	0	0	0	0	0	0	0	0	0	0	0	0	0	0	0	0	0	0	0	0	0	0	0	0	0	0	0	0	0	0	0	0	0	0	0	0	0	0	0	0	0	4	3	2	0	0	0	0	0	0	0	0	0	0	0	0	0	0	0	0	0	0	0	0	0	0	0	0	0	0	0	0	0	0	0	0	0	0	0	0	0	0	0	0	0	0	0	0	0	0	0	0	0
299	Bg-2	0	0	0	0	0	0	0	0	0	0	0	0	0	0	0	0	0	0	0	0	0	0	0	0	0	0	0	0	0	0	0	0	0	0	0	0	0	0	0	0	0	0	0	0	0	0	0	0	0	0	0	0	0	0	0	0	0	0	0	0	0	0	0	0	0	0	0	0	0	0	0	0	0	0	0	0	0	0	0	0	0	0	0	0	0	0	0	0	0	0	0	0	0	0	0	0	0	4	3	0	0	0	0	0	0	0	0	0	0	0	0	0	0	0	0	0	0	0	0	0	0	0	0	0	0	0	0	0	0	0	0	0	0	0	0	0	0	0	0	0	0	0	0	0	0	0	0	0	0
300	Sf-1	0	0	0	0	0	0	0	0	0	0	0	0	0	0	0	0	0	0	0	0	0	0	0	0	0	0	0	0	0	0	0	0	0	0	0	0	0	0	0	0	0	0	0	0	0	0	0	0	0	0	0	0	0	0	0	0	0	0	0	0	0	0	0	0	0	0	0	0	0	0	0	0	0	0	0	0	0	0	0	0	0	0	0	0	0	0	0	0	0	0	0	0	0	0	0	0	0	3	1	4	0	0	0	0	0	0	0	0	0	0	0	0	0	0	0	0	0	0	0	0	0	0	0	0	0	0	0	0	0	0	0	0	0	0	0	0	0	0	0	0	0	0	0	0	0	0	0	0	0
301	En-1	0	0	0	0	0	0	0	0	0	0	0	0	0	0	0	0	0	0	0	0	0	0	0	0	0	0	0	0	0	0	0	0	0	0	0	0	0	0	0	0	0	0	0	0	0	0	0	0	0	0	0	0	0	0	0	0	0	0	0	0	0	0	0	0	0	0	0	0	0	0	0	0	0	0	0	0	0	0	0	0	0	0	0	0	0	0	0	0	0	0	0	0	0	0	0	0	0	3	3	4	0	0	0	0	0	0	0	0	0	0	0	0	0	0	0	0	0	0	0	0	0	0	0	0	0	0	0	0	0	0	0	0	0	0	0	0	0	0	0	0	0	0	0	0	0	0	0	0	0
302	Gr-1	0	0	0	0	0	0	0	0	0	0	0	0	0	0	0	0	0	0	0	0	0	0	0	0	0	0	0	0	0	0	0	0	0	0	0	0	0	0	0	0	0	0	0	0	0	0	0	0	0	0	0	0	0	0	0	0	0	0	0	0	0	0	0	0	0	0	0	0	0	0	0	0	0	0	0	0	0	0	0	0	0	0	0	0	0	0	0	0	0	0	0	0	0	0	0	0	0	4	1	2	0	0	0	0	0	0	0	0	0	0	0	0	0	0	0	0	0	0	0	0	0	0	0	0	0	0	0	0	0	0	0	0	0	0	0	0	0	0	0	0	0	0	0	0	0	0	0	0	0
303	Ang-0	0	0	0	0	0	0	0	0	0	0	0	0	0	0	0	0	0	0	0	0	0	0	0	0	0	0	0	0	0	0	0	0	0	0	0	0	0	0	0	0	0	0	0	0	0	0	0	0	0	0	0	0	0	0	0	0	0	0	0	0	0	0	0	0	0	0	0	0	0	0	0	0	0	0	0	0	0	0	0	0	0	0	0	0	0	0	0	0	0	0	0	0	0	0	0	0	0	3	3	2	0	0	0	0	0	0	0	0	0	0	0	0	0	0	0	0	0	0	0	0	0	0	0	0	0	0	0	0	0	0	0	0	0	0	0	0	0	0	0	0	0	0	0	0	0	0	0	0	0
304	PHW-34	0	0	0	0	0	0	0	0	0	0	0	0	0	0	0	0	0	0	0	0	0	0	0	0	0	0	0	0	0	0	0	0	0	0	0	0	0	0	0	0	0	0	0	0	0	0	0	0	0	0	0	0	0	0	0	0	0	0	0	0	0	0	0	0	0	0	0	0	0	0	0	0	0	0	0	0	0	0	0	0	0	0	0	0	0	0	0	0	0	0	0	0	0	0	0	0	0	4	3	4	0	0	0	0	0	0	0	0	0	0	0	0	0	0	0	0	0	0	0	0	0	0	0	0	0	0	0	0	0	0	0	0	0	0	0	0	0	0	0	0	0	0	0	0	0	0	0	0	0
305	Bu-0	0	0	0	0	0	0	0	0	0	0	0	0	0	0	0	0	0	0	0	0	0	0	0	0	0	0	0	0	0	0	0	0	0	0	0	0	0	0	0	0	0	0	0	0	0	0	0	0	0	0	0	0	0	0	0	0	0	0	0	0	0	0	0	0	0	0	0	0	0	0	0	0	0	0	0	0	0	0	0	0	0	0	0	0	0	0	0	0	0	0	0	0	0	0	0	0	0	4	1	0	0	0	0	0	0	0	0	0	0	0	0	0	0	0	0	0	0	0	0	0	0	0	0	0	0	0	0	0	0	0	0	0	0	0	0	0	0	0	0	0	0	0	0	0	0	0	0	0	0
306	Gd-1	0	0	0	0	0	0	0	0	0	0	0	0	0	0	0	0	0	0	0	0	0	0	0	0	0	0	0	0	0	0	0	0	0	0	0	0	0	0	0	0	0	0	0	0	0	0	0	0	0	0	0	0	0	0	0	0	0	0	0	0	0	0	0	0	0	0	0	0	0	0	0	0	0	0	0	0	0	0	0	0	0	0	0	0	0	0	0	0	0	0	0	0	0	0	0	0	0	3	1	4	0	0	0	0	0	0	0	0	0	0	0	0	0	0	0	0	0	0	0	0	0	0	0	0	0	0	0	0	0	0	0	0	0	0	0	0	0	0	0	0	0	0	0	0	0	0	0	0	0
307	Hi-0	0	0	0	0	0	0	0	0	0	0	0	0	0	0	0	0	0	0	0	0	0	0	0	0	0	0	0	0	0	0	0	0	0	0	0	0	0	0	0	0	0	0	0	0	0	0	0	0	0	0	0	0	0	0	0	0	0	0	0	0	0	0	0	0	0	0	0	0	0	0	0	0	0	0	0	0	0	0	0	0	0	0	0	0	0	0	0	0	0	0	0	0	0	0	0	0	0	3	0	0	0	0	0	0	0	0	0	0	0	0	0	0	0	0	0	0	0	0	0	0	0	0	0	0	0	0	0	0	0	0	0	0	0	0	0	0	0	0	0	0	0	0	0	0	0	0	0	0	0
308	Hs-0	0	0	0	0	0	0	0	0	0	0	0	0	0	0	0	0	0	0	0	0	0	0	0	0	0	0	0	0	0	0	0	0	0	0	0	0	0	0	0	0	0	0	0	0	0	0	0	0	0	0	0	0	0	0	0	0	0	0	0	0	0	0	0	0	0	0	0	0	0	0	0	0	0	0	0	0	0	0	0	0	0	0	0	0	0	0	0	0	0	0	0	0	0	0	0	0	0	3	3	0	0	0	0	0	0	0	0	0	0	0	0	0	0	0	0	0	0	0	0	0	0	0	0	0	0	0	0	0	0	0	0	0	0	0	0	0	0	0	0	0	0	0	0	0	0	0	0	0	0
309	Is-0	0	0	0	0	0	0	0	0	0	0	0	0	0	0	0	0	0	0	0	0	0	0	0	0	0	0	0	0	0	0	0	0	0	0	0	0	0	0	0	0	0	0	0	0	0	0	0	0	0	0	0	0	0	0	0	0	0	0	0	0	0	0	0	0	0	0	0	0	0	0	0	0	0	0	0	0	0	0	0	0	0	0	0	0	0	0	0	0	0	0	0	0	0	0	0	0	0	4	3	0	0	0	0	0	0	0	0	0	0	0	0	0	0	0	0	0	0	0	0	0	0	0	0	0	0	0	0	0	0	0	0	0	0	0	0	0	0	0	0	0	0	0	0	0	0	0	0	0	0
310	Jm-0	0	0	0	0	0	0	0	0	0	0	0	0	0	0	0	0	0	0	0	0	0	0	0	0	0	0	0	0	0	0	0	0	0	0	0	0	0	0	0	0	0	0	0	0	0	0	0	0	0	0	0	0	0	0	0	0	0	0	0	0	0	0	0	0	0	0	0	0	0	0	0	0	0	0	0	0	0	0	0	0	0	0	0	0	0	0	0	0	0	0	0	0	0	0	0	0	0	4	3	4	0	0	0	0	0	0	0	0	0	0	0	0	0	0	0	0	0	0	0	0	0	0	0	0	0	0	0	0	0	0	0	0	0	0	0	0	0	0	0	0	0	0	0	0	0	0	0	0	0
311	Ka-0	0	0	0	0	0	0	0	0	0	0	0	0	0	0	0	0	0	0	0	0	0	0	0	0	0	0	0	0	0	0	0	0	0	0	0	0	0	0	0	0	0	0	0	0	0	0	0	0	0	0	0	0	0	0	0	0	0	0	0	0	0	0	0	0	0	0	0	0	0	0	0	0	0	0	0	0	0	0	0	0	0	0	0	0	0	0	0	0	0	0	0	0	0	0	0	0	0	4	1	2	0	0	0	0	0	0	0	0	0	0	0	0	0	0	0	0	0	0	0	0	0	0	0	0	0	0	0	0	0	0	0	0	0	0	0	0	0	0	0	0	0	0	0	0	0	0	0	0	0
312	Rd-0	0	0	0	0	0	0	0	0	0	0	0	0	0	0	0	0	0	0	0	0	0	0	0	0	0	0	0	0	0	0	0	0	0	0	0	0	0	0	0	0	0	0	0	0	0	0	0	0	0	0	0	0	0	0	0	0	0	0	0	0	0	0	0	0	0	0	0	0	0	0	0	0	0	0	0	0	0	0	0	0	0	0	0	0	0	0	0	0	0	0	0	0	0	0	0	0	0	4	1	4	0	0	0	0	0	0	0	0	0	0	0	0	0	0	0	0	0	0	0	0	0	0	0	0	0	0	0	0	0	0	0	0	0	0	0	0	0	0	0	0	0	0	0	0	0	0	0	0	0
313	PHW-2	0	0	0	0	0	0	0	0	0	0	0	0	0	0	0	0	0	0	0	0	0	0	0	0	0	0	0	0	0	0	0	0	0	0	0	0	0	0	0	0	0	0	0	0	0	0	0	0	0	0	0	0	0	0	0	0	0	0	0	0	0	0	0	0	0	0	0	0	0	0	0	0	0	0	0	0	0	0	0	0	0	0	0	0	0	0	0	0	0	0	0	0	0	0	0	0	0	4	0	0	0	0	0	0	0	0	0	0	0	0	0	0	0	0	0	0	0	0	0	0	0	0	0	0	0	0	0	0	0	0	0	0	0	0	0	0	0	0	0	0	0	0	0	0	0	0	0	0	0
314	Seattle-0	0	0	0	0	0	0	0	0	0	0	0	0	0	0	0	0	0	0	0	0	0	0	0	0	0	0	0	0	0	0	0	0	0	0	0	0	0	0	0	0	0	0	0	0	0	0	0	0	0	0	0	0	0	0	0	0	0	0	0	0	0	0	0	0	0	0	0	0	0	0	0	0	0	0	0	0	0	0	0	0	0	0	0	0	0	0	0	0	0	0	0	0	0	0	0	0	0	4	0	2	0	0	0	0	0	0	0	0	0	0	0	0	0	0	0	0	0	0	0	0	0	0	0	0	0	0	0	0	0	0	0	0	0	0	0	0	0	0	0	0	0	0	0	0	0	0	0	0	0
315	Alc-0	0	0	0	0	0	0	0	0	0	0	0	0	0	0	0	0	0	0	0	0	0	0	0	0	0	0	0	0	0	0	0	0	0	0	0	0	0	0	0	0	0	0	0	0	0	0	0	0	0	0	0	0	0	0	0	0	0	0	0	0	0	0	0	0	0	0	0	0	0	0	0	0	0	0	0	0	0	0	0	0	0	0	0	0	0	0	0	0	0	0	0	0	0	0	0	0	0	4	3	0	0	0	0	0	0	0	0	0	0	0	0	0	0	0	0	0	0	0	0	0	0	0	0	0	0	0	0	0	0	0	0	0	0	0	0	0	0	0	0	0	0	0	0	0	0	0	0	0	0
316	Bla-1	0	0	0	0	0	0	0	0	0	0	0	0	0	0	0	0	0	0	0	0	0	0	0	0	0	0	0	0	0	0	0	0	0	0	0	0	0	0	0	0	0	0	0	0	0	0	0	0	0	0	0	0	0	0	0	0	0	0	0	0	0	0	0	0	0	0	0	0	0	0	0	0	0	0	0	0	0	0	0	0	0	0	0	0	0	0	0	0	0	0	0	0	0	0	0	0	0	4	1	0	0	0	0	0	0	0	0	0	0	0	0	0	0	0	0	0	0	0	0	0	0	0	0	0	0	0	0	0	0	0	0	0	0	0	0	0	0	0	0	0	0	0	0	0	0	0	0	0	0
317	Blh-1	0	0	0	0	0	0	0	0	0	0	0	0	0	0	0	0	0	0	0	0	0	0	0	0	0	0	0	0	0	0	0	0	0	0	0	0	0	0	0	0	0	0	0	0	0	0	0	0	0	0	0	0	0	0	0	0	0	0	0	0	0	0	0	0	0	0	0	0	0	0	0	0	0	0	0	0	0	0	0	0	0	0	0	0	0	0	0	0	0	0	0	0	0	0	0	0	0	3	1	2	0	0	0	0	0	0	0	0	0	0	0	0	0	0	0	0	0	0	0	0	0	0	0	0	0	0	0	0	0	0	0	0	0	0	0	0	0	0	0	0	0	0	0	0	0	0	0	0	0
318	Bs-1	0	0	0	0	0	0	0	0	0	0	0	0	0	0	0	0	0	0	0	0	0	0	0	0	0	0	0	0	0	0	0	0	0	0	0	0	0	0	0	0	0	0	0	0	0	0	0	0	0	0	0	0	0	0	0	0	0	0	0	0	0	0	0	0	0	0	0	0	0	0	0	0	0	0	0	0	0	0	0	0	0	0	0	0	0	0	0	0	0	0	0	0	0	0	0	0	0	3	3	4	0	0	0	0	0	0	0	0	0	0	0	0	0	0	0	0	0	0	0	0	0	0	0	0	0	0	0	0	0	0	0	0	0	0	0	0	0	0	0	0	0	0	0	0	0	0	0	0	0
319	Can-0	0	0	0	0	0	0	0	0	0	0	0	0	0	0	0	0	0	0	0	0	0	0	0	0	0	0	0	0	0	0	0	0	0	0	0	0	0	0	0	0	0	0	0	0	0	0	0	0	0	0	0	0	0	0	0	0	0	0	0	0	0	0	0	0	0	0	0	0	0	0	0	0	0	0	0	0	0	0	0	0	0	0	0	0	0	0	0	0	0	0	0	0	0	0	0	0	0	4	3	4	0	0	0	0	0	0	0	0	0	0	0	0	0	0	0	0	0	0	0	0	0	0	0	0	0	0	0	0	0	0	0	0	0	0	0	0	0	0	0	0	0	0	0	0	0	0	0	0	0
320	Cen-0	0	0	0	0	0	0	0	0	0	0	0	0	0	0	0	0	0	0	0	0	0	0	0	0	0	0	0	0	0	0	0	0	0	0	0	0	0	0	0	0	0	0	0	0	0	0	0	0	0	0	0	0	0	0	0	0	0	0	0	0	0	0	0	0	0	0	0	0	0	0	0	0	0	0	0	0	0	0	0	0	0	0	0	0	0	0	0	0	0	0	0	0	0	0	0	0	0	4	3	2	0	0	0	0	0	0	0	0	0	0	0	0	0	0	0	0	0	0	0	0	0	0	0	0	0	0	0	0	0	0	0	0	0	0	0	0	0	0	0	0	0	0	0	0	0	0	0	0	0
321	Co	0	0	0	0	0	0	0	0	0	0	0	0	0	0	0	0	0	0	0	0	0	0	0	0	0	0	0	0	0	0	0	0	0	0	0	0	0	0	0	0	0	0	0	0	0	0	0	0	0	0	0	0	0	0	0	0	0	0	0	0	0	0	0	0	0	0	0	0	0	0	0	0	0	0	0	0	0	0	0	0	0	0	0	0	0	0	0	0	0	0	0	0	0	0	0	0	0	4	0	0	0	0	0	0	0	0	0	0	0	0	0	0	0	0	0	0	0	0	0	0	0	0	0	0	0	0	0	0	0	0	0	0	0	0	0	0	0	0	0	0	0	0	0	0	0	0	0	0	0
322	Ge-0	0	0	0	0	0	0	0	0	0	0	0	0	0	0	0	0	0	0	0	0	0	0	0	0	0	0	0	0	0	0	0	0	0	0	0	0	0	0	0	0	0	0	0	0	0	0	0	0	0	0	0	0	0	0	0	0	0	0	0	0	0	0	0	0	0	0	0	0	0	0	0	0	0	0	0	0	0	0	0	0	0	0	0	0	0	0	0	0	0	0	0	0	0	0	0	0	0	4	3	4	0	0	0	0	0	0	0	0	0	0	0	0	0	0	0	0	0	0	0	0	0	0	0	0	0	0	0	0	0	0	0	0	0	0	0	0	0	0	0	0	0	0	0	0	0	0	0	0	0
323	H55	0	0	0	0	0	0	0	0	0	0	0	0	0	0	0	0	0	0	0	0	0	0	0	0	0	0	0	0	0	0	0	0	0	0	0	0	0	0	0	0	0	0	0	0	0	0	0	0	0	0	0	0	0	0	0	0	0	0	0	0	0	0	0	0	0	0	0	0	0	0	0	0	0	0	0	0	0	0	0	0	0	0	0	0	0	0	0	0	0	0	0	0	0	0	0	0	0	3	3	2	0	0	0	0	0	0	0	0	0	0	0	0	0	0	0	0	0	0	0	0	0	0	0	0	0	0	0	0	0	0	0	0	0	0	0	0	0	0	0	0	0	0	0	0	0	0	0	0	0
324	In-0	0	0	0	0	0	0	0	0	0	0	0	0	0	0	0	0	0	0	0	0	0	0	0	0	0	0	0	0	0	0	0	0	0	0	0	0	0	0	0	0	0	0	0	0	0	0	0	0	0	0	0	0	0	0	0	0	0	0	0	0	0	0	0	0	0	0	0	0	0	0	0	0	0	0	0	0	0	0	0	0	0	0	0	0	0	0	0	0	0	0	0	0	0	0	0	0	0	4	1	0	0	0	0	0	0	0	0	0	0	0	0	0	0	0	0	0	0	0	0	0	0	0	0	0	0	0	0	0	0	0	0	0	0	0	0	0	0	0	0	0	0	0	0	0	0	0	0	0	0
325	Lc-0	0	0	0	0	0	0	0	0	0	0	0	0	0	0	0	0	0	0	0	0	0	0	0	0	0	0	0	0	0	0	0	0	0	0	0	0	0	0	0	0	0	0	0	0	0	0	0	0	0	0	0	0	0	0	0	0	0	0	0	0	0	0	0	0	0	0	0	0	0	0	0	0	0	0	0	0	0	0	0	0	0	0	0	0	0	0	0	0	0	0	0	0	0	0	0	0	0	3	3	4	0	0	0	0	0	0	0	0	0	0	0	0	0	0	0	0	0	0	0	0	0	0	0	0	0	0	0	0	0	0	0	0	0	0	0	0	0	0	0	0	0	0	0	0	0	0	0	0	0
326	Lip-0	0	0	0	0	0	0	0	0	0	0	0	0	0	0	0	0	0	0	0	0	0	0	0	0	0	0	0	0	0	0	0	0	0	0	0	0	0	0	0	0	0	0	0	0	0	0	0	0	0	0	0	0	0	0	0	0	0	0	0	0	0	0	0	0	0	0	0	0	0	0	0	0	0	0	0	0	0	0	0	0	0	0	0	0	0	0	0	0	0	0	0	0	0	0	0	0	0	4	3	2	0	0	0	0	0	0	0	0	0	0	0	0	0	0	0	0	0	0	0	0	0	0	0	0	0	0	0	0	0	0	0	0	0	0	0	0	0	0	0	0	0	0	0	0	0	0	0	0	0
327	Lm-2	0	0	0	0	0	0	0	0	0	0	0	0	0	0	0	0	0	0	0	0	0	0	0	0	0	0	0	0	0	0	0	0	0	0	0	0	0	0	0	0	0	0	0	0	0	0	0	0	0	0	0	0	0	0	0	0	0	0	0	0	0	0	0	0	0	0	0	0	0	0	0	0	0	0	0	0	0	0	0	0	0	0	0	0	0	0	0	0	0	0	0	0	0	0	0	0	0	3	3	4	0	0	0	0	0	0	0	0	0	0	0	0	0	0	0	0	0	0	0	0	0	0	0	0	0	0	0	0	0	0	0	0	0	0	0	0	0	0	0	0	0	0	0	0	0	0	0	0	0
328	Lu-1	0	0	0	0	0	0	0	0	0	0	0	0	0	0	0	0	0	0	0	0	0	0	0	0	0	0	0	0	0	0	0	0	0	0	0	0	0	0	0	0	0	0	0	0	0	0	0	0	0	0	0	0	0	0	0	0	0	0	0	0	0	0	0	0	0	0	0	0	0	0	0	0	0	0	0	0	0	0	0	0	0	0	0	0	0	0	0	0	0	0	0	0	0	0	0	0	0	4	0	4	0	0	0	0	0	0	0	0	0	0	0	0	0	0	0	0	0	0	0	0	0	0	0	0	0	0	0	0	0	0	0	0	0	0	0	0	0	0	0	0	0	0	0	0	0	0	0	0	0
329	Mir-0	0	0	0	0	0	0	0	0	0	0	0	0	0	0	0	0	0	0	0	0	0	0	0	0	0	0	0	0	0	0	0	0	0	0	0	0	0	0	0	0	0	0	0	0	0	0	0	0	0	0	0	0	0	0	0	0	0	0	0	0	0	0	0	0	0	0	0	0	0	0	0	0	0	0	0	0	0	0	0	0	0	0	0	0	0	0	0	0	0	0	0	0	0	0	0	0	0	3	0	4	0	0	0	0	0	0	0	0	0	0	0	0	0	0	0	0	0	0	0	0	0	0	0	0	0	0	0	0	0	0	0	0	0	0	0	0	0	0	0	0	0	0	0	0	0	0	0	0	0
330	Na-1	0	0	0	0	0	0	0	0	0	0	0	0	0	0	0	0	0	0	0	0	0	0	0	0	0	0	0	0	0	0	0	0	0	0	0	0	0	0	0	0	0	0	0	0	0	0	0	0	0	0	0	0	0	0	0	0	0	0	0	0	0	0	0	0	0	0	0	0	0	0	0	0	0	0	0	0	0	0	0	0	0	0	0	0	0	0	0	0	0	0	0	0	0	0	0	0	0	4	3	4	0	0	0	0	0	0	0	0	0	0	0	0	0	0	0	0	0	0	0	0	0	0	0	0	0	0	0	0	0	0	0	0	0	0	0	0	0	0	0	0	0	0	0	0	0	0	0	0	0
331	Nw-0	0	0	0	0	0	0	0	0	0	0	0	0	0	0	0	0	0	0	0	0	0	0	0	0	0	0	0	0	0	0	0	0	0	0	0	0	0	0	0	0	0	0	0	0	0	0	0	0	0	0	0	0	0	0	0	0	0	0	0	0	0	0	0	0	0	0	0	0	0	0	0	0	0	0	0	0	0	0	0	0	0	0	0	0	0	0	0	0	0	0	0	0	0	0	0	0	0	4	0	0	0	0	0	0	0	0	0	0	0	0	0	0	0	0	0	0	0	0	0	0	0	0	0	0	0	0	0	0	0	0	0	0	0	0	0	0	0	0	0	0	0	0	0	0	0	0	0	0	0
332	Ost-0	0	0	0	0	0	0	0	0	0	0	0	0	0	0	0	0	0	0	0	0	0	0	0	0	0	0	0	0	0	0	0	0	0	0	0	0	0	0	0	0	0	0	0	0	0	0	0	0	0	0	0	0	0	0	0	0	0	0	0	0	0	0	0	0	0	0	0	0	0	0	0	0	0	0	0	0	0	0	0	0	0	0	0	0	0	0	0	0	0	0	0	0	0	0	0	0	0	3	3	0	0	0	0	0	0	0	0	0	0	0	0	0	0	0	0	0	0	0	0	0	0	0	0	0	0	0	0	0	0	0	0	0	0	0	0	0	0	0	0	0	0	0	0	0	0	0	0	0	0
333	Pa-1	0	0	0	0	0	0	0	0	0	0	0	0	0	0	0	0	0	0	0	0	0	0	0	0	0	0	0	0	0	0	0	0	0	0	0	0	0	0	0	0	0	0	0	0	0	0	0	0	0	0	0	0	0	0	0	0	0	0	0	0	0	0	0	0	0	0	0	0	0	0	0	0	0	0	0	0	0	0	0	0	0	0	0	0	0	0	0	0	0	0	0	0	0	0	0	0	0	4	3	4	0	0	0	0	0	0	0	0	0	0	0	0	0	0	0	0	0	0	0	0	0	0	0	0	0	0	0	0	0	0	0	0	0	0	0	0	0	0	0	0	0	0	0	0	0	0	0	0	0
334	Per-1	0	0	0	0	0	0	0	0	0	0	0	0	0	0	0	0	0	0	0	0	0	0	0	0	0	0	0	0	0	0	0	0	0	0	0	0	0	0	0	0	0	0	0	0	0	0	0	0	0	0	0	0	0	0	0	0	0	0	0	0	0	0	0	0	0	0	0	0	0	0	0	0	0	0	0	0	0	0	0	0	0	0	0	0	0	0	0	0	0	0	0	0	0	0	0	0	0	0	1	2	0	0	0	0	0	0	0	0	0	0	0	0	0	0	0	0	0	0	0	0	0	0	0	0	0	0	0	0	0	0	0	0	0	0	0	0	0	0	0	0	0	0	0	0	0	0	0	0	0
335	Petergof	0	0	0	0	0	0	0	0	0	0	0	0	0	0	0	0	0	0	0	0	0	0	0	0	0	0	0	0	0	0	0	0	0	0	0	0	0	0	0	0	0	0	0	0	0	0	0	0	0	0	0	0	0	0	0	0	0	0	0	0	0	0	0	0	0	0	0	0	0	0	0	0	0	0	0	0	0	0	0	0	0	0	0	0	0	0	0	0	0	0	0	0	0	0	0	0	0	3	1	2	0	0	0	0	0	0	0	0	0	0	0	0	0	0	0	0	0	0	0	0	0	0	0	0	0	0	0	0	0	0	0	0	0	0	0	0	0	0	0	0	0	0	0	0	0	0	0	0	0
336	Pi-0	0	0	0	0	0	0	0	0	0	0	0	0	0	0	0	0	0	0	0	0	0	0	0	0	0	0	0	0	0	0	0	0	0	0	0	0	0	0	0	0	0	0	0	0	0	0	0	0	0	0	0	0	0	0	0	0	0	0	0	0	0	0	0	0	0	0	0	0	0	0	0	0	0	0	0	0	0	0	0	0	0	0	0	0	0	0	0	0	0	0	0	0	0	0	0	0	0	4	3	2	0	0	0	0	0	0	0	0	0	0	0	0	0	0	0	0	0	0	0	0	0	0	0	0	0	0	0	0	0	0	0	0	0	0	0	0	0	0	0	0	0	0	0	0	0	0	0	0	0
337	Pla-0	0	0	0	0	0	0	0	0	0	0	0	0	0	0	0	0	0	0	0	0	0	0	0	0	0	0	0	0	0	0	0	0	0	0	0	0	0	0	0	0	0	0	0	0	0	0	0	0	0	0	0	0	0	0	0	0	0	0	0	0	0	0	0	0	0	0	0	0	0	0	0	0	0	0	0	0	0	0	0	0	0	0	0	0	0	0	0	0	0	0	0	0	0	0	0	0	0	4	0	0	0	0	0	0	0	0	0	0	0	0	0	0	0	0	0	0	0	0	0	0	0	0	0	0	0	0	0	0	0	0	0	0	0	0	0	0	0	0	0	0	0	0	0	0	0	0	0	0	0
338	Rak-2	0	0	0	0	0	0	0	0	0	0	0	0	0	0	0	0	0	0	0	0	0	0	0	0	0	0	0	0	0	0	0	0	0	0	0	0	0	0	0	0	0	0	0	0	0	0	0	0	0	0	0	0	0	0	0	0	0	0	0	0	0	0	0	0	0	0	0	0	0	0	0	0	0	0	0	0	0	0	0	0	0	0	0	0	0	0	0	0	0	0	0	0	0	0	0	0	0	4	0	4	0	0	0	0	0	0	0	0	0	0	0	0	0	0	0	0	0	0	0	0	0	0	0	0	0	0	0	0	0	0	0	0	0	0	0	0	0	0	0	0	0	0	0	0	0	0	0	0	0
339	Rubezhnoe-1	0	0	0	0	0	0	0	0	0	0	0	0	0	0	0	0	0	0	0	0	0	0	0	0	0	0	0	0	0	0	0	0	0	0	0	0	0	0	0	0	0	0	0	0	0	0	0	0	0	0	0	0	0	0	0	0	0	0	0	0	0	0	0	0	0	0	0	0	0	0	0	0	0	0	0	0	0	0	0	0	0	0	0	0	0	0	0	0	0	0	0	0	0	0	0	0	0	3	0	0	0	0	0	0	0	0	0	0	0	0	0	0	0	0	0	0	0	0	0	0	0	0	0	0	0	0	0	0	0	0	0	0	0	0	0	0	0	0	0	0	0	0	0	0	0	0	0	0	0
340	Santa Clara	0	0	0	0	0	0	0	0	0	0	0	0	0	0	0	0	0	0	0	0	0	0	0	0	0	0	0	0	0	0	0	0	0	0	0	0	0	0	0	0	0	0	0	0	0	0	0	0	0	0	0	0	0	0	0	0	0	0	0	0	0	0	0	0	0	0	0	0	0	0	0	0	0	0	0	0	0	0	0	0	0	0	0	0	0	0	0	0	0	0	0	0	0	0	0	0	0	4	0	4	0	0	0	0	0	0	0	0	0	0	0	0	0	0	0	0	0	0	0	0	0	0	0	0	0	0	0	0	0	0	0	0	0	0	0	0	0	0	0	0	0	0	0	0	0	0	0	0	0
341	Sap-0	0	0	0	0	0	0	0	0	0	0	0	0	0	0	0	0	0	0	0	0	0	0	0	0	0	0	0	0	0	0	0	0	0	0	0	0	0	0	0	0	0	0	0	0	0	0	0	0	0	0	0	0	0	0	0	0	0	0	0	0	0	0	0	0	0	0	0	0	0	0	0	0	0	0	0	0	0	0	0	0	0	0	0	0	0	0	0	0	0	0	0	0	0	0	0	0	0	4	0	4	0	0	0	0	0	0	0	0	0	0	0	0	0	0	0	0	0	0	0	0	0	0	0	0	0	0	0	0	0	0	0	0	0	0	0	0	0	0	0	0	0	0	0	0	0	0	0	0	0
342	St-0	0	0	0	0	0	0	0	0	0	0	0	0	0	0	0	0	0	0	0	0	0	0	0	0	0	0	0	0	0	0	0	0	0	0	0	0	0	0	0	0	0	0	0	0	0	0	0	0	0	0	0	0	0	0	0	0	0	0	0	0	0	0	0	0	0	0	0	0	0	0	0	0	0	0	0	0	0	0	0	0	0	0	0	0	0	0	0	0	0	0	0	0	0	0	0	0	0	3	3	4	0	0	0	0	0	0	0	0	0	0	0	0	0	0	0	0	0	0	0	0	0	0	0	0	0	0	0	0	0	0	0	0	0	0	0	0	0	0	0	0	0	0	0	0	0	0	0	0	0
343	Stw-0	0	0	0	0	0	0	0	0	0	0	0	0	0	0	0	0	0	0	0	0	0	0	0	0	0	0	0	0	0	0	0	0	0	0	0	0	0	0	0	0	0	0	0	0	0	0	0	0	0	0	0	0	0	0	0	0	0	0	0	0	0	0	0	0	0	0	0	0	0	0	0	0	0	0	0	0	0	0	0	0	0	0	0	0	0	0	0	0	0	0	0	0	0	0	0	0	0	4	0	4	0	0	0	0	0	0	0	0	0	0	0	0	0	0	0	0	0	0	0	0	0	0	0	0	0	0	0	0	0	0	0	0	0	0	0	0	0	0	0	0	0	0	0	0	0	0	0	0	0
344	Ta-0	0	0	0	0	0	0	0	0	0	0	0	0	0	0	0	0	0	0	0	0	0	0	0	0	0	0	0	0	0	0	0	0	0	0	0	0	0	0	0	0	0	0	0	0	0	0	0	0	0	0	0	0	0	0	0	0	0	0	0	0	0	0	0	0	0	0	0	0	0	0	0	0	0	0	0	0	0	0	0	0	0	0	0	0	0	0	0	0	0	0	0	0	0	0	0	0	0	4	0	4	0	0	0	0	0	0	0	0	0	0	0	0	0	0	0	0	0	0	0	0	0	0	0	0	0	0	0	0	0	0	0	0	0	0	0	0	0	0	0	0	0	0	0	0	0	0	0	0	0
345	Tu-0	0	0	0	0	0	0	0	0	0	0	0	0	0	0	0	0	0	0	0	0	0	0	0	0	0	0	0	0	0	0	0	0	0	0	0	0	0	0	0	0	0	0	0	0	0	0	0	0	0	0	0	0	0	0	0	0	0	0	0	0	0	0	0	0	0	0	0	0	0	0	0	0	0	0	0	0	0	0	0	0	0	0	0	0	0	0	0	0	0	0	0	0	0	0	0	0	0	3	0	0	0	0	0	0	0	0	0	0	0	0	0	0	0	0	0	0	0	0	0	0	0	0	0	0	0	0	0	0	0	0	0	0	0	0	0	0	0	0	0	0	0	0	0	0	0	0	0	0	0
346	Fly2-2	0	0	0	0	0	0	0	0	0	0	0	0	0	0	0	0	0	0	0	0	0	0	0	0	0	0	0	0	0	0	0	0	0	0	0	0	0	0	0	0	0	0	0	0	0	0	0	0	0	0	0	0	0	0	0	0	0	0	0	0	0	0	0	0	0	0	0	0	0	0	0	0	0	0	0	0	0	0	0	0	0	0	0	0	0	0	0	0	0	0	0	0	0	0	0	0	0	3	0	4	0	0	0	0	0	0	0	0	0	0	0	0	0	0	0	0	0	0	0	0	0	0	0	0	0	0	0	0	0	0	0	0	0	0	0	0	0	0	0	0	0	0	0	0	0	0	0	0	0
347	Rev-1	0	0	0	0	0	0	0	0	0	0	0	0	0	0	0	0	0	0	0	0	0	0	0	0	0	0	0	0	0	0	0	0	0	0	0	0	0	0	0	0	0	0	0	0	0	0	0	0	0	0	0	0	0	0	0	0	0	0	0	0	0	0	0	0	0	0	0	0	0	0	0	0	0	0	0	0	0	0	0	0	0	0	0	0	0	0	0	0	0	0	0	0	0	0	0	0	0	3	1	4	0	0	0	0	0	0	0	0	0	0	0	0	0	0	0	0	0	0	0	0	0	0	0	0	0	0	0	0	0	0	0	0	0	0	0	0	0	0	0	0	0	0	0	0	0	0	0	0	0
348	Hov4-1	0	0	0	0	0	0	0	0	0	0	0	0	0	0	0	0	0	0	0	0	0	0	0	0	0	0	0	0	0	0	0	0	0	0	0	0	0	0	0	0	0	0	0	0	0	0	0	0	0	0	0	0	0	0	0	0	0	0	0	0	0	0	0	0	0	0	0	0	0	0	0	0	0	0	0	0	0	0	0	0	0	0	0	0	0	0	0	0	0	0	0	0	0	0	0	0	0	3	3	0	0	0	0	0	0	0	0	0	0	0	0	0	0	0	0	0	0	0	0	0	0	0	0	0	0	0	0	0	0	0	0	0	0	0	0	0	0	0	0	0	0	0	0	0	0	0	0	0	0
349	San-2	0	0	0	0	0	0	0	0	0	0	0	0	0	0	0	0	0	0	0	0	0	0	0	0	0	0	0	0	0	0	0	0	0	0	0	0	0	0	0	0	0	0	0	0	0	0	0	0	0	0	0	0	0	0	0	0	0	0	0	0	0	0	0	0	0	0	0	0	0	0	0	0	0	0	0	0	0	0	0	0	0	0	0	0	0	0	0	0	0	0	0	0	0	0	0	0	0	3	1	4	0	0	0	0	0	0	0	0	0	0	0	0	0	0	0	0	0	0	0	0	0	0	0	0	0	0	0	0	0	0	0	0	0	0	0	0	0	0	0	0	0	0	0	0	0	0	0	0	0
350	Boo2-1	0	0	0	0	0	0	0	0	0	0	0	0	0	0	0	0	0	0	0	0	0	0	0	0	0	0	0	0	0	0	0	0	0	0	0	0	0	0	0	0	0	0	0	0	0	0	0	0	0	0	0	0	0	0	0	0	0	0	0	0	0	0	0	0	0	0	0	0	0	0	0	0	0	0	0	0	0	0	0	0	0	0	0	0	0	0	0	0	0	0	0	0	0	0	0	0	0	0	3	4	0	0	0	0	0	0	0	0	0	0	0	0	0	0	0	0	0	0	0	0	0	0	0	0	0	0	0	0	0	0	0	0	0	0	0	0	0	0	0	0	0	0	0	0	0	0	0	0	0
351	Lom1-1	0	0	0	0	0	0	0	0	0	0	0	0	0	0	0	0	0	0	0	0	0	0	0	0	0	0	0	0	0	0	0	0	0	0	0	0	0	0	0	0	0	0	0	0	0	0	0	0	0	0	0	0	0	0	0	0	0	0	0	0	0	0	0	0	0	0	0	0	0	0	0	0	0	0	0	0	0	0	0	0	0	0	0	0	0	0	0	0	0	0	0	0	0	0	0	0	0	0	1	4	0	0	0	0	0	0	0	0	0	0	0	0	0	0	0	0	0	0	0	0	0	0	0	0	0	0	0	0	0	0	0	0	0	0	0	0	0	0	0	0	0	0	0	0	0	0	0	0	0
352	Di-0	0	0	0	0	0	0	0	0	0	0	0	0	0	0	0	0	0	0	0	0	0	0	0	0	0	0	0	0	0	0	0	0	0	0	0	0	0	0	0	0	0	0	0	0	0	0	0	0	0	0	0	0	0	0	0	0	0	0	0	0	0	0	0	0	0	0	0	0	0	0	0	0	0	0	0	0	0	0	0	0	0	0	0	0	0	0	0	0	0	0	0	0	0	0	0	0	0	3	0	4	0	0	0	0	0	0	0	0	0	0	0	0	0	0	0	0	0	0	0	0	0	0	0	0	0	0	0	0	0	0	0	0	0	0	0	0	0	0	0	0	0	0	0	0	0	0	0	0	0
353	Lillö-1	0	0	0	0	0	0	0	0	0	0	0	0	0	0	0	0	0	0	0	0	0	0	0	0	0	0	0	0	0	0	0	0	0	0	0	0	0	0	0	0	0	0	0	0	0	0	0	0	0	0	0	0	0	0	0	0	0	0	0	0	0	0	0	0	0	0	0	0	0	0	0	0	0	0	0	0	0	0	0	0	0	0	0	0	0	0	0	0	0	0	0	0	0	0	0	0	0	3	0	2	0	0	0	0	0	0	0	0	0	0	0	0	0	0	0	0	0	0	0	0	0	0	0	0	0	0	0	0	0	0	0	0	0	0	0	0	0	0	0	0	0	0	0	0	0	0	0	0	0
354	Brö1-6	0	0	0	0	0	0	0	0	0	0	0	0	0	0	0	0	0	0	0	0	0	0	0	0	0	0	0	0	0	0	0	0	0	0	0	0	0	0	0	0	0	0	0	0	0	0	0	0	0	0	0	0	0	0	0	0	0	0	0	0	0	0	0	0	0	0	0	0	0	0	0	0	0	0	0	0	0	0	0	0	0	0	0	0	0	0	0	0	0	0	0	0	0	0	0	0	0	3	3	4	0	0	0	0	0	0	0	0	0	0	0	0	0	0	0	0	0	0	0	0	0	0	0	0	0	0	0	0	0	0	0	0	0	0	0	0	0	0	0	0	0	0	0	0	0	0	0	0	0
355	App1-4	0	0	0	0	0	0	0	0	0	0	0	0	0	0	0	0	0	0	0	0	0	0	0	0	0	0	0	0	0	0	0	0	0	0	0	0	0	0	0	0	0	0	0	0	0	0	0	0	0	0	0	0	0	0	0	0	0	0	0	0	0	0	0	0	0	0	0	0	0	0	0	0	0	0	0	0	0	0	0	0	0	0	0	0	0	0	0	0	0	0	0	0	0	0	0	0	0	3	1	4	0	0	0	0	0	0	0	0	0	0	0	0	0	0	0	0	0	0	0	0	0	0	0	0	0	0	0	0	0	0	0	0	0	0	0	0	0	0	0	0	0	0	0	0	0	0	0	0	0
356	Gul1-2	0	0	0	0	0	0	0	0	0	0	0	0	0	0	0	0	0	0	0	0	0	0	0	0	0	0	0	0	0	0	0	0	0	0	0	0	0	0	0	0	0	0	0	0	0	0	0	0	0	0	0	0	0	0	0	0	0	0	0	0	0	0	0	0	0	0	0	0	0	0	0	0	0	0	0	0	0	0	0	0	0	0	0	0	0	0	0	0	0	0	0	0	0	0	0	0	0	3	0	4	0	0	0	0	0	0	0	0	0	0	0	0	0	0	0	0	0	0	0	0	0	0	0	0	0	0	0	0	0	0	0	0	0	0	0	0	0	0	0	0	0	0	0	0	0	0	0	0	0
357	Bå1-2	0	0	0	0	0	0	0	0	0	0	0	0	0	0	0	0	0	0	0	0	0	0	0	0	0	0	0	0	0	0	0	0	0	0	0	0	0	0	0	0	0	0	0	0	0	0	0	0	0	0	0	0	0	0	0	0	0	0	0	0	0	0	0	0	0	0	0	0	0	0	0	0	0	0	0	0	0	0	0	0	0	0	0	0	0	0	0	0	0	0	0	0	0	0	0	0	0	3	0	2	0	0	0	0	0	0	0	0	0	0	0	0	0	0	0	0	0	0	0	0	0	0	0	0	0	0	0	0	0	0	0	0	0	0	0	0	0	0	0	0	0	0	0	0	0	0	0	0	0
358	Bå3-3	0	0	0	0	0	0	0	0	0	0	0	0	0	0	0	0	0	0	0	0	0	0	0	0	0	0	0	0	0	0	0	0	0	0	0	0	0	0	0	0	0	0	0	0	0	0	0	0	0	0	0	0	0	0	0	0	0	0	0	0	0	0	0	0	0	0	0	0	0	0	0	0	0	0	0	0	0	0	0	0	0	0	0	0	0	0	0	0	0	0	0	0	0	0	0	0	0	3	3	2	0	0	0	0	0	0	0	0	0	0	0	0	0	0	0	0	0	0	0	0	0	0	0	0	0	0	0	0	0	0	0	0	0	0	0	0	0	0	0	0	0	0	0	0	0	0	0	0	0
359	Bå4-1	0	0	0	0	0	0	0	0	0	0	0	0	0	0	0	0	0	0	0	0	0	0	0	0	0	0	0	0	0	0	0	0	0	0	0	0	0	0	0	0	0	0	0	0	0	0	0	0	0	0	0	0	0	0	0	0	0	0	0	0	0	0	0	0	0	0	0	0	0	0	0	0	0	0	0	0	0	0	0	0	0	0	0	0	0	0	0	0	0	0	0	0	0	0	0	0	0	3	3	0	0	0	0	0	0	0	0	0	0	0	0	0	0	0	0	0	0	0	0	0	0	0	0	0	0	0	0	0	0	0	0	0	0	0	0	0	0	0	0	0	0	0	0	0	0	0	0	0	0
360	Bå5-1	0	0	0	0	0	0	0	0	0	0	0	0	0	0	0	0	0	0	0	0	0	0	0	0	0	0	0	0	0	0	0	0	0	0	0	0	0	0	0	0	0	0	0	0	0	0	0	0	0	0	0	0	0	0	0	0	0	0	0	0	0	0	0	0	0	0	0	0	0	0	0	0	0	0	0	0	0	0	0	0	0	0	0	0	0	0	0	0	0	0	0	0	0	0	0	0	0	3	0	0	0	0	0	0	0	0	0	0	0	0	0	0	0	0	0	0	0	0	0	0	0	0	0	0	0	0	0	0	0	0	0	0	0	0	0	0	0	0	0	0	0	0	0	0	0	0	0	0	0
361	Dra3-1	0	0	0	0	0	0	0	0	0	0	0	0	0	0	0	0	0	0	0	0	0	0	0	0	0	0	0	0	0	0	0	0	0	0	0	0	0	0	0	0	0	0	0	0	0	0	0	0	0	0	0	0	0	0	0	0	0	0	0	0	0	0	0	0	0	0	0	0	0	0	0	0	0	0	0	0	0	0	0	0	0	0	0	0	0	0	0	0	0	0	0	0	0	0	0	0	0	3	0	2	0	0	0	0	0	0	0	0	0	0	0	0	0	0	0	0	0	0	0	0	0	0	0	0	0	0	0	0	0	0	0	0	0	0	0	0	0	0	0	0	0	0	0	0	0	0	0	0	0
362	Kni-1	0	0	0	0	0	0	0	0	0	0	0	0	0	0	0	0	0	0	0	0	0	0	0	0	0	0	0	0	0	0	0	0	0	0	0	0	0	0	0	0	0	0	0	0	0	0	0	0	0	0	0	0	0	0	0	0	0	0	0	0	0	0	0	0	0	0	0	0	0	0	0	0	0	0	0	0	0	0	0	0	0	0	0	0	0	0	0	0	0	0	0	0	0	0	0	0	0	3	0	4	0	0	0	0	0	0	0	0	0	0	0	0	0	0	0	0	0	0	0	0	0	0	0	0	0	0	0	0	0	0	0	0	0	0	0	0	0	0	0	0	0	0	0	0	0	0	0	0	0
363	Stu1-1	0	0	0	0	0	0	0	0	0	0	0	0	0	0	0	0	0	0	0	0	0	0	0	0	0	0	0	0	0	0	0	0	0	0	0	0	0	0	0	0	0	0	0	0	0	0	0	0	0	0	0	0	0	0	0	0	0	0	0	0	0	0	0	0	0	0	0	0	0	0	0	0	0	0	0	0	0	0	0	0	0	0	0	0	0	0	0	0	0	0	0	0	0	0	0	0	0	3	3	2	0	0	0	0	0	0	0	0	0	0	0	0	0	0	0	0	0	0	0	0	0	0	0	0	0	0	0	0	0	0	0	0	0	0	0	0	0	0	0	0	0	0	0	0	0	0	0	0	0
364	Ör-1	0	0	0	0	0	0	0	0	0	0	0	0	0	0	0	0	0	0	0	0	0	0	0	0	0	0	0	0	0	0	0	0	0	0	0	0	0	0	0	0	0	0	0	0	0	0	0	0	0	0	0	0	0	0	0	0	0	0	0	0	0	0	0	0	0	0	0	0	0	0	0	0	0	0	0	0	0	0	0	0	0	0	0	0	0	0	0	0	0	0	0	0	0	0	0	0	0	4	3	4	0	0	0	0	0	0	0	0	0	0	0	0	0	0	0	0	0	0	0	0	0	0	0	0	0	0	0	0	0	0	0	0	0	0	0	0	0	0	0	0	0	0	0	0	0	0	0	0	0
365	Lis-1	0	0	0	0	0	0	0	0	0	0	0	0	0	0	0	0	0	0	0	0	0	0	0	0	0	0	0	0	0	0	0	0	0	0	0	0	0	0	0	0	0	0	0	0	0	0	0	0	0	0	0	0	0	0	0	0	0	0	0	0	0	0	0	0	0	0	0	0	0	0	0	0	0	0	0	0	0	0	0	0	0	0	0	0	0	0	0	0	0	0	0	0	0	0	0	0	0	0	3	4	0	0	0	0	0	0	0	0	0	0	0	0	0	0	0	0	0	0	0	0	0	0	0	0	0	0	0	0	0	0	0	0	0	0	0	0	0	0	0	0	0	0	0	0	0	0	0	0	0
366	Lis-2	0	0	0	0	0	0	0	0	0	0	0	0	0	0	0	0	0	0	0	0	0	0	0	0	0	0	0	0	0	0	0	0	0	0	0	0	0	0	0	0	0	0	0	0	0	0	0	0	0	0	0	0	0	0	0	0	0	0	0	0	0	0	0	0	0	0	0	0	0	0	0	0	0	0	0	0	0	0	0	0	0	0	0	0	0	0	0	0	0	0	0	0	0	0	0	0	0	0	0	2	0	0	0	0	0	0	0	0	0	0	0	0	0	0	0	0	0	0	0	0	0	0	0	0	0	0	0	0	0	0	0	0	0	0	0	0	0	0	0	0	0	0	0	0	0	0	0	0	0
367	Lis-5	0	0	0	0	0	0	0	0	0	0	0	0	0	0	0	0	0	0	0	0	0	0	0	0	0	0	0	0	0	0	0	0	0	0	0	0	0	0	0	0	0	0	0	0	0	0	0	0	0	0	0	0	0	0	0	0	0	0	0	0	0	0	0	0	0	0	0	0	0	0	0	0	0	0	0	0	0	0	0	0	0	0	0	0	0	0	0	0	0	0	0	0	0	0	0	0	0	3	3	4	0	0	0	0	0	0	0	0	0	0	0	0	0	0	0	0	0	0	0	0	0	0	0	0	0	0	0	0	0	0	0	0	0	0	0	0	0	0	0	0	0	0	0	0	0	0	0	0	0
368	Hovdala-2	0	0	0	0	0	0	0	0	0	0	0	0	0	0	0	0	0	0	0	0	0	0	0	0	0	0	0	0	0	0	0	0	0	0	0	0	0	0	0	0	0	0	0	0	0	0	0	0	0	0	0	0	0	0	0	0	0	0	0	0	0	0	0	0	0	0	0	0	0	0	0	0	0	0	0	0	0	0	0	0	0	0	0	0	0	0	0	0	0	0	0	0	0	0	0	0	0	3	3	4	0	0	0	0	0	0	0	0	0	0	0	0	0	0	0	0	0	0	0	0	0	0	0	0	0	0	0	0	0	0	0	0	0	0	0	0	0	0	0	0	0	0	0	0	0	0	0	0	0
369	Hovdala-6	0	0	0	0	0	0	0	0	0	0	0	0	0	0	0	0	0	0	0	0	0	0	0	0	0	0	0	0	0	0	0	0	0	0	0	0	0	0	0	0	0	0	0	0	0	0	0	0	0	0	0	0	0	0	0	0	0	0	0	0	0	0	0	0	0	0	0	0	0	0	0	0	0	0	0	0	0	0	0	0	0	0	0	0	0	0	0	0	0	0	0	0	0	0	0	0	0	4	3	0	0	0	0	0	0	0	0	0	0	0	0	0	0	0	0	0	0	0	0	0	0	0	0	0	0	0	0	0	0	0	0	0	0	0	0	0	0	0	0	0	0	0	0	0	0	0	0	0	0
370	Tottarp-2	0	0	0	0	0	0	0	0	0	0	0	0	0	0	0	0	0	0	0	0	0	0	0	0	0	0	0	0	0	0	0	0	0	0	0	0	0	0	0	0	0	0	0	0	0	0	0	0	0	0	0	0	0	0	0	0	0	0	0	0	0	0	0	0	0	0	0	0	0	0	0	0	0	0	0	0	0	0	0	0	0	0	0	0	0	0	0	0	0	0	0	0	0	0	0	0	0	4	3	4	0	0	0	0	0	0	0	0	0	0	0	0	0	0	0	0	0	0	0	0	0	0	0	0	0	0	0	0	0	0	0	0	0	0	0	0	0	0	0	0	0	0	0	0	0	0	0	0	0
371	Liarum	0	0	0	0	0	0	0	0	0	0	0	0	0	0	0	0	0	0	0	0	0	0	0	0	0	0	0	0	0	0	0	0	0	0	0	0	0	0	0	0	0	0	0	0	0	0	0	0	0	0	0	0	0	0	0	0	0	0	0	0	0	0	0	0	0	0	0	0	0	0	0	0	0	0	0	0	0	0	0	0	0	0	0	0	0	0	0	0	0	0	0	0	0	0	0	0	0	4	3	2	0	0	0	0	0	0	0	0	0	0	0	0	0	0	0	0	0	0	0	0	0	0	0	0	0	0	0	0	0	0	0	0	0	0	0	0	0	0	0	0	0	0	0	0	0	0	0	0	0
372	Kulturen-1	0	0	0	0	0	0	0	0	0	0	0	0	0	0	0	0	0	0	0	0	0	0	0	0	0	0	0	0	0	0	0	0	0	0	0	0	0	0	0	0	0	0	0	0	0	0	0	0	0	0	0	0	0	0	0	0	0	0	0	0	0	0	0	0	0	0	0	0	0	0	0	0	0	0	0	0	0	0	0	0	0	0	0	0	0	0	0	0	0	0	0	0	0	0	0	0	0	4	1	2	0	0	0	0	0	0	0	0	0	0	0	0	0	0	0	0	0	0	0	0	0	0	0	0	0	0	0	0	0	0	0	0	0	0	0	0	0	0	0	0	0	0	0	0	0	0	0	0	0
373	Kävlinge-1	0	0	0	0	0	0	0	0	0	0	0	0	0	0	0	0	0	0	0	0	0	0	0	0	0	0	0	0	0	0	0	0	0	0	0	0	0	0	0	0	0	0	0	0	0	0	0	0	0	0	0	0	0	0	0	0	0	0	0	0	0	0	0	0	0	0	0	0	0	0	0	0	0	0	0	0	0	0	0	0	0	0	0	0	0	0	0	0	0	0	0	0	0	0	0	0	0	3	1	2	0	0	0	0	0	0	0	0	0	0	0	0	0	0	0	0	0	0	0	0	0	0	0	0	0	0	0	0	0	0	0	0	0	0	0	0	0	0	0	0	0	0	0	0	0	0	0	0	0
374	Eds-1	0	0	0	0	0	0	0	0	0	0	0	0	0	0	0	0	0	0	0	0	0	0	0	0	0	0	0	0	0	0	0	0	0	0	0	0	0	0	0	0	0	0	0	0	0	0	0	0	0	0	0	0	0	0	0	0	0	0	0	0	0	0	0	0	0	0	0	0	0	0	0	0	0	0	0	0	0	0	0	0	0	0	0	0	0	0	0	0	0	0	0	0	0	0	0	0	0	3	3	4	0	0	0	0	0	0	0	0	0	0	0	0	0	0	0	0	0	0	0	0	0	0	0	0	0	0	0	0	0	0	0	0	0	0	0	0	0	0	0	0	0	0	0	0	0	0	0	0	0
375	Nyl-2	0	0	0	0	0	0	0	0	0	0	0	0	0	0	0	0	0	0	0	0	0	0	0	0	0	0	0	0	0	0	0	0	0	0	0	0	0	0	0	0	0	0	0	0	0	0	0	0	0	0	0	0	0	0	0	0	0	0	0	0	0	0	0	0	0	0	0	0	0	0	0	0	0	0	0	0	0	0	0	0	0	0	0	0	0	0	0	0	0	0	0	0	0	0	0	0	0	3	3	0	0	0	0	0	0	0	0	0	0	0	0	0	0	0	0	0	0	0	0	0	0	0	0	0	0	0	0	0	0	0	0	0	0	0	0	0	0	0	0	0	0	0	0	0	0	0	0	0	0
376	Sanna-2	0	0	0	0	0	0	0	0	0	0	0	0	0	0	0	0	0	0	0	0	0	0	0	0	0	0	0	0	0	0	0	0	0	0	0	0	0	0	0	0	0	0	0	0	0	0	0	0	0	0	0	0	0	0	0	0	0	0	0	0	0	0	0	0	0	0	0	0	0	0	0	0	0	0	0	0	0	0	0	0	0	0	0	0	0	0	0	0	0	0	0	0	0	0	0	0	0	4	1	0	0	0	0	0	0	0	0	0	0	0	0	0	0	0	0	0	0	0	0	0	0	0	0	0	0	0	0	0	0	0	0	0	0	0	0	0	0	0	0	0	0	0	0	0	0	0	0	0	0
377	Sr:5	0	0	0	0	0	0	0	0	0	0	0	0	0	0	0	0	0	0	0	0	0	0	0	0	0	0	0	0	0	0	0	0	0	0	0	0	0	0	0	0	0	0	0	0	0	0	0	0	0	0	0	0	0	0	0	0	0	0	0	0	0	0	0	0	0	0	0	0	0	0	0	0	0	0	0	0	0	0	0	0	0	0	0	0	0	0	0	0	0	0	0	0	0	0	0	0	0	4	0	4	0	0	0	0	0	0	0	0	0	0	0	0	0	0	0	0	0	0	0	0	0	0	0	0	0	0	0	0	0	0	0	0	0	0	0	0	0	0	0	0	0	0	0	0	0	0	0	0	0
378	Duk	0	0	0	0	0	0	0	0	0	0	0	0	0	0	0	0	0	0	0	0	0	0	0	0	0	0	0	0	0	0	0	0	0	0	0	0	0	0	0	0	0	0	0	0	0	0	0	0	0	0	0	0	0	0	0	0	0	0	0	0	0	0	0	0	0	0	0	0	0	0	0	0	0	0	0	0	0	0	0	0	0	0	0	0	0	0	0	0	0	0	0	0	0	0	0	0	0	4	1	4	0	0	0	0	0	0	0	0	0	0	0	0	0	0	0	0	0	0	0	0	0	0	0	0	0	0	0	0	0	0	0	0	0	0	0	0	0	0	0	0	0	0	0	0	0	0	0	0	0
379	Hod	0	0	0	0	0	0	0	0	0	0	0	0	0	0	0	0	0	0	0	0	0	0	0	0	0	0	0	0	0	0	0	0	0	0	0	0	0	0	0	0	0	0	0	0	0	0	0	0	0	0	0	0	0	0	0	0	0	0	0	0	0	0	0	0	0	0	0	0	0	0	0	0	0	0	0	0	0	0	0	0	0	0	0	0	0	0	0	0	0	0	0	0	0	0	0	0	0	3	1	2	0	0	0	0	0	0	0	0	0	0	0	0	0	0	0	0	0	0	0	0	0	0	0	0	0	0	0	0	0	0	0	0	0	0	0	0	0	0	0	0	0	0	0	0	0	0	0	0	0
380	HSm	0	0	0	0	0	0	0	0	0	0	0	0	0	0	0	0	0	0	0	0	0	0	0	0	0	0	0	0	0	0	0	0	0	0	0	0	0	0	0	0	0	0	0	0	0	0	0	0	0	0	0	0	0	0	0	0	0	0	0	0	0	0	0	0	0	0	0	0	0	0	0	0	0	0	0	0	0	0	0	0	0	0	0	0	0	0	0	0	0	0	0	0	0	0	0	0	0	0	3	4	0	0	0	0	0	0	0	0	0	0	0	0	0	0	0	0	0	0	0	0	0	0	0	0	0	0	0	0	0	0	0	0	0	0	0	0	0	0	0	0	0	0	0	0	0	0	0	0	0
381	DraII-1	0	0	0	0	0	0	0	0	0	0	0	0	0	0	0	0	0	0	0	0	0	0	0	0	0	0	0	0	0	0	0	0	0	0	0	0	0	0	0	0	0	0	0	0	0	0	0	0	0	0	0	0	0	0	0	0	0	0	0	0	0	0	0	0	0	0	0	0	0	0	0	0	0	0	0	0	0	0	0	0	0	0	0	0	0	0	0	0	0	0	0	0	0	0	0	0	0	4	6	9	0	0	0	0	0	0	0	0	0	0	0	0	0	0	0	0	0	0	0	0	0	0	0	0	0	0	0	0	0	0	0	0	0	0	0	0	0	0	0	0	0	0	0	0	0	0	0	0	0
382	DraIII-1	0	0	0	0	0	0	0	0	0	0	0	0	0	0	0	0	0	0	0	0	0	0	0	0	0	0	0	0	0	0	0	0	0	0	0	0	0	0	0	0	0	0	0	0	0	0	0	0	0	0	0	0	0	0	0	0	0	0	0	0	0	0	0	0	0	0	0	0	0	0	0	0	0	0	0	0	0	0	0	0	0	0	0	0	0	0	0	0	0	0	0	0	0	0	0	0	0	4	1	4	0	0	0	0	0	0	0	0	0	0	0	0	0	0	0	0	0	0	0	0	0	0	0	0	0	0	0	0	0	0	0	0	0	0	0	0	0	0	0	0	0	0	0	0	0	0	0	0	0
383	Hov2-2	0	0	0	0	0	0	0	0	0	0	0	0	0	0	0	0	0	0	0	0	0	0	0	0	0	0	0	0	0	0	0	0	0	0	0	0	0	0	0	0	0	0	0	0	0	0	0	0	0	0	0	0	0	0	0	0	0	0	0	0	0	0	0	0	0	0	0	0	0	0	0	0	0	0	0	0	0	0	0	0	0	0	0	0	0	0	0	0	0	0	0	0	0	0	0	0	0	3	3	2	0	0	0	0	0	0	0	0	0	0	0	0	0	0	0	0	0	0	0	0	0	0	0	0	0	0	0	0	0	0	0	0	0	0	0	0	0	0	0	0	0	0	0	0	0	0	0	0	0
384	Will	0	0	0	0	0	0	0	0	0	0	0	0	0	0	0	0	0	0	0	0	0	0	0	0	0	0	0	0	0	0	0	0	0	0	0	0	0	0	0	0	0	0	0	0	0	0	0	0	0	0	0	0	0	0	0	0	0	0	0	0	0	0	0	0	0	0	0	0	0	0	0	0	0	0	0	0	0	0	0	0	0	0	0	0	0	0	0	0	0	0	0	0	0	0	0	0	0	4	3	4	0	0	0	0	0	0	0	0	0	0	0	0	0	0	0	0	0	0	0	0	0	0	0	0	0	0	0	0	0	0	0	0	0	0	0	0	0	0	0	0	0	0	0	0	0	0	0	0	0
385	Aa-0	0	0	0	0	0	0	0	0	0	0	0	0	0	0	0	0	0	0	0	0	0	0	0	0	0	0	0	0	0	0	0	0	0	0	0	0	0	0	0	0	0	0	0	0	0	0	0	0	0	0	0	0	0	0	0	0	0	0	0	0	0	0	0	0	0	0	0	0	0	0	0	0	0	0	0	0	0	0	0	0	0	0	0	0	0	0	0	0	0	0	0	0	0	0	0	0	0	0	0	0	0	0	0	0	0	0	0	0	0	0	0	0	0	0	0	0	0	0	0	0	0	0	0	0	0	0	0	0	0	0	0	0	0	0	0	0	0	0	0	0	0	0	0	0	0	0	0	0	0
386	Abd-0	0	0	0	0	0	0	0	0	0	0	0	0	0	0	0	0	0	0	0	0	0	0	0	0	0	0	0	0	0	0	0	0	0	0	0	0	0	0	0	0	0	0	0	0	0	0	0	0	0	0	0	0	0	0	0	0	0	0	0	0	0	0	0	0	0	0	0	0	0	0	0	0	0	0	0	0	0	0	0	0	0	0	0	0	0	0	0	0	0	0	0	0	0	0	0	0	0	0	0	0	0	0	0	0	0	0	0	0	0	0	0	0	0	0	0	0	0	0	0	0	0	0	0	0	0	0	0	0	0	0	0	0	0	0	0	0	0	0	0	0	0	0	0	0	0	0	0	0	0
387	Ak-1	0	0	0	0	0	0	0	0	0	0	0	0	0	0	0	0	0	0	0	0	0	0	0	0	0	0	0	0	0	0	0	0	0	0	0	0	0	0	0	0	0	0	0	0	0	0	0	0	0	0	0	0	0	0	0	0	0	0	0	0	0	0	0	0	0	0	0	0	0	0	0	0	0	0	0	0	0	0	0	0	0	0	0	0	0	0	0	0	0	0	0	0	0	0	0	0	0	0	0	0	0	0	0	0	0	0	0	0	0	0	0	0	0	0	0	0	0	0	0	0	0	0	0	0	0	0	0	0	0	0	0	0	0	0	0	0	0	0	0	0	0	0	0	0	0	0	0	0	0
388	Ba-1	0	0	0	0	0	0	0	0	0	0	0	0	0	0	0	0	0	0	0	0	0	0	0	0	0	0	0	0	0	0	0	0	0	0	0	0	0	0	0	0	0	0	0	0	0	0	0	0	0	0	0	0	0	0	0	0	0	0	0	0	0	0	0	0	0	0	0	0	0	0	0	0	0	0	0	0	0	0	0	0	0	0	0	0	0	0	0	0	0	0	0	0	0	0	0	0	0	0	0	0	0	0	0	0	0	0	0	0	0	0	0	0	0	0	0	0	0	0	0	0	0	0	0	0	0	0	0	0	0	0	0	0	0	0	0	0	0	0	0	0	0	0	0	0	0	0	0	0	0
389	Bl-1	0	0	0	0	0	0	0	0	0	0	0	0	0	0	0	0	0	0	0	0	0	0	0	0	0	0	0	0	0	0	0	0	0	0	0	0	0	0	0	0	0	0	0	0	0	0	0	0	0	0	0	0	0	0	0	0	0	0	0	0	0	0	0	0	0	0	0	0	0	0	0	0	0	0	0	0	0	0	0	0	0	0	0	0	0	0	0	0	0	0	0	0	0	0	0	0	0	0	0	0	0	0	0	0	0	0	0	0	0	0	0	0	0	0	0	0	0	0	0	0	0	0	0	0	0	0	0	0	0	0	0	0	0	0	0	0	0	0	0	0	0	0	0	0	0	0	0	0	0
390	Bla-10	0	0	0	0	0	0	0	0	0	0	0	0	0	0	0	0	0	0	0	0	0	0	0	0	0	0	0	0	0	0	0	0	0	0	0	0	0	0	0	0	0	0	0	0	0	0	0	0	0	0	0	0	0	0	0	0	0	0	0	0	0	0	0	0	0	0	0	0	0	0	0	0	0	0	0	0	0	0	0	0	0	0	0	0	0	0	0	0	0	0	0	0	0	0	0	0	0	0	0	0	0	0	0	0	0	0	0	0	0	0	0	0	0	0	0	0	0	0	0	0	0	0	0	0	0	0	0	0	0	0	0	0	0	0	0	0	0	0	0	0	0	0	0	0	0	0	0	0	0
391	Ca-0	0	0	0	0	0	0	0	0	0	0	0	0	0	0	0	0	0	0	0	0	0	0	0	0	0	0	0	0	0	0	0	0	0	0	0	0	0	0	0	0	0	0	0	0	0	0	0	0	0	0	0	0	0	0	0	0	0	0	0	0	0	0	0	0	0	0	0	0	0	0	0	0	0	0	0	0	0	0	0	0	0	0	0	0	0	0	0	0	0	0	0	0	0	0	0	0	0	0	0	0	0	0	0	0	0	0	0	0	0	0	0	0	0	0	0	0	0	0	0	0	0	0	0	0	0	0	0	0	0	0	0	0	0	0	0	0	0	0	0	0	0	0	0	0	0	0	0	0	0
392	Cal-0	0	0	0	0	0	0	0	0	0	0	0	0	0	0	0	0	0	0	0	0	0	0	0	0	0	0	0	0	0	0	0	0	0	0	0	0	0	0	0	0	0	0	0	0	0	0	0	0	0	0	0	0	0	0	0	0	0	0	0	0	0	0	0	0	0	0	0	0	0	0	0	0	0	0	0	0	0	0	0	0	0	0	0	0	0	0	0	0	0	0	0	0	0	0	0	0	0	0	0	0	0	0	0	0	0	0	0	0	0	0	0	0	0	0	0	0	0	0	0	0	0	0	0	0	0	0	0	0	0	0	0	0	0	0	0	0	0	0	0	0	0	0	0	0	0	0	0	0	0
393	Chi-0	0	0	0	0	0	0	0	0	0	0	0	0	0	0	0	0	0	0	0	0	0	0	0	0	0	0	0	0	0	0	0	0	0	0	0	0	0	0	0	0	0	0	0	0	0	0	0	0	0	0	0	0	0	0	0	0	0	0	0	0	0	0	0	0	0	0	0	0	0	0	0	0	0	0	0	0	0	0	0	0	0	0	0	0	0	0	0	0	0	0	0	0	0	0	0	0	0	0	0	0	0	0	0	0	0	0	0	0	0	0	0	0	0	0	0	0	0	0	0	0	0	0	0	0	0	0	0	0	0	0	0	0	0	0	0	0	0	0	0	0	0	0	0	0	0	0	0	0	0
394	Cnt-1	0	0	0	0	0	0	0	0	0	0	0	0	0	0	0	0	0	0	0	0	0	0	0	0	0	0	0	0	0	0	0	0	0	0	0	0	0	0	0	0	0	0	0	0	0	0	0	0	0	0	0	0	0	0	0	0	0	0	0	0	0	0	0	0	0	0	0	0	0	0	0	0	0	0	0	0	0	0	0	0	0	0	0	0	0	0	0	0	0	0	0	0	0	0	0	0	0	0	0	0	0	0	0	0	0	0	0	0	0	0	0	0	0	0	0	0	0	0	0	0	0	0	0	0	0	0	0	0	0	0	0	0	0	0	0	0	0	0	0	0	0	0	0	0	0	0	0	0	0
395	Seattle-0	0	0	0	0	0	0	0	0	0	0	0	0	0	0	0	0	0	0	0	0	0	0	0	0	0	0	0	0	0	0	0	0	0	0	0	0	0	0	0	0	0	0	0	0	0	0	0	0	0	0	0	0	0	0	0	0	0	0	0	0	0	0	0	0	0	0	0	0	0	0	0	0	0	0	0	0	0	0	0	0	0	0	0	0	0	0	0	0	0	0	0	0	0	0	0	0	0	0	0	0	0	0	0	0	0	0	0	0	0	0	0	0	0	0	0	0	0	0	0	0	0	0	0	0	0	0	0	0	0	0	0	0	0	0	0	0	0	0	0	0	0	0	0	0	0	0	0	0	0
396	Da-0	0	0	0	0	0	0	0	0	0	0	0	0	0	0	0	0	0	0	0	0	0	0	0	0	0	0	0	0	0	0	0	0	0	0	0	0	0	0	0	0	0	0	0	0	0	0	0	0	0	0	0	0	0	0	0	0	0	0	0	0	0	0	0	0	0	0	0	0	0	0	0	0	0	0	0	0	0	0	0	0	0	0	0	0	0	0	0	0	0	0	0	0	0	0	0	0	0	0	0	0	0	0	0	0	0	0	0	0	0	0	0	0	0	0	0	0	0	0	0	0	0	0	0	0	0	0	0	0	0	0	0	0	0	0	0	0	0	0	0	0	0	0	0	0	0	0	0	0	0
397	Da(1)-12	0	0	0	0	0	0	0	0	0	0	0	0	0	0	0	0	0	0	0	0	0	0	0	0	0	0	0	0	0	0	0	0	0	0	0	0	0	0	0	0	0	0	0	0	0	0	0	0	0	0	0	0	0	0	0	0	0	0	0	0	0	0	0	0	0	0	0	0	0	0	0	0	0	0	0	0	0	0	0	0	0	0	0	0	0	0	0	0	0	0	0	0	0	0	0	0	0	0	0	0	0	0	0	0	0	0	0	0	0	0	0	0	0	0	0	0	0	0	0	0	0	0	0	0	0	0	0	0	0	0	0	0	0	0	0	0	0	0	0	0	0	0	0	0	0	0	0	0	0
398	Db-1	0	0	0	0	0	0	0	0	0	0	0	0	0	0	0	0	0	0	0	0	0	0	0	0	0	0	0	0	0	0	0	0	0	0	0	0	0	0	0	0	0	0	0	0	0	0	0	0	0	0	0	0	0	0	0	0	0	0	0	0	0	0	0	0	0	0	0	0	0	0	0	0	0	0	0	0	0	0	0	0	0	0	0	0	0	0	0	0	0	0	0	0	0	0	0	0	0	0	0	0	0	0	0	0	0	0	0	0	0	0	0	0	0	0	0	0	0	0	0	0	0	0	0	0	0	0	0	0	0	0	0	0	0	0	0	0	0	0	0	0	0	0	0	0	0	0	0	0	0
399	Di-G	0	0	0	0	0	0	0	0	0	0	0	0	0	0	0	0	0	0	0	0	0	0	0	0	0	0	0	0	0	0	0	0	0	0	0	0	0	0	0	0	0	0	0	0	0	0	0	0	0	0	0	0	0	0	0	0	0	0	0	0	0	0	0	0	0	0	0	0	0	0	0	0	0	0	0	0	0	0	0	0	0	0	0	0	0	0	0	0	0	0	0	0	0	0	0	0	0	0	0	0	0	0	0	0	0	0	0	0	0	0	0	0	0	0	0	0	0	0	0	0	0	0	0	0	0	0	0	0	0	0	0	0	0	0	0	0	0	0	0	0	0	0	0	0	0	0	0	0	0
400	Dra-0	0	0	0	0	0	0	0	0	0	0	0	0	0	0	0	0	0	0	0	0	0	0	0	0	0	0	0	0	0	0	0	0	0	0	0	0	0	0	0	0	0	0	0	0	0	0	0	0	0	0	0	0	0	0	0	0	0	0	0	0	0	0	0	0	0	0	0	0	0	0	0	0	0	0	0	0	0	0	0	0	0	0	0	0	0	0	0	0	0	0	0	0	0	0	0	0	0	0	0	0	0	0	0	0	0	0	0	0	0	0	0	0	0	0	0	0	0	0	0	0	0	0	0	0	0	0	0	0	0	0	0	0	0	0	0	0	0	0	0	0	0	0	0	0	0	0	0	0	0
401	Ema-1	0	0	0	0	0	0	0	0	0	0	0	0	0	0	0	0	0	0	0	0	0	0	0	0	0	0	0	0	0	0	0	0	0	0	0	0	0	0	0	0	0	0	0	0	0	0	0	0	0	0	0	0	0	0	0	0	0	0	0	0	0	0	0	0	0	0	0	0	0	0	0	0	0	0	0	0	0	0	0	0	0	0	0	0	0	0	0	0	0	0	0	0	0	0	0	0	0	0	0	0	0	0	0	0	0	0	0	0	0	0	0	0	0	0	0	0	0	0	0	0	0	0	0	0	0	0	0	0	0	0	0	0	0	0	0	0	0	0	0	0	0	0	0	0	0	0	0	0	0
403	Ep-0	0	0	0	0	0	0	0	0	0	0	0	0	0	0	0	0	0	0	0	0	0	0	0	0	0	0	0	0	0	0	0	0	0	0	0	0	0	0	0	0	0	0	0	0	0	0	0	0	0	0	0	0	0	0	0	0	0	0	0	0	0	0	0	0	0	0	0	0	0	0	0	0	0	0	0	0	0	0	0	0	0	0	0	0	0	0	0	0	0	0	0	0	0	0	0	0	0	0	0	0	0	0	0	0	0	0	0	0	0	0	0	0	0	0	0	0	0	0	0	0	0	0	0	0	0	0	0	0	0	0	0	0	0	0	0	0	0	0	0	0	0	0	0	0	0	0	0	0	0
404	Er-0	0	0	0	0	0	0	0	0	0	0	0	0	0	0	0	0	0	0	0	0	0	0	0	0	0	0	0	0	0	0	0	0	0	0	0	0	0	0	0	0	0	0	0	0	0	0	0	0	0	0	0	0	0	0	0	0	0	0	0	0	0	0	0	0	0	0	0	0	0	0	0	0	0	0	0	0	0	0	0	0	0	0	0	0	0	0	0	0	0	0	0	0	0	0	0	0	0	0	0	0	0	0	0	0	0	0	0	0	0	0	0	0	0	0	0	0	0	0	0	0	0	0	0	0	0	0	0	0	0	0	0	0	0	0	0	0	0	0	0	0	0	0	0	0	0	0	0	0	0
405	Est	0	0	0	0	0	0	0	0	0	0	0	0	0	0	0	0	0	0	0	0	0	0	0	0	0	0	0	0	0	0	0	0	0	0	0	0	0	0	0	0	0	0	0	0	0	0	0	0	0	0	0	0	0	0	0	0	0	0	0	0	0	0	0	0	0	0	0	0	0	0	0	0	0	0	0	0	0	0	0	0	0	0	0	0	0	0	0	0	0	0	0	0	0	0	0	0	0	0	0	0	0	0	0	0	0	0	0	0	0	0	0	0	0	0	0	0	0	0	0	0	0	0	0	0	0	0	0	0	0	0	0	0	0	0	0	0	0	0	0	0	0	0	0	0	0	0	0	0	0
406	Et-0	0	0	0	0	0	0	0	0	0	0	0	0	0	0	0	0	0	0	0	0	0	0	0	0	0	0	0	0	0	0	0	0	0	0	0	0	0	0	0	0	0	0	0	0	0	0	0	0	0	0	0	0	0	0	0	0	0	0	0	0	0	0	0	0	0	0	0	0	0	0	0	0	0	0	0	0	0	0	0	0	0	0	0	0	0	0	0	0	0	0	0	0	0	0	0	0	0	0	0	0	0	0	0	0	0	0	0	0	0	0	0	0	0	0	0	0	0	0	0	0	0	0	0	0	0	0	0	0	0	0	0	0	0	0	0	0	0	0	0	0	0	0	0	0	0	0	0	0	0
407	Fr-2	0	0	0	0	0	0	0	0	0	0	0	0	0	0	0	0	0	0	0	0	0	0	0	0	0	0	0	0	0	0	0	0	0	0	0	0	0	0	0	0	0	0	0	0	0	0	0	0	0	0	0	0	0	0	0	0	0	0	0	0	0	0	0	0	0	0	0	0	0	0	0	0	0	0	0	0	0	0	0	0	0	0	0	0	0	0	0	0	0	0	0	0	0	0	0	0	0	0	0	0	0	0	0	0	0	0	0	0	0	0	0	0	0	0	0	0	0	0	0	0	0	0	0	0	0	0	0	0	0	0	0	0	0	0	0	0	0	0	0	0	0	0	0	0	0	0	0	0	0
408	Gie-0	0	0	0	0	0	0	0	0	0	0	0	0	0	0	0	0	0	0	0	0	0	0	0	0	0	0	0	0	0	0	0	0	0	0	0	0	0	0	0	0	0	0	0	0	0	0	0	0	0	0	0	0	0	0	0	0	0	0	0	0	0	0	0	0	0	0	0	0	0	0	0	0	0	0	0	0	0	0	0	0	0	0	0	0	0	0	0	0	0	0	0	0	0	0	0	0	0	0	0	0	0	0	0	0	0	0	0	0	0	0	0	0	0	0	0	0	0	0	0	0	0	0	0	0	0	0	0	0	0	0	0	0	0	0	0	0	0	0	0	0	0	0	0	0	0	0	0	0	0
409	Gre-0	0	0	0	0	0	0	0	0	0	0	0	0	0	0	0	0	0	0	0	0	0	0	0	0	0	0	0	0	0	0	0	0	0	0	0	0	0	0	0	0	0	0	0	0	0	0	0	0	0	0	0	0	0	0	0	0	0	0	0	0	0	0	0	0	0	0	0	0	0	0	0	0	0	0	0	0	0	0	0	0	0	0	0	0	0	0	0	0	0	0	0	0	0	0	0	0	0	0	0	0	0	0	0	0	0	0	0	0	0	0	0	0	0	0	0	0	0	0	0	0	0	0	0	0	0	0	0	0	0	0	0	0	0	0	0	0	0	0	0	0	0	0	0	0	0	0	0	0	0
410	Ha-0	0	0	0	0	0	0	0	0	0	0	0	0	0	0	0	0	0	0	0	0	0	0	0	0	0	0	0	0	0	0	0	0	0	0	0	0	0	0	0	0	0	0	0	0	0	0	0	0	0	0	0	0	0	0	0	0	0	0	0	0	0	0	0	0	0	0	0	0	0	0	0	0	0	0	0	0	0	0	0	0	0	0	0	0	0	0	0	0	0	0	0	0	0	0	0	0	0	0	0	0	0	0	0	0	0	0	0	0	0	0	0	0	0	0	0	0	0	0	0	0	0	0	0	0	0	0	0	0	0	0	0	0	0	0	0	0	0	0	0	0	0	0	0	0	0	0	0	0	0
411	Hau-0	0	0	0	0	0	0	0	0	0	0	0	0	0	0	0	0	0	0	0	0	0	0	0	0	0	0	0	0	0	0	0	0	0	0	0	0	0	0	0	0	0	0	0	0	0	0	0	0	0	0	0	0	0	0	0	0	0	0	0	0	0	0	0	0	0	0	0	0	0	0	0	0	0	0	0	0	0	0	0	0	0	0	0	0	0	0	0	0	0	0	0	0	0	0	0	0	0	0	0	0	0	0	0	0	0	0	0	0	0	0	0	0	0	0	0	0	0	0	0	0	0	0	0	0	0	0	0	0	0	0	0	0	0	0	0	0	0	0	0	0	0	0	0	0	0	0	0	0	0
412	Hl-3	0	0	0	0	0	0	0	0	0	0	0	0	0	0	0	0	0	0	0	0	0	0	0	0	0	0	0	0	0	0	0	0	0	0	0	0	0	0	0	0	0	0	0	0	0	0	0	0	0	0	0	0	0	0	0	0	0	0	0	0	0	0	0	0	0	0	0	0	0	0	0	0	0	0	0	0	0	0	0	0	0	0	0	0	0	0	0	0	0	0	0	0	0	0	0	0	0	0	0	0	0	0	0	0	0	0	0	0	0	0	0	0	0	0	0	0	0	0	0	0	0	0	0	0	0	0	0	0	0	0	0	0	0	0	0	0	0	0	0	0	0	0	0	0	0	0	0	0	0
413	Je-0	0	0	0	0	0	0	0	0	0	0	0	0	0	0	0	0	0	0	0	0	0	0	0	0	0	0	0	0	0	0	0	0	0	0	0	0	0	0	0	0	0	0	0	0	0	0	0	0	0	0	0	0	0	0	0	0	0	0	0	0	0	0	0	0	0	0	0	0	0	0	0	0	0	0	0	0	0	0	0	0	0	0	0	0	0	0	0	0	0	0	0	0	0	0	0	0	0	0	0	0	0	0	0	0	0	0	0	0	0	0	0	0	0	0	0	0	0	0	0	0	0	0	0	0	0	0	0	0	0	0	0	0	0	0	0	0	0	0	0	0	0	0	0	0	0	0	0	0	0
414	Jl-3	0	0	0	0	0	0	0	0	0	0	0	0	0	0	0	0	0	0	0	0	0	0	0	0	0	0	0	0	0	0	0	0	0	0	0	0	0	0	0	0	0	0	0	0	0	0	0	0	0	0	0	0	0	0	0	0	0	0	0	0	0	0	0	0	0	0	0	0	0	0	0	0	0	0	0	0	0	0	0	0	0	0	0	0	0	0	0	0	0	0	0	0	0	0	0	0	0	0	0	0	0	0	0	0	0	0	0	0	0	0	0	0	0	0	0	0	0	0	0	0	0	0	0	0	0	0	0	0	0	0	0	0	0	0	0	0	0	0	0	0	0	0	0	0	0	0	0	0	0
415	Kb-0	0	0	0	0	0	0	0	0	0	0	0	0	0	0	0	0	0	0	0	0	0	0	0	0	0	0	0	0	0	0	0	0	0	0	0	0	0	0	0	0	0	0	0	0	0	0	0	0	0	0	0	0	0	0	0	0	0	0	0	0	0	0	0	0	0	0	0	0	0	0	0	0	0	0	0	0	0	0	0	0	0	0	0	0	0	0	0	0	0	0	0	0	0	0	0	0	0	0	0	0	0	0	0	0	0	0	0	0	0	0	0	0	0	0	0	0	0	0	0	0	0	0	0	0	0	0	0	0	0	0	0	0	0	0	0	0	0	0	0	0	0	0	0	0	0	0	0	0	0
417	Kil-0	0	0	0	0	0	0	0	0	0	0	0	0	0	0	0	0	0	0	0	0	0	0	0	0	0	0	0	0	0	0	0	0	0	0	0	0	0	0	0	0	0	0	0	0	0	0	0	0	0	0	0	0	0	0	0	0	0	0	0	0	0	0	0	0	0	0	0	0	0	0	0	0	0	0	0	0	0	0	0	0	0	0	0	0	0	0	0	0	0	0	0	0	0	0	0	0	0	0	0	0	0	0	0	0	0	0	0	0	0	0	0	0	0	0	0	0	0	0	0	0	0	0	0	0	0	0	0	0	0	0	0	0	0	0	0	0	0	0	0	0	0	0	0	0	0	0	0	0	0
418	Li-7	0	0	0	0	0	0	0	0	0	0	0	0	0	0	0	0	0	0	0	0	0	0	0	0	0	0	0	0	0	0	0	0	0	0	0	0	0	0	0	0	0	0	0	0	0	0	0	0	0	0	0	0	0	0	0	0	0	0	0	0	0	0	0	0	0	0	0	0	0	0	0	0	0	0	0	0	0	0	0	0	0	0	0	0	0	0	0	0	0	0	0	0	0	0	0	0	0	0	0	0	0	0	0	0	0	0	0	0	0	0	0	0	0	0	0	0	0	0	0	0	0	0	0	0	0	0	0	0	0	0	0	0	0	0	0	0	0	0	0	0	0	0	0	0	0	0	0	0	0
419	Ll-1	0	0	0	0	0	0	0	0	0	0	0	0	0	0	0	0	0	0	0	0	0	0	0	0	0	0	0	0	0	0	0	0	0	0	0	0	0	0	0	0	0	0	0	0	0	0	0	0	0	0	0	0	0	0	0	0	0	0	0	0	0	0	0	0	0	0	0	0	0	0	0	0	0	0	0	0	0	0	0	0	0	0	0	0	0	0	0	0	0	0	0	0	0	0	0	0	0	0	0	0	0	0	0	0	0	0	0	0	0	0	0	0	0	0	0	0	0	0	0	0	0	0	0	0	0	0	0	0	0	0	0	0	0	0	0	0	0	0	0	0	0	0	0	0	0	0	0	0	0
420	Ma-0	0	0	0	0	0	0	0	0	0	0	0	0	0	0	0	0	0	0	0	0	0	0	0	0	0	0	0	0	0	0	0	0	0	0	0	0	0	0	0	0	0	0	0	0	0	0	0	0	0	0	0	0	0	0	0	0	0	0	0	0	0	0	0	0	0	0	0	0	0	0	0	0	0	0	0	0	0	0	0	0	0	0	0	0	0	0	0	0	0	0	0	0	0	0	0	0	0	0	0	0	0	0	0	0	0	0	0	0	0	0	0	0	0	0	0	0	0	0	0	0	0	0	0	0	0	0	0	0	0	0	0	0	0	0	0	0	0	0	0	0	0	0	0	0	0	0	0	0	0
421	Mh-0	0	0	0	0	0	0	0	0	0	0	0	0	0	0	0	0	0	0	0	0	0	0	0	0	0	0	0	0	0	0	0	0	0	0	0	0	0	0	0	0	0	0	0	0	0	0	0	0	0	0	0	0	0	0	0	0	0	0	0	0	0	0	0	0	0	0	0	0	0	0	0	0	0	0	0	0	0	0	0	0	0	0	0	0	0	0	0	0	0	0	0	0	0	0	0	0	0	0	0	0	0	0	0	0	0	0	0	0	0	0	0	0	0	0	0	0	0	0	0	0	0	0	0	0	0	0	0	0	0	0	0	0	0	0	0	0	0	0	0	0	0	0	0	0	0	0	0	0	0
422	Nd-0	0	0	0	0	0	0	0	0	0	0	0	0	0	0	0	0	0	0	0	0	0	0	0	0	0	0	0	0	0	0	0	0	0	0	0	0	0	0	0	0	0	0	0	0	0	0	0	0	0	0	0	0	0	0	0	0	0	0	0	0	0	0	0	0	0	0	0	0	0	0	0	0	0	0	0	0	0	0	0	0	0	0	0	0	0	0	0	0	0	0	0	0	0	0	0	0	0	0	0	0	0	0	0	0	0	0	0	0	0	0	0	0	0	0	0	0	0	0	0	0	0	0	0	0	0	0	0	0	0	0	0	0	0	0	0	0	0	0	0	0	0	0	0	0	0	0	0	0	0
423	No-0	0	0	0	0	0	0	0	0	0	0	0	0	0	0	0	0	0	0	0	0	0	0	0	0	0	0	0	0	0	0	0	0	0	0	0	0	0	0	0	0	0	0	0	0	0	0	0	0	0	0	0	0	0	0	0	0	0	0	0	0	0	0	0	0	0	0	0	0	0	0	0	0	0	0	0	0	0	0	0	0	0	0	0	0	0	0	0	0	0	0	0	0	0	0	0	0	0	0	0	0	0	0	0	0	0	0	0	0	0	0	0	0	0	0	0	0	0	0	0	0	0	0	0	0	0	0	0	0	0	0	0	0	0	0	0	0	0	0	0	0	0	0	0	0	0	0	0	0	0
424	Nw-4	0	0	0	0	0	0	0	0	0	0	0	0	0	0	0	0	0	0	0	0	0	0	0	0	0	0	0	0	0	0	0	0	0	0	0	0	0	0	0	0	0	0	0	0	0	0	0	0	0	0	0	0	0	0	0	0	0	0	0	0	0	0	0	0	0	0	0	0	0	0	0	0	0	0	0	0	0	0	0	0	0	0	0	0	0	0	0	0	0	0	0	0	0	0	0	0	0	0	0	0	0	0	0	0	0	0	0	0	0	0	0	0	0	0	0	0	0	0	0	0	0	0	0	0	0	0	0	0	0	0	0	0	0	0	0	0	0	0	0	0	0	0	0	0	0	0	0	0	0
425	Ob-0	0	0	0	0	0	0	0	0	0	0	0	0	0	0	0	0	0	0	0	0	0	0	0	0	0	0	0	0	0	0	0	0	0	0	0	0	0	0	0	0	0	0	0	0	0	0	0	0	0	0	0	0	0	0	0	0	0	0	0	0	0	0	0	0	0	0	0	0	0	0	0	0	0	0	0	0	0	0	0	0	0	0	0	0	0	0	0	0	0	0	0	0	0	0	0	0	0	0	0	0	0	0	0	0	0	0	0	0	0	0	0	0	0	0	0	0	0	0	0	0	0	0	0	0	0	0	0	0	0	0	0	0	0	0	0	0	0	0	0	0	0	0	0	0	0	0	0	0	0
426	Or-0	0	0	0	0	0	0	0	0	0	0	0	0	0	0	0	0	0	0	0	0	0	0	0	0	0	0	0	0	0	0	0	0	0	0	0	0	0	0	0	0	0	0	0	0	0	0	0	0	0	0	0	0	0	0	0	0	0	0	0	0	0	0	0	0	0	0	0	0	0	0	0	0	0	0	0	0	0	0	0	0	0	0	0	0	0	0	0	0	0	0	0	0	0	0	0	0	0	0	0	0	0	0	0	0	0	0	0	0	0	0	0	0	0	0	0	0	0	0	0	0	0	0	0	0	0	0	0	0	0	0	0	0	0	0	0	0	0	0	0	0	0	0	0	0	0	0	0	0	0
427	Pog-0	0	0	0	0	0	0	0	0	0	0	0	0	0	0	0	0	0	0	0	0	0	0	0	0	0	0	0	0	0	0	0	0	0	0	0	0	0	0	0	0	0	0	0	0	0	0	0	0	0	0	0	0	0	0	0	0	0	0	0	0	0	0	0	0	0	0	0	0	0	0	0	0	0	0	0	0	0	0	0	0	0	0	0	0	0	0	0	0	0	0	0	0	0	0	0	0	0	0	0	0	0	0	0	0	0	0	0	0	0	0	0	0	0	0	0	0	0	0	0	0	0	0	0	0	0	0	0	0	0	0	0	0	0	0	0	0	0	0	0	0	0	0	0	0	0	0	0	0	0
428	RLD-1	0	0	0	0	0	0	0	0	0	0	0	0	0	0	0	0	0	0	0	0	0	0	0	0	0	0	0	0	0	0	0	0	0	0	0	0	0	0	0	0	0	0	0	0	0	0	0	0	0	0	0	0	0	0	0	0	0	0	0	0	0	0	0	0	0	0	0	0	0	0	0	0	0	0	0	0	0	0	0	0	0	0	0	0	0	0	0	0	0	0	0	0	0	0	0	0	0	0	0	0	0	0	0	0	0	0	0	0	0	0	0	0	0	0	0	0	0	0	0	0	0	0	0	0	0	0	0	0	0	0	0	0	0	0	0	0	0	0	0	0	0	0	0	0	0	0	0	0	0
429	Sf-2	0	0	0	0	0	0	0	0	0	0	0	0	0	0	0	0	0	0	0	0	0	0	0	0	0	0	0	0	0	0	0	0	0	0	0	0	0	0	0	0	0	0	0	0	0	0	0	0	0	0	0	0	0	0	0	0	0	0	0	0	0	0	0	0	0	0	0	0	0	0	0	0	0	0	0	0	0	0	0	0	0	0	0	0	0	0	0	0	0	0	0	0	0	0	0	0	0	0	0	0	0	0	0	0	0	0	0	0	0	0	0	0	0	0	0	0	0	0	0	0	0	0	0	0	0	0	0	0	0	0	0	0	0	0	0	0	0	0	0	0	0	0	0	0	0	0	0	0	0
430	Ste-0	0	0	0	0	0	0	0	0	0	0	0	0	0	0	0	0	0	0	0	0	0	0	0	0	0	0	0	0	0	0	0	0	0	0	0	0	0	0	0	0	0	0	0	0	0	0	0	0	0	0	0	0	0	0	0	0	0	0	0	0	0	0	0	0	0	0	0	0	0	0	0	0	0	0	0	0	0	0	0	0	0	0	0	0	0	0	0	0	0	0	0	0	0	0	0	0	0	0	0	0	0	0	0	0	0	0	0	0	0	0	0	0	0	0	0	0	0	0	0	0	0	0	0	0	0	0	0	0	0	0	0	0	0	0	0	0	0	0	0	0	0	0	0	0	0	0	0	0	0
431	Te-0	0	0	0	0	0	0	0	0	0	0	0	0	0	0	0	0	0	0	0	0	0	0	0	0	0	0	0	0	0	0	0	0	0	0	0	0	0	0	0	0	0	0	0	0	0	0	0	0	0	0	0	0	0	0	0	0	0	0	0	0	0	0	0	0	0	0	0	0	0	0	0	0	0	0	0	0	0	0	0	0	0	0	0	0	0	0	0	0	0	0	0	0	0	0	0	0	0	0	0	0	0	0	0	0	0	0	0	0	0	0	0	0	0	0	0	0	0	0	0	0	0	0	0	0	0	0	0	0	0	0	0	0	0	0	0	0	0	0	0	0	0	0	0	0	0	0	0	0	0
432	Tol-0	0	0	0	0	0	0	0	0	0	0	0	0	0	0	0	0	0	0	0	0	0	0	0	0	0	0	0	0	0	0	0	0	0	0	0	0	0	0	0	0	0	0	0	0	0	0	0	0	0	0	0	0	0	0	0	0	0	0	0	0	0	0	0	0	0	0	0	0	0	0	0	0	0	0	0	0	0	0	0	0	0	0	0	0	0	0	0	0	0	0	0	0	0	0	0	0	0	0	0	0	0	0	0	0	0	0	0	0	0	0	0	0	0	0	0	0	0	0	0	0	0	0	0	0	0	0	0	0	0	0	0	0	0	0	0	0	0	0	0	0	0	0	0	0	0	0	0	0	0
433	Tu-1	0	0	0	0	0	0	0	0	0	0	0	0	0	0	0	0	0	0	0	0	0	0	0	0	0	0	0	0	0	0	0	0	0	0	0	0	0	0	0	0	0	0	0	0	0	0	0	0	0	0	0	0	0	0	0	0	0	0	0	0	0	0	0	0	0	0	0	0	0	0	0	0	0	0	0	0	0	0	0	0	0	0	0	0	0	0	0	0	0	0	0	0	0	0	0	0	0	0	0	0	0	0	0	0	0	0	0	0	0	0	0	0	0	0	0	0	0	0	0	0	0	0	0	0	0	0	0	0	0	0	0	0	0	0	0	0	0	0	0	0	0	0	0	0	0	0	0	0	0
434	Uk-4	0	0	0	0	0	0	0	0	0	0	0	0	0	0	0	0	0	0	0	0	0	0	0	0	0	0	0	0	0	0	0	0	0	0	0	0	0	0	0	0	0	0	0	0	0	0	0	0	0	0	0	0	0	0	0	0	0	0	0	0	0	0	0	0	0	0	0	0	0	0	0	0	0	0	0	0	0	0	0	0	0	0	0	0	0	0	0	0	0	0	0	0	0	0	0	0	0	0	0	0	0	0	0	0	0	0	0	0	0	0	0	0	0	0	0	0	0	0	0	0	0	0	0	0	0	0	0	0	0	0	0	0	0	0	0	0	0	0	0	0	0	0	0	0	0	0	0	0	0
435	WAR	0	0	0	0	0	0	0	0	0	0	0	0	0	0	0	0	0	0	0	0	0	0	0	0	0	0	0	0	0	0	0	0	0	0	0	0	0	0	0	0	0	0	0	0	0	0	0	0	0	0	0	0	0	0	0	0	0	0	0	0	0	0	0	0	0	0	0	0	0	0	0	0	0	0	0	0	0	0	0	0	0	0	0	0	0	0	0	0	0	0	0	0	0	0	0	0	0	0	0	0	0	0	0	0	0	0	0	0	0	0	0	0	0	0	0	0	0	0	0	0	0	0	0	0	0	0	0	0	0	0	0	0	0	0	0	0	0	0	0	0	0	0	0	0	0	0	0	0	0
436	Wt-1	0	0	0	0	0	0	0	0	0	0	0	0	0	0	0	0	0	0	0	0	0	0	0	0	0	0	0	0	0	0	0	0	0	0	0	0	0	0	0	0	0	0	0	0	0	0	0	0	0	0	0	0	0	0	0	0	0	0	0	0	0	0	0	0	0	0	0	0	0	0	0	0	0	0	0	0	0	0	0	0	0	0	0	0	0	0	0	0	0	0	0	0	0	0	0	0	0	0	0	0	0	0	0	0	0	0	0	0	0	0	0	0	0	0	0	0	0	0	0	0	0	0	0	0	0	0	0	0	0	0	0	0	0	0	0	0	0	0	0	0	0	0	0	0	0	0	0	0	0
437	Zu-1	0	0	0	0	0	0	0	0	0	0	0	0	0	0	0	0	0	0	0	0	0	0	0	0	0	0	0	0	0	0	0	0	0	0	0	0	0	0	0	0	0	0	0	0	0	0	0	0	0	0	0	0	0	0	0	0	0	0	0	0	0	0	0	0	0	0	0	0	0	0	0	0	0	0	0	0	0	0	0	0	0	0	0	0	0	0	0	0	0	0	0	0	0	0	0	0	0	0	0	0	0	0	0	0	0	0	0	0	0	0	0	0	0	0	0	0	0	0	0	0	0	0	0	0	0	0	0	0	0	0	0	0	0	0	0	0	0	0	0	0	0	0	0	0	0	0	0	0	0
