id	name	4_270485_0	4_270525_0	4_270526_0	4_270527_0	4_270528_0	4_270555_0	4_270620_0	4_270636_0	4_270693_0	4_270697_0	4_270698_0	4_270699_0	4_270700_0	4_270701_0	4_270702_0	4_270703_0	4_270706_0	4_270710_0	4_270711_0	4_270712_0	4_270713_0	4_270714_0	4_270715_0	4_270716_0	4_270717_0	4_270718_0	4_270719_0	4_270720_0	4_270721_0	4_270722_0	4_270723_0	4_270724_0	4_270725_0	4_270726_0	4_270727_0	4_270729_0	4_270730_0	4_270731_0	4_270736_0	4_270736_1	4_270741_0	4_270742_0	4_270743_0	4_270744_0	4_270745_0	4_270746_0	4_270751_0	4_270752_0	4_270753_0	4_270758_0	4_270759_0	4_270760_0	4_270761_0	4_270764_0	4_270765_0	4_270769_0	4_270770_0	4_270771_0	4_270772_0	4_270773_0	4_270774_0	4_270775_0	4_270776_0	4_270777_0	4_270778_0	4_270779_0	4_270780_0	4_270782_0	4_270783_0	4_270785_0	4_270789_0	4_270790_0	4_270791_1	4_270793_0	4_270814_0	4_270862_0	4_270882_0	4_270887_0	4_270898_0	4_270919_0	4_270944_0
5837	Bor-1	0	3	2	1	4	1	1	1	2	3	1	1	1	3	1	1	1	3	3	1	4	3	3	2	1	3	1	4	2	1	1	1	3	1	3	1	1	1	4	-1	4	3	3	1	3	1	2	1	2	2	1	3	2	3	1	1	3	1	3	1	4	3	3	1	1	3	1	1	1	3	3	1	-1	4	2	3	2	1	3	4	3
6008	Duk	0	0	0	0	0	0	1	1	2	3	1	1	1	3	1	1	1	3	3	1	4	3	3	2	1	3	1	4	2	1	1	1	3	1	3	1	1	1	4	-1	4	3	3	1	3	1	2	1	2	2	1	3	2	3	1	1	3	1	3	1	4	3	3	1	1	3	1	1	1	3	3	1	-1	4	2	3	2	1	1	4	3
6009	Eden-1	3	3	2	1	4	1	1	1	2	3	1	1	1	3	1	1	1	3	3	1	4	3	3	2	1	3	1	4	2	1	1	1	3	1	3	1	1	1	4	-1	4	3	3	1	3	1	2	1	2	2	1	3	2	3	1	1	3	1	3	1	4	3	3	1	1	3	1	1	1	3	3	1	-1	4	2	3	2	1	3	4	3
6016	Eds-1	3	3	2	1	4	1	1	1	2	3	1	1	1	3	1	1	1	3	3	1	4	3	3	2	1	3	1	4	2	1	1	1	3	1	3	1	1	1	4	-1	4	3	3	1	3	1	2	1	2	2	1	3	2	3	1	1	3	1	3	1	4	3	3	1	1	3	1	1	1	3	3	1	-1	4	2	3	2	1	3	4	3
6024	Fly-2-2	0	0	0	0	0	0	0	0	0	0	0	0	0	0	0	0	0	0	0	0	0	0	0	0	0	0	0	0	0	0	0	0	0	0	0	0	0	0	0	0	0	0	0	0	0	0	0	0	0	0	0	0	0	0	0	0	0	0	0	0	0	0	0	0	0	0	0	0	0	0	0	0	0	0	0	0	2	1	3	4	3
6039	Hovdala-2	0	0	0	0	0	1	1	1	2	3	1	1	1	3	1	1	1	3	3	1	4	3	3	2	1	3	1	4	2	1	1	1	3	1	3	1	1	1	4	-1	4	3	3	1	3	1	2	1	2	2	1	3	2	3	1	1	3	1	3	1	4	3	3	1	1	3	1	1	1	3	3	1	-1	4	2	3	2	1	3	4	3
6040	Kni-1	0	0	0	0	0	0	0	0	0	0	0	0	0	0	0	0	0	0	0	0	0	0	3	2	1	3	1	4	2	1	1	1	3	1	3	1	1	1	4	-1	4	3	3	1	3	1	2	1	2	2	1	3	2	3	1	1	3	1	3	1	4	3	3	1	1	3	1	1	1	3	3	1	-1	4	2	3	2	1	3	4	3
6042	Lom-1-1	0	3	2	1	4	1	1	1	0	0	0	0	0	0	0	0	0	0	0	0	0	0	0	0	0	0	0	0	0	0	0	0	0	0	0	0	0	0	0	0	0	0	0	0	0	0	0	0	0	0	0	0	0	0	0	0	0	0	0	0	0	0	0	0	0	0	0	0	0	0	0	0	0	0	0	0	0	0	0	0	0
6043	Lov-1	0	0	0	0	0	1	1	1	2	3	1	1	1	3	1	1	1	3	3	1	4	3	3	2	1	3	1	4	2	1	1	1	3	1	3	1	1	1	4	-1	4	3	3	1	3	1	2	1	2	2	1	3	2	3	1	1	3	1	3	1	4	3	3	1	1	3	1	1	1	3	3	1	-1	4	2	3	2	1	3	4	3
6046	Lov-5	0	3	2	1	4	1	1	1	2	3	1	1	1	3	1	1	1	3	3	1	4	3	3	2	1	3	1	4	2	1	1	1	3	1	3	1	1	1	4	-1	4	3	3	1	3	1	2	1	2	2	1	3	2	3	1	1	3	1	3	1	4	3	3	1	1	3	1	1	1	3	3	1	-1	4	2	3	2	1	3	4	3
6064	Nyl-2	3	3	2	1	4	1	1	1	2	3	1	1	1	3	1	1	1	3	3	1	4	3	3	2	1	3	1	4	2	1	1	1	3	1	3	1	1	1	4	-1	4	3	3	1	3	1	2	1	2	2	1	3	2	3	1	1	3	1	3	1	4	3	3	1	1	3	1	1	1	3	3	1	-1	4	2	3	2	1	3	4	3
6074	Ör-1	3	3	2	1	4	1	1	1	2	3	1	1	1	3	1	1	1	3	3	1	4	3	3	2	1	3	1	4	2	1	1	1	3	1	3	1	1	1	4	-1	4	3	3	1	3	1	2	1	2	2	1	3	2	3	1	1	3	1	3	1	4	3	3	1	1	3	1	1	1	3	3	1	-1	4	2	3	2	1	3	4	3
6088	Stu-1-1	0	0	0	0	0	0	1	1	0	0	0	0	0	0	0	0	0	0	0	0	0	0	0	0	0	0	0	0	0	0	0	0	0	0	0	0	0	0	0	0	0	0	0	0	0	0	0	0	0	0	0	0	0	0	0	0	0	0	0	0	0	0	0	0	0	0	0	0	0	0	0	0	0	0	0	0	0	0	0	0	0
6243	Tottarp-2	0	0	0	0	0	0	1	1	2	3	1	1	1	3	1	1	1	3	3	1	4	3	3	2	1	3	1	4	2	1	1	1	3	1	3	1	1	1	4	-1	4	3	3	1	3	1	2	1	2	2	1	3	2	3	1	1	3	1	3	1	4	3	3	1	1	3	1	1	1	3	3	1	-1	4	2	3	2	1	3	4	3
6709	Bg-2	0	0	0	0	0	0	0	0	0	0	0	0	0	0	0	0	0	0	0	0	0	0	0	0	0	0	0	0	0	0	0	0	0	0	0	0	0	0	0	0	0	0	0	0	0	0	0	0	0	0	0	0	0	0	0	0	0	0	0	0	0	0	0	0	0	0	0	0	0	0	0	0	0	0	0	0	0	0	0	0	0
6830	Kz-13	0	0	0	0	0	0	1	1	2	3	1	1	1	3	1	1	1	3	3	1	4	3	3	2	1	3	1	4	2	1	1	1	3	1	3	1	1	1	4	-1	4	3	3	1	3	1	2	1	2	2	1	3	2	3	1	1	3	1	3	1	4	3	3	1	1	3	1	1	1	3	3	1	-1	4	2	3	2	1	3	4	3
6897	Ag-0	3	3	2	1	4	1	1	1	2	3	1	1	1	3	1	1	1	3	3	1	4	3	3	2	1	3	1	4	2	1	1	1	3	1	3	1	1	1	4	-1	4	3	3	1	3	1	2	1	2	2	1	3	2	3	1	1	3	1	3	1	4	3	3	1	1	3	1	1	1	3	3	1	-1	4	2	3	2	1	1	4	3
6898	An-1	3	3	2	1	4	1	1	1	4	4	4	4	2	4	-1	-1	4	4	-1	-1	-1	-1	-1	-1	-1	-1	-1	-1	-1	-1	-1	-1	-1	-1	-1	4	2	4	2	3	3	-1	-1	-1	-1	-1	3	4	3	-1	-1	-1	-1	4	2	-1	-1	-1	-1	-1	-1	-1	-1	-1	-1	-1	-1	2	4	1	4	4	3	4	2	3	2	1	3	4	3
6899	Bay-0	3	3	2	1	4	1	1	1	2	3	1	1	1	3	1	1	1	3	3	1	4	3	3	2	1	3	1	4	2	1	1	1	3	1	3	1	1	1	4	-1	4	3	3	1	3	1	2	1	2	2	1	3	2	3	1	1	3	1	3	1	4	3	3	1	1	3	1	1	1	3	3	1	-1	4	2	3	2	1	1	4	3
6900	Bil-5	0	3	2	1	4	1	1	1	2	3	1	1	1	3	1	1	1	3	3	1	4	3	3	2	1	3	1	4	2	1	1	1	3	1	3	1	1	1	4	-1	4	3	3	1	3	1	2	1	2	2	1	3	2	3	1	1	3	1	3	1	4	3	3	1	1	3	1	1	1	3	3	1	-1	4	2	3	2	1	3	4	3
6901	Bil-7	3	3	2	1	4	1	1	1	2	3	1	1	1	3	1	1	1	3	3	1	4	3	3	2	1	3	1	4	2	1	1	1	3	1	3	1	1	1	4	-1	4	3	3	1	3	1	2	1	2	2	1	3	2	3	1	1	3	1	3	1	4	3	3	1	1	3	1	1	1	3	3	1	-1	4	2	3	2	1	3	4	3
6903	Bor-4	0	0	0	0	0	1	1	1	2	3	1	1	1	3	1	1	1	3	3	1	4	3	3	2	1	3	1	4	2	1	1	1	3	1	3	1	1	1	4	-1	4	3	3	1	3	1	2	1	2	2	1	3	2	3	1	1	3	1	3	1	4	3	3	1	1	3	1	1	1	3	3	1	-1	4	2	3	2	1	3	4	3
6904	Br-0	3	3	2	1	4	1	1	1	2	3	1	1	1	3	1	1	1	3	3	1	4	3	3	2	1	3	1	4	2	1	1	1	3	1	3	1	1	1	4	-1	4	3	3	1	3	1	2	1	2	2	1	3	2	3	1	1	3	1	3	1	4	3	3	1	1	3	1	1	1	3	3	1	-1	4	2	3	2	1	3	4	3
6905	Bur-0	3	3	2	1	4	1	1	1	2	3	1	1	1	3	1	1	1	3	3	1	4	3	3	2	1	3	1	4	2	1	1	1	3	1	3	1	1	1	4	-1	4	3	3	1	3	1	2	1	2	2	1	3	2	3	1	1	3	1	3	1	4	3	3	1	1	3	1	1	1	3	3	1	-1	4	2	3	2	1	3	4	3
6906	C24	3	3	2	1	4	1	1	1	2	3	1	1	1	3	1	1	1	3	3	1	4	3	3	2	1	3	1	4	2	1	1	1	3	1	3	1	1	1	4	-1	4	3	3	1	3	1	2	1	2	2	1	3	2	3	1	1	3	1	3	1	4	3	3	1	1	3	1	1	1	3	3	1	-1	4	2	3	2	1	3	4	3
6907	CIBC-17	0	3	2	1	4	1	1	1	2	3	1	1	1	3	1	1	1	3	3	1	4	3	3	2	1	3	1	4	2	1	1	1	3	1	3	1	1	1	4	-1	4	3	3	1	3	1	2	1	2	2	1	3	2	3	1	1	3	1	3	1	4	3	3	1	1	3	1	1	1	3	3	1	-1	4	2	3	2	1	3	4	3
6908	CIBC-5	0	3	2	1	4	1	1	1	2	3	1	1	1	3	1	1	1	3	3	1	4	3	3	2	1	3	1	4	2	1	1	1	3	1	3	1	1	1	4	-1	4	3	3	1	3	1	2	1	2	2	1	3	2	3	1	1	3	1	3	1	4	3	3	1	1	3	1	1	1	3	3	1	-1	4	2	3	2	1	3	4	3
6909	Col-0	3	3	2	1	4	1	1	1	2	3	1	1	1	3	1	1	1	3	3	1	4	3	3	2	1	3	1	4	2	1	1	1	3	1	3	1	1	1	4	-1	4	3	3	1	3	1	2	1	2	2	1	3	2	3	1	1	3	1	3	1	4	3	3	1	1	3	1	1	1	3	3	1	-1	4	2	1	2	1	3	4	3
6910	Ct-1	0	0	0	0	0	0	1	1	2	3	1	1	1	3	1	1	1	3	3	1	4	3	3	2	1	3	1	4	2	1	1	1	3	1	3	1	1	1	4	-1	4	3	3	1	3	1	2	1	2	2	1	3	2	3	1	1	3	1	3	1	4	3	3	1	1	3	1	1	1	3	3	1	-1	4	2	3	2	1	1	4	3
6911	Cvi-0	0	3	2	1	4	1	2	1	2	3	1	1	1	3	1	1	1	3	3	1	4	3	3	2	1	3	1	4	2	1	1	1	3	1	3	1	1	1	4	-1	4	3	3	1	3	1	2	1	2	2	1	3	2	3	1	1	3	1	3	1	4	3	3	1	1	3	1	1	1	3	3	1	-1	4	2	3	2	1	3	4	3
6913	Eden-2	3	3	2	1	4	1	1	1	2	3	1	1	1	3	1	1	1	3	3	1	4	3	3	2	1	3	1	4	2	1	1	1	3	1	3	1	1	1	4	-1	4	3	3	1	3	1	2	1	2	2	1	3	2	3	1	1	3	1	3	1	4	3	3	1	1	3	1	1	1	3	3	1	-1	4	2	3	2	1	3	4	3
6914	Edi-0	3	3	2	1	4	1	1	1	2	3	1	1	1	3	1	1	1	3	3	1	4	3	3	2	1	3	1	4	2	1	1	1	3	1	3	1	1	1	4	-1	4	3	3	1	3	1	2	1	2	2	1	3	2	3	1	1	3	1	3	1	4	3	3	1	1	3	1	1	1	3	3	1	-1	4	2	1	2	1	3	4	3
6915	Ei-2	3	3	2	1	4	1	1	1	2	3	1	1	1	3	1	1	1	3	3	1	4	3	3	2	1	3	1	4	2	1	1	1	3	1	3	1	1	1	4	-1	4	3	3	1	3	1	2	1	2	2	1	3	2	3	1	1	3	1	3	1	4	3	3	1	1	3	1	1	1	3	3	1	-1	4	2	3	2	1	3	4	3
6916	Est-1	0	3	2	1	4	1	1	1	2	3	1	1	1	3	1	1	1	3	3	1	4	3	3	2	1	3	1	4	2	1	1	1	3	1	3	1	1	1	4	-1	4	3	3	1	3	1	2	1	2	2	1	3	2	3	1	1	3	1	3	1	4	3	3	1	1	3	1	1	1	3	3	1	-1	4	2	1	2	1	3	4	3
6917	Fab-2	3	3	2	1	4	1	1	1	2	3	1	1	1	3	1	1	1	3	3	1	4	3	3	2	1	3	1	4	2	1	1	1	3	1	3	1	1	1	4	-1	4	3	3	1	3	1	2	1	2	2	1	3	2	3	1	1	3	1	3	1	4	3	3	1	1	3	1	1	1	3	3	1	-1	4	2	3	2	1	3	4	3
6918	Fab-4	3	3	2	1	4	1	1	1	2	3	1	1	1	3	1	1	1	3	3	1	4	3	3	2	1	3	1	4	2	1	1	1	3	1	3	1	1	1	4	-1	4	3	3	1	3	1	2	1	2	2	1	3	2	3	1	1	3	1	3	1	4	3	3	1	1	3	1	1	1	3	3	1	-1	4	2	3	2	1	3	4	3
6919	Ga-0	0	3	2	1	4	1	1	1	2	3	1	1	1	3	1	1	1	3	3	1	4	3	3	2	1	3	1	4	2	1	1	1	3	1	3	1	1	1	4	-1	4	3	3	1	3	1	2	1	2	2	1	3	2	3	1	1	3	1	3	1	4	3	3	1	1	3	1	1	1	3	3	1	-1	4	2	3	2	1	1	4	3
6920	Got-22	3	3	2	1	4	1	1	1	2	3	1	1	1	3	1	1	1	3	3	1	4	3	3	2	1	3	1	4	2	1	1	1	3	1	3	1	1	1	4	-1	4	3	3	1	3	1	2	1	2	2	1	3	2	3	1	1	3	1	3	1	4	3	3	1	1	3	1	1	1	3	3	1	-1	4	2	3	2	1	1	4	3
6921	Got-7	3	3	2	1	4	1	1	1	2	3	1	1	1	3	1	1	1	3	3	1	4	3	3	2	1	3	1	4	2	1	1	1	3	1	3	1	1	1	4	-1	4	3	3	1	3	1	2	1	2	2	1	3	2	3	1	1	3	1	3	1	4	3	3	1	1	3	1	1	1	3	3	1	-1	4	2	3	2	1	1	4	3
6922	Gu-0	3	3	2	1	4	1	1	1	2	3	1	1	1	3	1	1	1	3	3	1	4	3	3	2	1	3	1	4	2	1	1	1	3	1	3	1	1	1	4	-1	4	3	3	1	3	1	2	1	2	2	1	3	2	3	1	1	3	1	3	1	4	3	3	1	1	3	1	1	1	3	3	1	-1	4	2	1	2	1	3	4	3
6923	HR-10	0	3	2	1	4	1	1	1	2	3	1	1	1	3	1	1	1	3	3	1	4	3	3	2	1	3	1	4	2	1	1	1	3	1	3	1	1	1	4	-1	4	3	3	1	3	1	2	1	2	2	1	3	2	3	1	1	3	1	3	1	4	3	3	1	1	3	1	1	1	3	3	1	-1	4	2	3	2	1	3	4	3
6924	HR-5	0	3	2	1	4	1	1	1	2	3	1	1	1	3	1	1	1	3	3	1	4	3	3	2	1	3	1	4	2	1	1	1	3	1	3	1	1	1	4	-1	4	3	3	1	3	1	2	1	2	2	1	3	2	3	1	1	3	1	3	1	4	3	3	1	1	3	1	1	1	3	3	1	-1	4	2	3	2	1	3	4	3
6926	Kin-0	0	0	0	0	0	1	1	1	2	3	1	1	1	3	1	1	1	3	3	1	4	3	3	2	1	3	1	4	2	1	1	1	3	1	3	1	1	1	4	-1	4	3	3	1	3	1	2	1	2	2	1	3	2	3	1	1	3	1	3	1	4	3	3	1	1	3	1	1	1	3	3	1	-1	4	2	3	2	1	3	0	0
6927	Knox-10	3	3	2	1	4	1	1	1	2	3	1	1	1	3	1	1	1	3	3	1	4	3	3	2	1	3	1	4	2	1	1	1	3	1	3	1	1	1	4	-1	4	3	3	1	3	1	2	1	2	2	1	3	2	3	1	1	3	1	3	1	4	3	3	1	1	3	1	1	1	3	3	1	-1	4	2	1	2	1	3	4	3
6928	Knox-18	0	3	2	1	4	1	1	1	2	3	1	1	1	3	1	1	1	3	3	1	4	3	3	2	1	3	1	4	2	1	1	3	3	1	3	1	1	1	4	-1	4	3	3	1	3	1	2	1	2	2	1	3	2	3	1	1	3	1	3	1	4	3	3	1	1	3	1	1	1	3	3	1	-1	4	2	3	2	1	3	4	3
6929	Kondara	3	3	2	1	4	1	1	1	2	3	1	1	1	3	1	1	1	3	3	1	4	3	3	2	1	3	1	4	2	1	1	1	3	1	3	1	1	1	4	-1	4	3	3	1	3	1	2	1	2	2	1	3	2	3	1	1	3	1	3	1	4	3	3	1	1	3	1	1	1	3	3	1	-1	4	2	3	2	1	3	4	3
6930	Kz-1	0	3	2	1	4	1	1	1	2	3	1	1	1	3	1	1	1	3	3	1	4	3	3	2	1	3	1	4	2	1	1	1	3	1	3	1	1	1	4	-1	4	3	3	1	3	1	2	1	2	2	1	3	2	3	1	1	3	1	3	1	4	3	3	1	1	3	1	1	1	3	3	1	-1	4	2	3	2	1	3	4	1
6931	Kz-9	0	0	0	0	0	1	1	1	2	3	1	1	1	3	1	1	1	3	3	1	4	3	3	2	1	3	1	4	2	1	1	1	3	1	3	1	1	1	4	-1	4	3	3	1	3	1	2	1	2	2	1	3	2	3	1	1	3	1	3	1	4	3	3	1	1	3	1	1	1	3	3	1	-1	4	2	3	2	1	3	4	3
6932	Ler-1	0	3	2	1	4	1	1	1	2	3	1	1	1	3	1	1	1	3	3	1	4	3	3	2	1	3	1	4	2	1	1	1	3	1	3	1	1	1	4	-1	4	3	3	1	3	1	2	1	2	2	1	3	2	3	1	1	3	1	3	1	4	3	3	1	1	3	1	1	1	3	3	1	-1	4	2	3	2	1	1	4	3
6933	LL-0	3	3	2	1	4	1	1	1	2	3	1	1	1	3	1	1	1	3	3	1	4	3	3	2	1	3	1	4	2	1	1	1	3	1	3	1	1	1	4	-1	4	3	3	1	3	1	2	1	2	2	1	3	2	3	1	1	3	1	3	1	4	3	3	1	1	3	1	1	1	3	3	1	-1	4	2	3	2	1	3	4	3
6936	Lz-0	3	3	2	1	4	1	1	1	2	3	1	1	1	3	1	1	1	3	3	1	4	3	3	2	1	3	1	4	2	1	1	1	3	1	3	1	1	1	4	-1	4	3	3	1	3	1	2	1	2	2	1	3	2	3	1	1	3	1	3	1	4	3	3	1	1	3	1	1	1	3	3	1	-1	4	2	3	2	1	1	4	3
6937	Mrk-0	0	3	2	1	4	1	1	1	2	3	1	1	1	3	1	1	1	3	3	1	4	3	3	2	1	3	1	4	2	1	1	1	3	1	3	1	1	1	4	-1	4	3	3	1	3	1	2	1	2	2	1	3	2	3	1	1	3	1	3	1	4	3	3	1	1	3	1	1	1	3	3	1	-1	4	2	3	2	1	1	4	3
6939	Mt-0	0	3	2	1	4	1	1	1	2	3	1	1	1	3	1	1	1	3	3	1	4	3	3	2	1	3	1	4	2	1	1	1	3	1	3	1	1	1	4	-1	4	3	3	1	3	1	2	1	2	2	1	3	2	3	1	1	3	1	3	1	4	3	3	1	1	3	1	1	1	3	3	1	-1	4	2	1	2	1	3	4	3
6940	Mz-0	3	3	2	1	4	1	1	1	2	3	1	1	1	3	1	1	1	3	3	1	4	3	3	2	1	3	1	4	2	1	1	1	3	1	3	1	1	1	4	-1	4	3	3	1	3	1	2	1	2	2	1	3	2	3	1	1	3	1	3	1	4	3	3	1	1	3	1	1	1	3	3	1	-1	4	2	1	2	1	3	4	3
6942	Nd-1	3	3	2	1	4	1	1	1	2	3	1	1	1	3	1	1	1	3	3	1	4	3	3	2	1	3	1	4	2	1	1	1	3	1	3	1	1	1	4	-1	4	3	3	1	3	1	2	1	2	2	1	3	2	3	1	1	3	1	3	1	4	3	3	1	1	3	1	1	1	3	3	1	-1	4	2	1	2	1	3	4	3
6943	NFA-10	0	3	2	1	4	1	1	1	2	3	1	1	1	3	1	1	1	3	3	1	4	3	3	2	1	3	1	4	2	1	1	1	3	1	3	1	1	1	4	-1	4	3	3	1	3	1	2	1	2	2	1	3	2	3	1	1	3	1	3	1	4	3	3	1	1	3	1	1	1	3	3	1	-1	4	2	3	2	1	3	4	3
6944	NFA-8	0	3	2	1	4	1	1	1	2	3	1	1	1	3	1	1	1	3	3	1	4	3	3	2	1	3	1	4	2	1	1	1	3	1	3	1	1	1	4	-1	4	3	3	1	3	1	2	1	2	2	1	3	2	3	1	1	3	1	3	1	4	3	3	1	1	3	1	1	1	3	3	1	-1	4	2	3	2	1	3	0	0
6945	Nok-3	3	3	2	1	4	1	1	1	2	3	1	1	1	3	1	1	1	3	3	1	4	3	3	2	1	3	1	4	2	1	1	1	3	1	3	1	1	1	4	-1	4	3	3	1	3	1	2	1	2	2	1	3	2	3	1	1	3	1	3	1	4	3	3	1	1	3	1	1	1	3	3	1	-1	4	2	3	2	1	3	4	3
6946	Oy-0	0	3	2	1	4	1	1	1	2	3	1	1	1	3	1	1	1	3	3	1	4	3	3	2	1	3	1	4	2	1	1	1	3	1	3	1	1	1	4	-1	4	3	3	1	3	1	2	1	2	2	1	3	2	3	1	1	3	1	3	1	4	3	3	1	1	3	1	1	1	3	3	1	-1	4	2	1	2	1	3	4	3
6951	Pu2-23	1	3	2	1	4	1	1	1	2	3	1	1	1	3	1	1	1	3	3	1	4	3	3	2	1	3	1	4	2	1	1	1	3	1	3	1	1	1	4	-1	4	3	3	1	3	1	2	1	2	2	1	3	2	3	1	1	3	1	3	1	4	3	3	1	1	3	1	1	1	3	3	1	-1	4	2	3	2	3	3	4	3
6956	Pu2-7	3	3	2	1	4	1	1	1	2	3	1	1	1	3	1	1	1	3	3	1	4	3	3	2	1	3	1	4	2	1	1	1	3	1	3	1	1	1	4	-1	4	3	3	1	3	1	2	1	2	2	1	3	2	3	1	1	3	1	3	1	4	3	3	1	1	3	1	1	1	3	3	1	-1	4	2	3	2	1	3	4	3
6957	Pu-2-8	3	3	2	1	4	1	1	1	2	3	1	1	1	3	1	1	1	3	3	1	4	3	3	2	1	3	1	4	2	1	1	1	3	1	3	1	1	1	4	-1	4	3	3	1	3	1	2	1	2	2	1	3	2	3	1	1	3	1	3	1	4	3	3	1	1	3	1	1	1	3	3	1	-1	4	2	3	2	1	3	4	3
6958	Ra-0	3	3	2	1	4	1	1	1	2	3	1	1	1	3	1	1	1	3	3	1	4	3	3	2	1	3	1	4	2	1	1	1	3	1	3	1	1	1	4	-1	4	3	3	1	3	1	2	1	2	2	1	3	2	3	1	1	3	1	3	1	4	3	3	1	1	3	1	1	1	3	3	1	-1	4	2	3	2	1	1	4	3
6959	Ren-1	3	3	2	1	4	1	1	1	2	3	1	1	1	3	1	1	1	3	3	1	4	3	3	2	1	3	1	4	2	1	1	1	3	1	3	1	1	1	4	-1	4	3	3	1	3	1	2	1	2	2	1	3	2	3	1	1	3	1	3	1	4	3	3	1	1	3	1	1	1	3	3	1	-1	4	2	3	2	1	3	4	3
6960	Ren-11	3	3	2	1	4	1	1	1	2	3	1	1	1	3	1	1	1	3	3	1	4	3	3	2	1	3	1	4	2	1	1	1	3	1	3	1	1	1	4	-1	4	3	3	1	3	1	2	1	2	2	1	3	2	3	1	1	3	1	3	1	4	3	3	1	1	3	1	1	1	3	3	1	-1	4	2	3	2	1	3	4	3
6961	Se-0	3	3	2	1	4	1	1	1	2	3	1	1	1	3	1	1	1	3	3	1	4	3	3	2	1	3	1	4	2	1	1	1	3	1	3	1	1	1	4	-1	4	3	3	1	3	1	2	1	2	2	1	3	2	3	1	1	3	1	3	1	4	3	3	1	1	3	1	1	1	3	3	1	-1	4	2	3	2	1	3	4	3
6962	Shahdara	0	3	2	1	4	1	1	1	2	3	1	1	1	3	1	1	1	3	3	1	4	3	3	2	1	3	1	4	2	1	1	1	3	1	3	1	1	1	4	-1	4	3	3	1	3	1	2	1	2	2	1	3	2	3	1	1	3	1	3	1	4	3	3	1	1	3	1	1	1	3	3	1	-1	4	2	3	2	1	3	4	0
6963	Sorbo	0	0	0	0	0	1	1	1	2	3	1	1	1	3	1	1	1	3	3	1	4	3	3	2	1	3	1	4	2	1	1	1	3	1	3	1	1	1	4	-1	4	3	3	1	3	1	2	1	2	2	1	3	2	3	1	1	3	1	3	1	4	3	3	1	1	3	1	1	1	3	3	1	-1	4	2	3	2	1	3	4	0
6964	Spr1-2	0	3	2	1	4	1	1	1	2	3	1	1	1	3	1	1	1	3	3	1	4	3	3	2	1	3	1	4	2	1	1	1	3	1	3	1	1	1	4	-1	4	3	3	1	3	1	2	1	2	2	1	3	2	3	1	1	3	1	3	1	4	3	3	1	1	3	1	1	1	3	3	1	-1	4	2	3	2	1	3	4	3
6965	Spr1-6	3	3	2	1	4	1	1	1	2	3	1	1	1	3	1	1	1	3	3	1	4	3	3	2	1	3	1	4	2	1	1	1	3	1	3	1	1	1	4	-1	4	3	3	1	3	1	2	1	2	2	1	3	2	3	1	1	3	1	3	1	4	3	3	1	1	3	1	1	1	3	3	1	-1	4	2	3	2	1	3	4	3
6966	Sq-1	0	3	2	1	4	1	1	1	2	3	1	1	1	3	1	1	1	3	3	1	4	3	3	2	1	3	1	4	2	1	1	1	3	1	3	1	1	1	4	-1	4	3	3	1	3	1	2	1	2	2	1	3	2	3	1	1	3	1	3	1	4	3	3	1	1	3	1	1	1	3	3	1	-1	4	2	3	2	1	3	4	3
6967	Sq-8	0	3	2	1	4	1	1	1	2	3	1	1	1	3	1	1	1	3	3	1	4	3	3	2	1	3	1	4	2	1	1	1	3	1	3	1	1	1	4	-1	4	3	3	1	3	1	2	1	2	2	1	3	2	3	1	1	3	1	3	1	4	3	3	1	1	3	1	1	1	3	3	1	-1	4	2	1	2	1	3	4	3
6968	Tamm-2	3	3	2	1	4	1	1	1	2	3	1	1	1	3	1	1	1	3	3	1	4	3	3	2	1	3	1	4	2	1	1	1	3	1	3	1	1	1	4	-1	4	3	3	1	3	1	2	1	2	2	1	3	2	3	1	1	3	1	3	1	4	3	3	1	1	3	1	1	1	3	3	1	-1	4	2	3	2	1	3	4	3
6969	Tamm-27	3	3	2	1	4	1	1	1	2	3	1	1	1	3	1	1	1	3	3	1	4	3	3	2	1	3	1	4	2	1	1	1	3	1	3	1	1	1	4	-1	4	3	3	1	3	1	2	1	2	2	1	3	2	3	1	1	3	1	3	1	4	3	3	1	1	3	1	1	1	3	3	1	-1	4	2	3	2	1	3	4	3
6970	Ts-1	3	3	2	1	4	1	1	1	2	3	1	1	1	3	1	1	1	3	3	1	4	3	3	2	1	3	1	4	2	1	1	1	3	1	3	1	1	1	4	-1	4	3	3	1	3	1	2	1	2	2	1	3	2	3	1	1	3	1	3	1	4	3	3	1	1	3	1	1	1	3	3	1	-1	4	2	3	2	1	3	4	3
6971	Ts-5	3	3	2	1	4	1	1	1	2	3	1	1	1	3	1	1	1	3	3	1	4	3	3	2	1	3	1	4	2	1	1	1	3	1	3	1	1	1	4	-1	4	3	3	1	3	1	2	1	2	2	1	3	2	3	1	1	3	1	3	1	4	3	3	1	1	3	1	1	1	3	3	1	-1	4	2	3	2	1	3	4	3
6972	Tsu-1	3	3	2	1	4	1	1	1	2	3	1	1	1	3	1	1	1	3	3	1	4	3	3	2	1	3	1	4	2	1	1	1	3	1	3	1	1	1	4	-1	4	3	3	1	3	1	2	1	2	2	1	3	2	3	1	1	3	1	3	1	4	3	3	1	1	3	1	1	1	3	3	1	-1	4	2	3	2	1	1	4	3
6973	Ull2-3	3	-1	-1	-1	-1	1	1	1	2	3	1	1	1	3	1	1	1	3	3	1	4	3	3	2	1	3	1	4	2	1	1	1	3	1	3	1	1	1	4	-1	4	3	3	1	3	1	2	1	2	2	1	3	2	3	1	1	3	1	3	1	4	3	3	1	1	3	1	1	1	3	3	1	-1	4	2	3	2	1	3	4	3
6974	Ull2-5	3	3	2	1	4	1	1	1	2	3	1	1	1	3	1	1	1	3	3	1	4	3	3	2	1	3	1	4	2	1	1	1	3	1	3	1	1	1	4	-1	4	3	3	1	3	1	2	1	2	2	1	3	2	3	1	1	3	1	3	1	4	3	3	1	1	3	1	1	1	3	3	1	-1	4	2	3	2	1	3	4	3
6975	Uod-1	3	3	2	1	4	1	1	1	2	3	1	1	1	3	1	1	1	3	3	1	4	3	3	2	1	3	1	4	2	1	1	1	3	1	3	1	1	1	4	-1	4	3	3	1	3	1	2	1	2	2	1	3	2	3	1	1	3	1	3	1	4	3	3	1	1	3	1	1	1	3	3	1	-1	4	2	3	2	1	1	4	3
6976	Uod-7	3	3	2	1	4	1	1	1	2	3	1	1	1	3	1	1	1	3	3	1	4	3	3	2	1	3	1	4	2	1	1	1	3	1	3	1	1	1	4	-1	4	3	3	1	3	1	2	1	2	2	1	3	2	3	1	1	3	1	3	1	4	3	3	1	1	3	1	1	1	3	3	1	-1	4	2	3	2	1	3	4	3
6977	Van-0	3	3	2	1	4	1	1	1	2	3	1	1	1	3	1	1	1	3	3	1	4	3	3	2	1	3	1	4	2	1	1	1	3	1	3	1	1	1	4	-1	4	3	3	1	3	1	2	1	2	2	1	3	2	3	1	1	3	1	3	1	4	3	3	1	1	3	1	1	1	3	3	1	-1	4	2	3	2	1	1	4	3
6978	Wa-1	3	3	2	1	4	1	1	1	2	3	1	1	1	3	1	1	1	3	3	1	4	3	3	2	1	3	1	4	2	1	1	1	3	1	3	1	1	1	4	-1	4	3	3	1	3	1	2	1	2	2	1	3	2	3	1	1	3	1	3	1	4	3	3	1	1	3	1	1	1	3	3	1	-1	4	2	3	2	1	3	4	3
6979	Wei-0	0	0	0	0	0	0	0	0	0	0	0	0	0	0	0	0	0	0	0	0	0	0	0	0	0	0	0	0	0	0	0	0	0	0	0	0	0	0	0	0	0	0	0	0	0	0	0	0	0	0	0	0	0	0	0	0	0	0	0	0	0	0	0	0	0	0	0	0	0	0	0	0	0	0	0	0	0	0	0	0	0
6980	Ws-0	3	3	2	1	4	1	1	1	2	3	1	1	1	3	1	1	1	3	3	1	4	3	3	2	1	3	1	4	2	1	1	1	3	1	3	1	1	1	4	-1	4	3	3	1	3	1	2	1	2	2	1	3	2	3	1	1	3	1	3	1	4	3	3	1	1	3	1	1	1	3	3	1	-1	4	2	3	2	1	3	4	3
6981	Ws-2	0	0	0	0	0	0	1	1	2	3	1	1	1	3	1	1	1	3	3	1	4	3	3	2	1	3	1	4	2	1	1	1	3	1	3	1	1	1	4	-1	4	3	3	1	3	1	2	1	2	2	1	3	2	3	1	1	3	1	3	1	4	3	3	1	1	3	1	1	1	3	3	1	-1	4	2	1	2	1	3	4	3
6982	Wt-5	3	3	2	1	4	1	1	1	2	3	1	1	1	3	1	1	1	3	3	1	4	3	3	2	1	3	1	4	2	1	1	1	3	1	3	1	1	1	4	-1	4	3	3	1	3	1	2	1	2	2	1	3	2	3	1	1	3	1	3	1	4	3	3	1	1	3	1	1	1	3	3	1	-1	4	2	3	2	1	1	4	3
6983	Yo-0	3	3	2	1	4	1	1	1	2	3	1	1	1	3	1	1	1	3	3	1	4	3	3	2	1	3	1	4	2	1	1	1	3	1	3	1	1	1	4	-1	4	3	3	1	3	1	2	1	2	2	1	3	2	3	1	1	3	1	3	1	4	3	3	1	1	3	1	1	1	3	3	1	-1	4	2	1	2	1	3	4	3
6984	Zdr-1	3	3	2	1	4	1	1	1	2	3	1	1	1	3	1	1	1	3	3	1	4	3	3	2	1	3	1	4	2	1	1	1	3	1	3	1	1	1	4	-1	4	3	3	1	3	1	2	1	2	2	1	3	2	3	1	1	3	1	3	1	4	3	3	1	1	3	1	1	1	3	3	1	-1	4	2	3	2	1	1	4	3
6985	Zdr-6	3	3	2	1	4	1	1	1	2	3	1	1	1	3	1	1	1	3	3	1	4	3	3	2	1	3	1	4	2	1	1	1	3	1	3	1	1	1	4	-1	4	3	3	1	3	1	2	1	2	2	1	3	2	3	1	1	3	1	3	1	4	3	3	1	1	3	1	1	1	3	3	1	-1	4	2	3	2	1	3	4	3
7438	CS22491	0	3	2	1	4	1	1	4	2	3	1	1	1	3	1	1	1	3	3	1	4	3	3	2	1	3	1	4	2	1	1	1	3	1	3	1	1	1	4	-1	4	3	3	1	3	1	2	1	2	2	1	3	2	3	1	1	3	1	3	1	4	3	3	1	1	3	1	1	1	3	3	1	-1	4	2	3	2	1	3	4	3
7453	M3385S	0	3	2	1	4	1	1	1	2	3	1	1	1	3	1	1	1	3	3	1	4	3	3	2	1	3	1	4	2	1	1	1	3	1	3	1	1	1	4	-1	4	3	3	1	3	1	2	1	2	2	1	3	2	3	1	1	3	1	3	1	4	3	3	1	1	3	1	1	1	3	3	1	-1	4	2	3	2	1	3	4	3
7514	RRS-7	0	0	0	0	0	0	1	1	2	3	1	1	1	3	1	1	1	3	3	1	4	3	3	2	1	3	1	4	2	1	1	1	3	1	3	1	1	1	4	-1	4	3	3	1	3	1	2	1	2	2	1	3	2	3	1	1	3	1	3	1	4	3	3	1	1	3	1	1	1	3	3	1	-1	4	2	3	2	1	0	0	0
7515	RRS-10	0	3	2	1	4	1	1	1	2	3	1	1	1	3	1	1	1	3	3	1	4	3	3	2	1	3	1	4	2	1	1	1	3	1	3	1	1	1	4	-1	4	3	3	1	3	1	2	1	2	2	1	3	2	3	1	1	3	1	3	1	4	3	3	1	1	3	1	1	1	3	3	1	-1	4	2	1	2	1	3	4	3
7516	Var2-1	3	3	2	1	4	1	1	1	2	3	1	1	1	3	1	1	1	3	3	1	4	3	3	2	1	3	1	4	2	1	1	1	3	1	3	1	1	1	4	-1	4	3	3	1	3	1	2	1	2	2	1	3	2	3	1	1	3	1	3	1	4	3	3	1	1	3	1	1	1	3	3	1	-1	4	2	3	2	1	3	4	3
7517	Var2-6	0	0	0	0	0	1	1	1	2	3	1	1	1	3	1	1	1	3	3	1	4	3	3	2	1	3	1	4	2	1	1	1	3	1	3	1	1	1	4	-1	4	3	3	1	3	1	2	1	2	2	1	3	2	3	1	1	3	1	3	1	4	3	3	1	1	3	1	1	1	3	3	1	-1	4	2	3	2	1	3	4	3
7518	Omo2-1	3	3	2	1	4	1	1	1	2	3	1	1	1	3	1	1	1	3	3	1	4	3	3	2	1	3	1	4	2	1	1	1	3	1	3	1	1	1	4	-1	4	3	3	1	3	1	2	1	2	2	1	3	2	3	1	1	3	1	3	1	4	3	3	1	1	3	1	1	1	3	3	1	-1	4	2	3	2	1	3	4	3
7519	Omo2-3	0	0	0	0	0	1	1	1	2	3	1	1	1	3	1	1	1	3	3	1	4	3	3	2	1	3	1	4	2	1	1	1	3	1	3	1	1	1	4	-1	4	3	3	1	3	1	2	1	2	2	1	3	2	3	1	1	3	1	3	1	4	3	3	1	1	3	1	1	1	3	3	1	-1	4	2	3	2	1	3	4	3
7520	Lp2-2	0	0	0	0	0	1	1	1	2	3	1	1	1	3	1	1	1	3	3	1	4	3	3	2	1	3	1	4	2	1	1	1	3	1	3	1	1	1	4	-1	4	3	3	1	3	1	2	1	2	2	1	3	2	3	1	1	3	1	3	1	4	3	3	1	1	3	1	1	1	3	3	1	-1	4	2	3	2	1	3	4	3
7521	Lp2-6	0	3	2	1	4	1	1	1	2	3	1	1	1	3	1	1	1	3	3	1	4	3	3	2	1	3	1	4	2	1	1	1	3	1	3	1	1	1	4	-1	4	3	3	1	3	1	2	1	2	2	1	3	2	3	1	1	3	1	3	1	4	3	3	1	1	3	1	1	1	3	3	1	-1	4	2	3	2	1	3	4	3
7522	Mr-0	0	3	2	1	4	1	1	1	2	3	1	1	1	3	1	1	1	3	3	1	4	3	3	2	1	3	1	4	2	1	1	1	3	1	3	1	1	1	4	-1	4	3	3	1	3	1	2	1	2	2	1	3	2	3	1	1	3	1	3	1	4	3	3	1	1	3	1	1	1	3	3	1	-1	4	2	3	2	1	1	4	3
7523	Pna-17	0	3	2	1	4	1	1	1	2	3	1	1	1	3	1	1	1	3	3	1	4	3	3	2	1	3	1	4	2	1	1	1	3	1	3	1	1	1	4	-1	4	3	3	1	3	1	2	1	2	2	1	3	2	3	1	1	3	1	3	1	4	3	3	1	1	3	1	1	1	3	3	1	-1	4	2	1	2	1	3	4	3
7524	Rmx-A02	3	3	2	1	4	1	1	1	2	3	1	1	1	3	1	1	1	3	3	1	4	3	3	2	1	3	1	4	2	1	1	1	3	1	3	1	1	1	4	-1	4	3	3	1	3	1	2	1	2	2	1	3	2	3	1	1	3	1	3	1	4	3	3	1	1	3	1	1	1	3	3	1	-1	4	2	1	2	1	3	4	3
7525	Rmx-A180	0	3	2	1	4	1	1	1	4	4	4	4	2	4	-1	-1	4	4	-1	-1	-1	-1	-1	-1	-1	-1	-1	-1	-1	-1	-1	-1	-1	-1	-1	4	2	4	2	3	3	-1	-1	-1	-1	-1	3	4	3	-1	-1	-1	-1	4	2	-1	-1	-1	-1	-1	-1	-1	-1	-1	-1	-1	-1	2	4	1	4	4	3	4	2	3	2	1	3	4	3
7526	Pna-10	0	0	0	0	0	0	0	0	2	3	1	1	1	3	1	1	1	3	3	1	4	3	3	2	1	3	1	4	2	1	1	1	3	1	3	1	1	1	4	0	0	0	0	0	0	0	0	0	0	2	1	3	2	3	1	1	3	1	3	1	4	3	3	1	1	3	1	1	1	3	3	1	-1	4	2	1	2	1	3	4	3
8213	Pro-0	3	3	2	1	4	1	1	1	4	4	4	4	2	4	-1	-1	4	4	-1	-1	-1	-1	-1	-1	-1	-1	-1	-1	-1	-1	-1	-1	-1	-1	-1	4	2	4	2	3	3	-1	-1	-1	-1	-1	3	4	3	-1	-1	-1	-1	4	2	-1	-1	-1	-1	-1	-1	-1	-1	-1	-1	-1	-1	2	4	1	4	4	3	4	2	3	2	1	3	4	3
8214	Gy-0	0	3	2	1	4	1	1	1	4	4	4	4	2	4	-1	-1	4	4	-1	-1	-1	-1	-1	-1	-1	-1	-1	-1	-1	-1	-1	-1	-1	-1	-1	4	2	4	2	3	3	-1	-1	-1	-1	-1	3	4	3	-1	-1	-1	-1	4	2	-1	-1	-1	-1	-1	-1	-1	-1	-1	-1	-1	-1	2	4	1	4	4	3	4	2	3	2	1	3	4	3
8215	Fei-0	3	3	2	1	4	1	1	1	4	4	4	4	2	4	-1	-1	4	4	-1	-1	-1	-1	-1	-1	-1	-1	-1	-1	-1	-1	-1	-1	-1	-1	-1	4	2	4	2	3	3	-1	-1	-1	-1	-1	3	4	3	-1	-1	-1	-1	4	2	-1	-1	-1	-1	-1	-1	-1	-1	-1	-1	-1	-1	2	4	1	4	4	3	4	2	3	2	1	3	4	3
8222	Lis-2	3	3	2	1	4	3	1	1	2	3	1	1	1	3	1	1	1	3	3	1	4	3	3	2	1	3	1	4	2	1	1	3	3	1	3	1	1	1	4	-1	4	3	3	1	3	1	2	1	2	2	1	3	2	3	1	1	3	1	3	1	4	3	3	1	1	3	1	1	1	3	3	1	-1	4	2	3	2	1	3	4	3
8230	Algutsrum	0	0	0	0	0	0	0	0	0	0	0	0	0	0	0	0	0	0	0	0	0	0	0	0	0	0	0	0	0	0	0	0	0	0	0	0	0	0	0	0	0	0	0	0	0	0	0	0	0	0	0	0	0	0	0	0	0	0	0	0	0	0	0	0	0	0	0	0	0	0	0	0	0	0	0	0	0	0	0	0	0
8231	Brö-1-6	0	3	2	1	4	1	1	1	2	3	1	1	1	3	1	1	1	3	3	1	4	3	3	2	1	3	1	4	2	1	1	1	3	1	3	1	1	1	4	-1	4	3	3	1	3	1	2	1	2	2	1	3	2	3	1	1	3	1	3	1	4	3	3	1	1	3	1	1	1	3	3	1	-1	4	2	3	2	1	3	4	3
8233	Dem-4	3	3	2	1	4	1	1	1	2	3	1	1	1	3	1	1	1	3	3	1	4	3	3	2	1	3	1	4	2	1	1	1	3	1	3	1	1	1	4	-1	4	3	3	1	3	1	2	1	2	2	1	3	2	3	1	1	3	1	3	1	4	3	3	1	1	3	1	1	1	3	3	1	-1	4	2	1	2	1	3	4	3
8234	Gul-1-2	0	3	2	1	4	1	1	1	2	3	1	1	1	3	1	1	1	3	3	1	4	3	3	2	1	3	1	4	2	1	1	1	3	1	3	1	1	1	4	-1	4	3	3	1	3	1	2	1	2	2	1	3	2	3	1	1	3	1	3	1	4	3	3	1	1	3	1	1	1	3	3	1	-1	4	2	3	2	1	3	9	3
8235	Hod	0	0	0	0	0	1	1	1	2	3	1	1	1	3	1	1	1	3	3	1	4	3	3	2	1	3	1	4	2	1	1	1	3	1	3	1	1	1	4	-1	4	3	3	1	3	1	2	1	2	2	1	3	2	3	1	1	3	1	3	1	4	3	3	1	1	3	1	1	1	3	3	1	-1	4	2	3	2	1	3	4	3
8236	HSm	3	3	2	1	4	1	1	1	2	3	1	1	1	3	1	1	1	3	3	1	4	3	3	2	1	3	1	4	2	1	1	1	3	1	3	1	1	1	4	-1	4	3	3	1	3	1	2	1	2	2	1	3	2	3	1	1	3	1	3	1	4	3	3	1	1	3	1	1	1	3	3	1	-1	4	4	3	2	1	3	4	3
8237	Kävlinge-1	3	3	2	1	4	1	1	1	2	3	1	1	1	3	1	1	1	3	3	1	4	3	3	2	1	3	1	4	2	1	1	1	3	1	3	1	1	1	4	-1	4	3	3	1	3	1	2	1	2	2	1	3	2	3	1	1	3	1	3	1	4	3	3	1	1	3	1	1	1	3	3	1	-1	4	2	3	2	1	3	4	3
8238	Kent	3	3	2	1	4	1	1	1	2	3	1	1	1	3	1	1	1	3	3	1	4	3	3	2	1	3	1	4	2	1	1	1	3	1	3	1	1	1	4	-1	4	3	3	1	3	1	2	1	2	2	1	3	2	3	1	1	3	1	3	1	4	3	3	1	1	3	1	1	1	3	3	1	-1	4	2	3	2	1	1	4	3
8239	Köln	3	3	2	1	4	1	1	1	2	3	1	1	1	3	1	1	1	3	3	1	4	3	3	2	1	3	1	4	2	1	1	1	3	1	3	1	1	1	4	-1	4	3	3	1	3	1	2	1	2	2	1	3	2	3	1	1	3	1	3	1	4	3	3	1	1	3	1	1	1	3	3	1	-1	4	2	1	2	1	3	4	3
8240	Kulturen-1	0	0	0	0	0	1	1	1	2	3	1	1	1	3	1	1	1	3	3	1	4	3	3	2	1	3	1	4	2	1	1	1	3	1	3	1	1	1	4	-1	4	3	3	1	3	1	2	1	2	2	1	3	2	3	1	1	3	1	3	1	4	3	3	1	1	3	1	1	1	3	3	1	-1	2	2	3	2	3	3	4	3
8241	Liarum	0	0	0	0	0	1	1	1	2	3	1	1	1	3	1	1	1	3	3	1	4	3	3	2	1	3	1	4	2	1	1	1	3	1	3	1	1	1	4	-1	4	3	3	1	3	1	2	1	2	2	1	3	2	3	1	1	3	1	3	1	4	3	3	1	1	3	1	1	1	3	3	1	-1	4	2	3	2	1	3	4	3
8242	Lillö-1	3	3	2	1	4	1	1	1	2	3	1	1	1	3	1	1	1	3	3	1	4	3	3	2	1	3	1	4	2	1	1	1	3	1	3	1	1	1	4	-1	4	3	3	1	3	1	2	1	2	2	1	3	2	3	1	1	3	1	3	1	4	3	3	1	1	3	1	1	1	3	3	1	-1	4	2	3	2	1	3	4	3
8243	N6002	0	0	0	0	0	0	0	0	0	0	0	0	0	0	0	0	0	0	0	0	0	0	0	0	0	0	0	0	0	0	0	0	0	0	0	0	0	0	0	0	0	0	0	0	0	0	0	0	0	0	0	0	0	0	0	0	0	0	0	0	0	0	0	0	0	0	0	0	0	0	0	0	0	0	0	0	2	1	3	4	3
8244	N6034	0	3	2	1	4	1	1	1	2	3	1	1	1	3	1	1	1	3	3	1	4	3	3	2	1	3	1	4	2	1	1	1	3	1	3	1	1	1	4	-1	4	3	3	1	3	1	2	1	2	2	1	3	2	3	1	1	3	1	3	1	4	3	3	1	1	3	1	1	1	3	3	1	-1	4	2	3	2	1	3	4	3
8245	N6187	0	0	0	0	0	0	1	1	2	3	1	1	1	3	1	1	1	3	3	1	4	3	3	2	1	3	1	4	2	1	1	1	3	1	3	1	1	1	4	-1	4	3	3	1	3	1	2	1	2	2	1	3	2	3	1	1	3	1	3	1	4	3	3	1	1	3	1	1	1	3	3	1	-1	4	2	3	2	1	3	4	3
8246	NC-6	3	3	2	1	4	1	1	1	2	3	1	1	1	3	1	1	1	3	3	1	4	3	3	2	1	3	1	4	2	1	1	1	3	1	3	1	1	1	4	-1	4	3	3	1	3	1	2	1	2	2	1	3	2	3	1	1	3	1	3	1	4	3	3	1	1	3	1	1	1	3	3	1	-1	4	2	1	2	1	3	4	3
8247	San-2	3	3	2	1	4	1	1	1	2	3	1	1	1	3	1	1	1	3	3	1	4	3	3	2	1	3	1	4	2	1	1	1	3	1	3	1	1	1	4	-1	4	3	3	1	3	1	2	1	2	2	1	3	2	3	1	1	3	1	3	1	4	3	3	1	1	3	1	1	1	3	3	1	-1	4	2	3	2	1	3	4	3
8249	Vimmerby	0	3	2	1	4	1	1	1	2	3	1	1	1	3	1	1	1	3	3	1	4	3	3	2	1	3	1	4	2	1	1	1	3	1	3	1	1	1	4	-1	4	3	3	1	3	1	2	1	2	2	1	3	2	3	1	1	3	1	3	1	4	3	3	1	1	3	1	1	1	3	3	1	-1	4	2	3	2	1	3	4	3
8252	Alc-0	0	0	0	0	0	0	0	0	0	0	0	0	0	0	0	1	1	3	3	1	4	3	3	2	1	3	1	4	2	1	1	1	3	1	3	1	1	1	4	-1	4	3	3	1	3	1	2	1	2	2	1	3	2	3	1	1	3	1	3	1	4	3	3	1	1	3	1	1	1	3	3	1	-1	4	2	3	2	1	3	4	3
8254	Ang-0	0	3	2	1	4	1	1	1	2	3	1	1	1	3	1	1	1	3	3	1	4	3	3	2	1	3	1	4	2	1	1	1	3	1	3	1	1	1	4	-1	4	3	3	1	3	1	2	1	2	2	1	3	2	3	1	1	3	1	3	1	4	3	3	1	1	3	1	1	1	3	3	1	-1	4	2	3	2	1	3	4	3
8255	App-1-4	0	3	2	1	4	1	1	1	2	3	1	1	1	3	1	1	1	3	3	1	4	3	3	2	1	3	1	4	2	1	1	1	3	1	3	1	1	1	4	-1	4	3	3	1	3	1	2	1	2	2	1	3	2	3	1	1	3	1	3	1	4	3	3	1	1	3	1	1	1	3	3	1	-1	4	2	3	2	1	1	4	3
8256	Bå-1-2	0	3	2	1	4	1	1	1	2	3	1	1	1	3	1	1	1	3	3	1	4	3	3	2	1	3	1	4	2	1	1	1	3	1	3	1	1	1	4	-1	4	3	3	1	3	1	2	1	2	2	1	3	2	3	1	1	3	1	3	1	4	3	3	1	1	3	1	1	1	3	3	1	-1	4	2	3	2	1	3	4	3
8257	Bå-3-3	3	3	2	1	4	1	1	1	2	3	1	1	1	3	1	1	1	3	3	1	4	3	3	2	1	3	1	4	2	1	1	1	3	1	3	1	1	1	4	-1	4	3	3	1	3	1	2	1	2	2	1	3	2	3	1	1	3	1	3	1	4	3	3	1	1	3	1	1	1	3	3	1	-1	4	2	3	2	1	3	4	3
8258	Bå-4-1	0	0	0	0	0	0	1	1	2	3	1	1	1	3	1	1	1	3	3	1	4	3	3	2	1	3	1	4	2	1	1	1	3	1	3	1	1	1	4	-1	4	3	3	1	3	1	2	1	2	2	1	3	2	3	1	1	3	1	3	1	4	3	3	1	1	3	1	1	1	3	3	1	-1	4	2	3	2	1	3	4	3
8259	Bå-5-1	3	3	2	1	4	1	1	1	2	3	1	1	1	3	1	1	1	3	3	1	4	3	3	2	1	3	1	4	2	1	1	1	3	1	3	1	1	1	4	-1	4	3	3	1	3	1	2	1	2	2	1	3	2	3	1	1	3	1	3	1	4	3	3	1	1	3	1	1	1	3	3	1	-1	4	2	3	2	1	3	4	3
8264	Bla-1	0	0	0	0	0	1	1	1	2	3	1	1	1	3	1	1	1	3	3	1	4	3	3	2	1	3	1	4	2	1	1	1	3	1	3	1	1	1	4	-1	4	3	3	1	3	1	2	1	2	2	1	3	2	3	1	1	3	1	3	1	4	3	3	1	1	3	1	1	1	3	3	1	-1	4	2	3	2	1	3	4	3
8265	Blh-1	0	3	2	1	4	1	1	1	2	3	1	1	1	3	1	1	1	3	3	1	4	3	3	2	1	3	1	4	2	1	1	1	3	1	3	1	1	1	4	-1	4	3	3	1	3	1	2	1	2	2	1	3	2	3	1	1	3	1	3	1	4	3	3	1	1	3	1	1	1	3	3	1	-1	4	2	1	2	1	3	4	3
8266	Boo-2-1	3	3	2	1	4	3	1	1	2	3	1	1	1	3	1	1	1	3	3	1	4	3	3	2	1	3	1	4	2	1	1	3	3	1	3	1	1	1	4	-1	4	3	3	1	3	1	2	1	2	2	1	3	2	3	1	1	3	1	3	1	4	3	3	1	1	3	1	1	1	3	3	1	-1	4	2	3	2	1	3	4	3
8270	Bs-1	3	3	2	1	4	1	1	1	2	3	1	1	1	3	1	1	1	3	3	1	4	3	3	2	1	3	1	4	2	1	1	1	3	1	3	1	1	1	4	-1	4	3	3	1	3	1	2	1	2	2	1	3	2	3	1	1	3	1	3	1	4	3	3	1	1	3	1	1	1	3	3	1	-1	4	2	3	2	1	1	4	3
8271	Bu-0	3	3	2	1	4	1	1	1	2	3	1	1	1	3	1	1	1	3	3	1	4	3	3	2	1	3	1	4	2	1	1	1	3	1	3	1	1	1	4	-1	4	3	3	1	3	1	2	1	2	2	1	3	2	3	1	1	3	1	3	1	4	3	3	1	1	3	1	1	1	3	3	1	-1	4	2	1	2	1	3	4	3
8274	Can-0	0	0	0	0	0	0	0	0	0	0	0	0	0	0	0	0	0	0	0	0	0	0	0	0	0	0	0	0	0	0	0	0	0	0	0	0	0	0	0	0	0	0	0	0	0	0	0	0	0	2	1	3	2	3	1	1	3	1	3	1	4	3	3	1	1	3	1	1	1	3	3	1	-1	4	2	3	2	1	3	4	3
8275	Cen-0	3	3	2	1	4	1	1	1	2	3	1	1	1	3	1	1	1	3	3	1	4	3	3	2	1	3	1	4	2	1	1	1	3	1	3	1	1	1	4	-1	4	3	3	1	3	1	2	1	2	2	1	3	2	3	1	1	3	1	3	1	4	3	3	1	1	3	1	1	1	3	3	1	-1	4	2	3	2	1	1	4	3
8278	Co	3	3	2	1	4	1	1	1	2	3	1	1	1	3	1	1	1	3	3	1	4	3	3	2	1	3	1	4	2	1	1	1	3	1	3	1	1	1	4	-1	4	3	3	1	3	1	2	1	2	2	1	3	2	3	1	1	3	1	3	1	4	3	-1	1	1	3	1	1	1	3	3	1	-1	4	2	3	3	1	3	4	3
8282	Di-0	0	0	0	0	0	1	1	1	2	3	1	1	1	3	1	1	1	3	3	1	4	3	3	2	1	3	1	4	2	1	1	1	3	1	3	1	1	1	4	-1	4	3	3	1	3	1	2	1	2	2	1	3	2	3	1	1	3	1	3	1	4	3	3	1	1	3	1	1	1	3	3	1	-1	4	2	3	2	1	3	4	3
8283	Dra-3-1	0	0	0	0	0	0	1	1	2	3	1	1	1	3	1	1	1	3	3	1	4	3	3	2	1	3	1	4	2	1	1	1	3	1	3	1	1	1	4	-1	4	3	3	1	3	1	2	1	2	2	1	3	2	3	1	1	3	1	3	1	4	3	3	1	1	3	1	1	1	3	3	1	-1	4	2	3	2	1	3	4	3
8284	DraII-1	3	3	2	1	4	1	1	1	2	3	1	1	1	3	1	1	1	3	3	1	4	3	3	2	1	3	1	4	2	1	1	1	3	1	3	1	1	1	4	-1	4	3	3	1	3	1	2	1	2	2	1	3	2	3	1	1	3	1	3	1	4	3	3	1	1	3	1	1	1	3	3	1	-1	4	2	3	2	1	3	4	3
8285	DraIII-1	0	0	0	0	0	0	1	1	2	3	1	1	1	3	1	1	1	3	3	1	4	3	3	2	1	3	1	4	2	1	1	1	3	1	3	1	1	1	4	-1	4	3	3	1	3	1	2	1	2	2	1	3	2	3	1	1	3	1	3	1	4	3	3	1	1	3	1	1	1	3	3	1	-1	4	2	3	2	1	3	4	3
8290	En-1	0	3	2	1	4	1	1	1	2	3	1	1	1	3	1	1	1	3	3	1	4	3	3	2	1	3	1	4	2	1	1	1	3	1	3	1	1	1	4	-1	4	3	3	1	3	1	2	1	2	2	1	3	2	3	1	1	3	1	3	1	4	3	3	1	1	3	1	1	1	3	3	1	-1	4	2	3	2	1	1	4	3
8296	Gd-1	0	0	0	0	0	0	1	1	2	3	1	1	1	3	1	1	1	3	3	1	4	3	3	2	1	3	1	4	2	1	1	1	3	1	3	1	1	1	4	-1	4	3	3	1	3	1	2	1	2	2	1	3	2	3	1	1	3	1	3	1	4	3	3	1	1	3	1	1	1	3	3	1	-1	4	2	1	2	1	3	4	3
8297	Ge-0	0	3	2	1	4	1	1	1	2	3	1	1	1	3	1	1	1	3	3	1	4	3	3	2	1	3	1	4	2	1	1	1	3	1	3	1	1	1	4	-1	4	3	3	1	3	1	2	1	2	2	1	3	2	3	1	1	3	1	3	1	4	3	3	1	1	3	1	1	1	3	3	1	-1	4	4	3	2	1	3	4	3
8300	Gr-1	3	3	2	1	4	1	1	1	2	3	1	1	1	3	1	1	1	3	3	1	4	3	3	2	1	3	1	4	2	1	1	1	3	1	3	1	1	1	4	-1	4	3	3	1	3	1	2	1	2	2	1	3	2	3	1	1	3	1	3	1	4	3	3	1	1	3	1	1	1	3	3	1	-1	4	2	3	2	1	1	4	3
8303	H55	0	0	0	0	0	0	0	0	0	0	0	0	0	0	0	0	0	0	0	0	0	0	0	0	0	0	0	0	0	0	0	0	0	0	0	0	0	0	0	0	0	0	0	0	0	0	0	0	0	0	0	0	0	0	0	0	0	0	0	0	0	0	0	0	0	0	0	0	0	0	0	0	0	0	0	0	0	0	0	0	0
8304	Hi-0	0	0	0	0	0	0	0	0	0	0	0	0	0	0	0	0	0	0	0	0	0	0	0	0	0	0	0	0	0	0	0	0	0	0	0	0	0	0	0	0	0	0	0	0	0	0	0	0	0	0	0	0	0	0	0	0	0	0	0	0	0	0	0	0	0	0	0	0	0	0	0	0	0	0	0	0	0	0	0	0	0
8305	Hov-2-2	3	3	2	1	4	1	1	1	2	3	1	1	1	3	1	1	1	3	3	1	4	3	3	2	1	3	1	4	2	1	1	1	3	1	3	1	1	1	4	-1	4	3	3	1	3	1	2	1	2	2	1	3	2	3	1	1	3	1	3	1	4	3	3	1	1	3	1	1	1	3	3	1	-1	4	2	3	2	1	3	4	3
8306	Hov-4-1	0	3	2	1	4	1	1	1	2	3	1	1	1	3	1	1	1	3	3	1	4	3	3	2	1	3	1	4	2	1	1	1	3	1	3	1	1	1	4	-1	4	3	3	1	3	1	2	1	2	2	1	3	2	3	1	1	3	1	3	1	4	3	3	1	1	3	1	1	1	3	3	1	-1	4	2	3	2	1	3	4	3
8307	Hovdala-6	3	3	2	1	4	1	1	1	2	3	1	1	1	3	1	1	1	3	3	1	4	3	3	2	1	3	1	4	2	1	1	1	3	1	3	1	1	1	4	-1	4	3	3	1	3	1	2	1	2	2	1	3	2	3	1	1	3	1	3	1	4	3	3	1	1	3	1	1	1	3	3	1	-1	4	2	3	2	1	3	4	3
8310	Hs-0	0	0	0	0	0	0	0	0	0	0	0	0	0	0	0	0	1	3	3	1	4	3	3	2	1	3	1	4	2	1	1	1	3	1	3	1	1	1	4	-1	4	3	3	1	3	1	2	1	2	2	1	3	2	3	1	1	3	1	3	1	4	3	3	1	1	3	1	1	1	3	3	1	-1	4	2	1	2	1	3	4	3
8311	In-0	3	3	2	1	4	1	1	1	2	3	1	1	1	3	1	1	1	3	3	1	4	3	3	2	1	3	1	4	2	1	1	3	3	1	3	1	1	1	4	-1	4	3	3	1	3	1	2	1	2	2	1	3	2	3	1	1	3	1	3	1	4	3	3	1	1	3	1	1	1	3	3	1	-1	4	2	3	2	1	3	4	3
8312	Is-0	0	3	2	1	4	1	1	1	2	3	1	1	1	3	1	1	1	3	3	1	4	3	3	2	1	3	1	4	2	1	1	1	3	1	3	1	1	1	4	-1	4	3	3	1	3	1	2	1	2	2	1	3	2	3	1	1	3	1	3	1	4	3	3	1	1	3	1	1	1	3	3	1	-1	4	2	3	2	1	1	4	3
8313	Jm-0	0	3	2	1	4	1	1	1	2	3	1	1	1	3	1	1	1	3	3	1	4	3	3	2	1	3	1	4	2	1	1	1	3	1	3	1	1	1	4	-1	4	3	3	1	3	1	2	1	2	2	1	3	2	3	1	1	3	1	3	1	4	3	3	1	1	3	1	1	1	3	3	1	-1	4	2	3	2	1	1	4	3
8314	Ka-0	0	3	2	1	4	1	1	1	2	3	1	1	1	3	1	1	1	3	3	1	4	3	3	2	1	3	1	4	2	1	1	1	3	1	3	1	1	1	4	-1	4	3	3	1	3	1	2	1	2	2	1	3	2	3	1	1	3	1	3	1	4	3	3	1	1	3	1	1	1	3	3	1	-1	4	2	3	2	1	1	4	3
8323	Lc-0	3	3	2	1	4	1	1	1	4	4	4	4	2	4	-1	-1	4	4	-1	-1	-1	-1	-1	-1	-1	-1	-1	-1	-1	-1	-1	-1	-1	-1	-1	4	2	4	2	3	3	-1	-1	-1	-1	-1	3	4	3	-1	-1	-1	-1	4	2	-1	-1	-1	-1	-1	-1	-1	-1	-1	-1	-1	-1	2	4	1	4	4	3	4	2	3	2	1	3	4	3
8325	Lip-0	0	3	2	1	4	1	1	1	2	3	1	1	1	3	1	1	1	3	3	1	4	3	3	2	1	3	1	4	2	1	1	1	3	1	3	1	1	1	4	-1	4	3	3	1	3	1	2	1	2	2	1	3	2	3	1	1	3	1	3	1	4	3	3	1	1	3	1	1	1	3	3	1	-1	4	4	3	2	1	3	4	3
8326	Lis-1	0	0	0	0	0	1	1	1	2	3	1	1	1	3	1	1	1	3	3	1	4	3	3	2	1	3	1	4	2	1	1	1	3	1	3	1	1	1	4	-1	4	3	3	1	3	1	2	1	2	2	1	3	2	3	1	1	3	1	3	1	4	3	3	1	1	3	1	1	1	3	3	1	-1	4	2	3	2	1	3	4	3
8327	Lis-5	0	0	0	0	0	0	0	0	0	0	0	0	0	0	0	0	0	0	0	0	0	0	0	0	0	0	0	0	0	0	0	0	0	0	0	0	0	0	0	0	0	0	0	0	0	0	2	1	2	2	1	3	2	3	1	1	3	1	3	1	4	3	3	1	1	3	1	1	1	3	3	1	-1	4	2	3	2	1	3	4	3
8329	Lm-2	0	0	0	0	0	0	1	1	2	3	1	1	1	3	1	1	1	3	3	1	4	3	3	2	1	3	1	4	2	1	1	1	3	1	3	1	1	1	4	-1	4	3	3	1	3	1	2	1	2	2	1	3	2	3	1	1	3	1	3	1	4	3	3	1	1	3	1	1	1	3	3	1	-1	4	2	3	2	1	1	4	3
8334	Lu-1	0	0	0	0	0	1	1	1	2	3	1	1	1	3	1	1	1	3	3	1	4	3	3	2	1	3	1	4	2	1	1	1	3	1	3	1	1	1	4	-1	4	3	3	1	3	1	2	1	2	2	1	3	2	3	1	1	3	1	3	1	4	3	3	1	1	3	1	1	1	3	3	1	-1	4	2	3	2	1	0	4	3
8335	Lund	0	3	2	1	4	1	1	1	2	3	1	1	1	3	1	1	1	3	3	1	4	3	3	2	1	3	1	4	2	1	1	1	3	1	3	1	1	1	4	-1	4	3	3	1	3	1	2	1	2	2	1	3	2	3	1	1	3	1	3	1	4	3	3	1	1	3	1	1	1	3	3	1	-1	4	2	3	2	1	3	4	3
8337	Mir-0	0	0	0	0	0	0	0	0	0	0	0	0	0	0	0	0	0	0	0	0	0	0	0	0	0	0	0	0	0	0	0	0	0	0	0	0	0	0	0	0	0	0	0	0	0	0	0	0	0	0	0	0	0	0	0	0	0	0	0	0	0	0	0	0	0	0	0	0	0	0	0	0	0	0	0	0	0	0	0	0	0
8343	Na-1	0	0	0	0	0	1	1	1	2	3	1	1	1	3	1	1	1	3	3	1	4	3	3	2	1	3	1	4	2	1	1	1	3	1	3	1	1	1	4	-1	4	3	3	1	3	1	2	1	2	2	1	3	2	3	1	1	3	1	3	1	4	3	3	1	1	3	1	1	1	3	3	1	-1	4	2	3	2	1	1	4	3
8348	Nw-0	0	0	0	0	0	0	0	0	0	0	0	0	0	0	0	0	0	0	0	0	0	0	0	0	0	0	0	0	0	0	0	0	0	0	0	0	0	0	0	0	0	0	0	0	0	0	0	0	0	0	0	0	0	0	0	0	0	0	0	0	0	0	0	0	0	0	0	0	0	0	0	0	0	0	0	0	0	0	0	0	0
8351	Ost-0	0	3	2	1	4	1	1	1	2	3	1	1	1	3	1	1	1	3	3	1	4	3	3	2	1	3	1	4	2	1	1	1	3	1	3	1	1	1	4	-1	4	3	3	1	3	1	2	1	2	2	1	3	2	3	1	1	3	1	3	1	4	3	3	1	1	3	1	1	1	3	3	1	-1	4	2	3	2	1	3	4	3
8353	Pa-1	0	3	2	1	4	1	1	1	2	3	1	1	1	3	1	1	1	3	3	1	4	3	3	2	1	3	1	4	2	1	1	1	3	1	3	1	1	1	4	-1	4	3	3	1	3	1	2	1	2	2	1	3	2	3	1	1	3	1	3	1	4	3	3	1	1	3	1	1	1	3	3	1	-1	4	2	3	2	1	3	4	3
8354	Per-1	3	3	2	1	4	1	1	1	2	3	1	1	1	3	1	1	1	3	3	1	4	3	3	2	1	3	1	4	2	1	1	1	3	1	3	1	1	1	4	-1	4	3	3	1	3	1	2	1	2	2	1	3	2	3	1	1	3	1	3	1	4	3	3	1	1	3	1	1	1	3	3	1	-1	4	2	3	2	1	3	4	3
8355	Petergof	3	3	2	1	4	1	1	1	2	3	1	1	1	3	1	1	1	3	3	1	4	3	3	2	1	3	1	4	2	1	1	1	3	1	3	1	1	1	4	-1	4	3	3	1	3	1	2	1	2	2	1	3	2	3	1	1	3	1	3	1	4	3	3	1	1	3	1	1	1	3	3	1	-1	4	2	3	2	1	1	4	3
8356	Pi-0	3	3	2	1	4	1	1	1	2	3	1	1	1	3	1	1	1	3	3	1	4	3	3	2	1	3	1	4	2	1	1	1	3	1	3	1	1	1	4	-1	4	3	3	1	3	1	2	1	2	2	1	3	2	3	1	1	3	1	3	1	4	3	3	1	1	3	1	1	1	3	3	1	-1	4	2	3	2	1	3	4	3
8357	Pla-0	3	3	2	1	4	1	1	1	2	3	1	1	1	3	1	1	1	3	3	1	4	3	3	2	1	3	1	4	2	1	1	1	3	1	3	1	1	1	4	-1	4	3	3	1	3	1	2	1	2	2	1	3	2	3	1	1	3	1	3	1	4	3	3	1	1	3	1	1	1	3	3	1	-1	4	2	3	2	1	3	4	3
8365	Rak-2	0	0	0	0	0	0	0	0	0	0	0	0	0	0	0	0	0	0	0	0	0	0	0	0	0	0	0	0	0	0	0	0	0	0	0	0	0	0	0	0	0	0	0	0	0	0	0	0	0	0	0	0	0	0	0	0	0	0	0	0	0	0	0	0	0	0	0	0	0	0	0	0	0	0	0	0	0	0	0	0	0
8369	Rev-1	0	0	0	0	0	1	1	1	2	3	1	1	1	3	1	1	1	3	3	1	4	3	3	2	1	3	1	4	2	1	1	1	3	1	3	1	1	1	4	-1	4	3	3	1	3	1	2	1	2	2	1	3	2	3	1	1	3	1	3	1	4	3	3	1	1	3	1	1	1	3	3	1	-1	4	2	3	2	1	3	4	3
8374	Rsch-4	0	0	0	0	0	0	1	1	2	3	1	1	1	3	1	1	1	3	3	1	4	3	3	2	1	3	1	4	2	1	1	1	3	1	3	1	1	1	4	-1	4	3	3	1	3	1	2	1	2	2	1	3	2	3	1	1	3	1	3	1	4	3	3	1	1	3	1	1	1	3	3	1	-1	4	2	3	2	1	1	4	3
8375	Rubezhnoe-1	0	0	0	0	0	1	1	1	0	0	0	0	0	0	0	0	0	0	0	0	0	0	0	0	0	0	0	0	0	0	0	0	0	0	0	0	0	0	0	0	0	0	0	0	0	0	0	0	0	0	0	0	0	0	0	0	0	0	0	0	0	0	0	0	0	0	0	0	0	0	0	0	0	0	0	0	0	0	0	0	0
8376	Sanna-2	0	0	0	0	0	1	1	1	2	3	1	1	1	3	1	1	1	3	3	1	4	3	3	2	1	3	1	4	2	1	1	1	3	1	3	1	1	1	4	-1	4	3	3	1	3	1	2	1	2	2	1	3	2	3	1	1	3	1	3	1	4	3	3	1	1	3	1	1	1	3	3	1	-1	4	2	3	2	1	3	4	3
8377	Santa Clara	3	3	2	1	4	1	1	1	2	3	1	1	1	3	1	1	1	3	3	1	4	3	3	2	1	3	1	4	2	1	1	1	3	1	3	1	1	1	4	-1	4	3	3	1	3	1	2	1	2	2	1	3	2	3	1	1	3	1	3	1	4	3	3	1	1	3	1	1	1	3	3	1	-1	4	2	3	2	1	1	4	3
8378	Sap-0	3	3	2	1	4	1	1	1	2	3	1	1	1	3	1	1	1	3	3	1	4	3	3	2	1	3	1	4	2	1	1	3	3	1	3	1	1	1	4	-1	4	3	3	1	3	1	2	1	2	2	1	3	2	3	1	1	3	1	3	1	4	3	3	1	1	3	1	1	1	3	3	1	-1	4	2	3	2	1	3	4	3
8380	Sf-1	0	3	2	1	4	1	1	1	2	3	1	1	1	3	1	1	1	3	3	1	4	3	3	2	1	3	1	4	2	1	1	1	3	1	3	1	1	1	4	-1	4	3	3	1	3	1	2	1	2	2	1	3	2	3	1	1	3	1	3	1	4	3	3	1	1	3	1	1	1	3	3	1	-1	4	2	1	2	1	3	4	3
8386	Sr:5	3	3	2	1	4	1	1	1	2	3	1	1	1	3	1	1	1	3	3	1	4	3	3	2	1	3	1	4	2	1	1	1	3	1	3	1	1	1	4	-1	4	3	3	1	3	1	2	1	2	2	1	3	2	3	1	1	3	1	3	1	4	3	3	1	1	3	1	1	1	3	3	1	-1	4	4	3	2	1	3	4	3
8387	St-0	3	3	2	1	4	1	1	1	2	3	1	1	1	3	1	1	1	3	3	1	4	3	3	2	1	3	1	4	2	1	1	1	3	1	3	1	1	1	4	-1	4	3	3	1	3	1	2	1	2	2	1	3	2	3	1	1	3	1	3	1	4	3	3	1	1	3	1	1	1	3	3	1	-1	4	2	3	2	1	3	4	3
8388	Stw-0	3	3	2	1	4	3	1	1	2	3	1	1	1	3	1	1	1	3	3	1	4	3	3	2	1	3	1	4	2	1	1	3	3	1	3	1	1	1	4	-1	4	3	3	1	3	1	2	1	2	2	1	3	2	3	1	1	3	1	3	1	4	3	3	1	1	3	1	1	1	3	3	1	-1	4	2	3	2	1	3	4	3
8389	Ta-0	0	3	2	1	4	1	1	1	2	3	1	1	1	3	1	1	1	3	3	1	4	3	3	2	1	3	1	4	2	1	1	1	3	1	3	1	1	1	4	-1	4	3	3	1	3	1	2	1	2	2	1	3	2	3	1	1	3	1	3	1	4	3	3	1	1	3	1	1	1	3	3	1	-1	4	4	3	2	1	3	4	3
8395	Tu-0	0	3	2	1	4	1	1	1	2	3	1	1	1	3	1	1	1	3	3	1	4	3	3	2	1	3	1	4	2	1	1	1	3	1	3	1	1	1	4	-1	4	3	3	1	3	1	2	1	2	2	1	3	2	3	1	1	3	1	3	1	4	3	3	1	1	3	1	1	1	3	3	1	-1	4	2	3	2	1	1	4	3
8411	Rd-0	0	3	2	1	4	1	1	1	2	3	1	1	1	3	1	1	1	3	3	1	4	3	3	2	1	3	1	4	2	1	1	1	3	1	3	1	1	1	4	-1	4	3	3	1	3	1	2	1	2	2	1	3	2	3	1	1	3	1	3	1	4	3	3	1	1	3	1	1	1	3	3	1	-1	4	2	1	2	1	3	4	3
8419	Will	0	0	0	0	0	1	1	1	2	3	1	1	1	3	1	1	1	3	3	1	4	3	3	2	1	3	1	4	2	1	1	1	3	1	3	1	1	1	4	-1	4	3	3	1	3	1	2	1	2	2	1	3	2	3	1	1	3	1	3	1	4	3	3	1	1	3	1	1	1	3	3	1	-1	4	2	3	2	1	3	4	3
8424	Kas-2	0	3	2	1	4	1	1	1	2	3	1	1	1	3	1	1	1	3	3	1	4	3	3	2	1	3	1	4	2	1	1	1	3	1	3	1	1	1	4	-1	4	3	3	1	3	1	2	1	2	2	1	3	2	3	1	1	3	1	3	1	4	3	3	1	1	3	1	1	1	3	3	1	-1	4	2	3	2	1	3	4	3
